Symbol,Maturity,Current Price,Trend,Trend Score,Composite Score,Belief Quality,Quantiment (%),Sentiment,Reference Return (%),Risk,Safety,Safety Score,Healthy Score,Reference Rating,Reference State,Strategic Signal,sharpRatio,Summary,Reference Prices,Category signal,ret_1d,ret_7d,ret_14d,ret_30d,cum_ret,vol_7d,vol_14d,vol_30d,mdd,win,loss,avg_ret,avg_up,avg_down,ret_w,ret_2w,ret_m,score,grade,level,ret_score,risk_score,stability_score,payoff,Safety Band,Health Band,Investor Type,Current Stance,Portfolio Role,Risk Label,Investor Fit Score,Interpretation
MMM,MATURE,141.56,Downward,-1,-1.58,10,42.74,Neutral,-1.45,Low Risk,Mediate,65.3,8.3,D,Underweight,Conservative Allocation,0.069245883,"WATCHLIST: Reference return -1.5%, Safety 65.3/100, Risk: Low Risk","Risk Reference Prices (Current: 141.56) | Lower Warning: 134.48, Lower Danger: 127.4, Upper Warning: 148.64, Upper Danger: 155.72",WATCHLIST,-0.0066,-0.0226,-0.072,0.0025,0.0239,0.015,0.0152,0.0162,-0.1877,0.512,0.484,0.0002,0.0124,-0.0126,-0.0066,-0.0303,-0.0339,34.6269,E,1,6.2165,20.5968,7.8136,0.9811,Defensive,Fragile,Conservative,High Risk Tactical Only,Core Allocation,Low Risk | Defensive | Fragile,32.17,"Suitable for lower-risk investors seeking relatively stable core exposure. Current profile is only suitable for tactical, high-risk participation."
AOS,MATURE,58.86,Downward,-1,-1.39,30,40.09,Neutral,-1.9,Low Risk,Mediate,53.2,10.6,D,Underweight,Conservative Allocation,-0.538421158,"WATCHLIST: Reference return -1.9%, Safety 53.2/100, Risk: Low Risk","Risk Reference Prices (Current: 58.86) | Lower Warning: 55.92, Lower Danger: 52.97, Upper Warning: 61.8, Upper Danger: 64.75",WATCHLIST,-0.0247,-0.0906,-0.1156,-0.0764,-0.1206,0.0113,0.019,0.0197,-0.2644,0.472,0.528,-0.0004,0.0124,-0.0118,-0.0247,-0.0805,-0.0482,21.2625,E,1,1.0703,13.513,6.6792,1.0497,Defensive,Weak,Moderately Conservative,High Risk Tactical Only,Core Allocation,Low Risk | Defensive | Weak,31.83,"Suitable as a relatively stable core risk asset, but current conditions require caution. Current profile is only suitable for tactical, high-risk participation."
ABT,MATURE,87.54,Downward,-1,-1.86,40,41.0,Neutral,-1.42,Low Risk,Mediate,45.0,8.5,D,Underweight,Conservative Allocation,-1.736980042,"WATCHLIST: Reference return -1.4%, Safety 45.0/100, Risk: Low Risk","Risk Reference Prices (Current: 87.54) | Lower Warning: 83.16, Lower Danger: 78.79, Upper Warning: 91.92, Upper Danger: 96.29",WATCHLIST,-0.0215,-0.0534,-0.1283,-0.1647,-0.3263,0.0168,0.0218,0.0167,-0.3531,0.476,0.524,-0.0015,0.009,-0.0109,-0.0215,-0.0394,-0.0358,16.0882,E,1,0.6415,10.2418,5.2049,0.8193,Caution,Fragile,Moderately Conservative,High Risk Tactical Only,Core Allocation,Low Risk | Caution | Fragile,28.75,"Suitable as a relatively stable core risk asset, but current conditions require caution. Current profile is only suitable for tactical, high-risk participation."
ABBV,MATURE,208.16,Downward,-1,0.91,50,47.09,Neutral,-0.79,Low Risk,Mediate,65.5,38.7,C,Caution,Risk Mitigation,0.334777775,"WATCHLIST: Reference return -0.8%, Safety 65.5/100, Risk: Low Risk","Risk Reference Prices (Current: 208.16) | Lower Warning: 197.75, Lower Danger: 187.34, Upper Warning: 218.57, Upper Danger: 228.98",WATCHLIST,0.0076,0.0359,-0.0018,0.0235,0.0962,0.0218,0.0178,0.0165,-0.1732,0.512,0.484,0.0005,0.0116,-0.0113,0.0076,0.0476,-0.015,45.5382,D,2,15.3575,21.9806,8.2001,1.0306,Defensive,Acceptable,Conservative,Defensive Hold,Core Allocation,Low Risk | Defensive | Acceptable,54.02,Suitable for lower-risk investors seeking relatively stable core exposure. Current conditions suggest a defensive stance rather than active accumulation.
ACN,MATURE,180.12,Downward,-1,-2.81,20,49.41,Neutral,-2.7,Low Risk,Caution,29.6,-0.4,D,Underweight,Conservative Allocation,-1.52233314,"WATCHLIST: Reference return -2.7%, Safety 29.6/100, Risk: Low Risk","Risk Reference Prices (Current: 180.12) | Lower Warning: 171.11, Lower Danger: 162.11, Upper Warning: 189.13, Upper Danger: 198.13",WATCHLIST,0.0016,0.0103,-0.0538,-0.0917,-0.4067,0.008,0.0205,0.0236,-0.4451,0.472,0.524,-0.0019,0.0141,-0.0162,0.0016,0.0099,0.0079,18.3992,E,1,3.9889,9.0692,5.3411,0.8669,Caution,Fragile,Moderately Conservative,Avoid / Too Fragile,Core Allocation,Low Risk | Caution | Fragile,16.16,"Suitable as a relatively stable core risk asset, but current conditions require caution. Current profile appears too fragile for normal allocation."
ADBE,MATURE,253.96,Downward,-1,1.18,65,53.25,Neutral,-1.58,Low Risk,Caution,23.8,36.3,C,Caution,Risk Mitigation,-1.26705645,"WATCHLIST: Reference return -1.6%, Safety 23.8/100, Risk: Low Risk","Risk Reference Prices (Current: 253.96) | Lower Warning: 241.26, Lower Danger: 228.56, Upper Warning: 266.66, Upper Danger: 279.36",WATCHLIST,0.013,0.0627,0.0774,0.0234,-0.3335,0.0168,0.0272,0.0263,-0.4643,0.496,0.5,-0.0014,0.013,-0.0158,0.013,0.0347,0.0319,32.3694,E,1,17.5069,8.799,6.0635,0.8261,Risky,Acceptable,Moderately Conservative,Watch / DCA Only,Core Allocation,Low Risk | Risky | Acceptable,42.24,"Suitable as a relatively stable core risk asset, but current conditions require caution. Current weakness suggests observation or gradual accumulation only."
AMD,MATURE,341.54,Upward,1,3.11,75,67.69,Bullish,3.38,Low Risk,Caution,28.7,54.7,C+,Watchlist,Double Check,2.269311072,"ATTENTION: Reference return 3.4%, Safety 28.7/100, Risk: Low Risk","Risk Reference Prices (Current: 341.54) | Lower Warning: 324.46, Lower Danger: 307.39, Upper Warning: 358.62, Upper Danger: 375.69",ATTENTION,-0.0527,0.1186,0.339,0.6964,2.3954,0.0674,0.0516,0.0424,-0.2776,0.556,0.444,0.0056,0.0288,-0.0235,-0.0527,-0.018,-0.0365,71.3514,C,3,49.5675,9.9668,11.8171,1.2288,Caution,Strong,Moderately Conservative,Selective Exposure,Core Allocation,Low Risk | Caution | Strong,57.25,"Suitable as a relatively stable core risk asset, but current conditions require caution. Current setup allows selective exposure under controlled sizing."
AES,MATURE,14.28,Downward,-1,2.89,65,45.93,Neutral,0.03,Low Risk,Safe,74.4,52.7,C+,Watchlist,Double Check,0.96731581,"WATCHLIST: Reference return 0.0%, Safety 74.4/100, Risk: Low Risk","Risk Reference Prices (Current: 14.28) | Lower Warning: 13.57, Lower Danger: 12.85, Upper Warning: 14.99, Upper Danger: 15.71",WATCHLIST,0.0,-0.003,0.0039,0.0253,0.4634,0.0008,0.002,0.0031,-0.2327,0.516,0.444,0.0019,0.0179,-0.0164,0.0,-0.0023,0.0004,47.5876,D,2,22.1002,16.6147,8.8726,1.0904,Defensive,Strong,Conservative,Defensive Hold,Core Allocation,Low Risk | Defensive | Strong,68.42,Suitable for lower-risk investors seeking relatively stable core exposure. Current conditions suggest a defensive stance rather than active accumulation.
AFL,MATURE,113.33,Upward,1,1.28,75,49.66,Neutral,0.02,Low Risk,Safe,80.0,49.8,C+,Watchlist,Double Check,0.391504263,"WATCHLIST: Reference return 0.0%, Safety 80.0/100, Risk: Low Risk","Risk Reference Prices (Current: 113.33) | Lower Warning: 107.66, Lower Danger: 102.0, Upper Warning: 119.0, Upper Danger: 124.66",WATCHLIST,0.004,-0.0155,0.0124,0.0669,0.0949,0.011,0.0095,0.0105,-0.0911,0.508,0.492,0.0004,0.0085,-0.008,0.004,-0.0113,-0.003,51.4422,D,2,15.5279,27.5572,8.3572,1.0716,Safe,Strong,Conservative,Selective Exposure,Core Allocation,Low Risk | Safe | Strong,67.36,Suitable for lower-risk investors seeking relatively stable core exposure. Current setup allows selective exposure under controlled sizing.
A,MATURE,112.18,Downward,-1,-1.01,45,49.74,Neutral,-1.44,Low Risk,Mediate,48.5,16.8,D,Underweight,Conservative Allocation,0.15626017,"WATCHLIST: Reference return -1.4%, Safety 48.5/100, Risk: Low Risk","Risk Reference Prices (Current: 112.18) | Lower Warning: 106.57, Lower Danger: 100.96, Upper Warning: 117.79, Upper Danger: 123.4",WATCHLIST,-0.0204,-0.0196,-0.0682,0.0102,0.0437,0.0224,0.0227,0.0196,-0.2975,0.504,0.496,0.0003,0.014,-0.0136,-0.0204,-0.0292,-0.0292,26.838,E,1,7.2832,11.6824,7.8724,1.0341,Caution,Weak,Moderately Conservative,Watch / DCA Only,Core Allocation,Low Risk | Caution | Weak,36.21,"Suitable as a relatively stable core risk asset, but current conditions require caution. Current weakness suggests observation or gradual accumulation only."
APD,MATURE,298.35,Upward,1,0.97,65,52.12,Neutral,0.76,Low Risk,Mediate,68.0,44.7,C,Caution,Risk Mitigation,0.443384186,"WATCHLIST: Reference return 0.8%, Safety 68.0/100, Risk: Low Risk","Risk Reference Prices (Current: 298.35) | Lower Warning: 283.43, Lower Danger: 268.52, Upper Warning: 313.27, Upper Danger: 328.19",WATCHLIST,-0.009,-0.0175,0.0058,0.0684,0.1254,0.0054,0.0106,0.0101,-0.2239,0.5,0.5,0.0006,0.0113,-0.0101,-0.009,-0.0113,-0.0057,42.1626,D,2,16.5136,17.2591,8.3898,1.1172,Defensive,Strong,Conservative,Selective Exposure,Core Allocation,Low Risk | Defensive | Strong,59.6,Suitable for lower-risk investors seeking relatively stable core exposure. Current setup allows selective exposure under controlled sizing.
ABNB,MATURE,138.86,Upward,1,0.98,65,58.01,Neutral,0.74,Low Risk,Mediate,59.8,44.0,C,Caution,Risk Mitigation,0.373871834,"WATCHLIST: Reference return 0.7%, Safety 59.8/100, Risk: Low Risk","Risk Reference Prices (Current: 138.86) | Lower Warning: 131.92, Lower Danger: 124.97, Upper Warning: 145.8, Upper Danger: 152.75",WATCHLIST,-0.0198,-0.0212,0.0374,0.0805,0.1119,0.0122,0.0151,0.0214,-0.2154,0.54,0.46,0.0006,0.0133,-0.0143,-0.0198,-0.0277,-0.0107,45.0867,D,2,18.8514,17.5499,8.6854,0.9294,Defensive,Strong,Moderately Conservative,Selective Exposure,Core Allocation,Low Risk | Defensive | Strong,57.13,"Suitable as a relatively stable core risk asset, but current conditions require caution. Current setup allows selective exposure under controlled sizing."
AKAM,MATURE,105.78,Upward,1,1.38,60,47.4,Neutral,2.49,Low Risk,Caution,25.2,40.2,C,Caution,Risk Mitigation,0.683392538,"WATCHLIST: Reference return 2.5%, Safety 25.2/100, Risk: Low Risk","Risk Reference Prices (Current: 105.78) | Lower Warning: 100.49, Lower Danger: 95.2, Upper Warning: 111.07, Upper Danger: 116.36",WATCHLIST,0.0184,0.0998,0.1907,-0.0425,0.2729,0.0198,0.0238,0.0434,-0.2544,0.536,0.46,0.0014,0.0177,-0.0177,0.0184,0.1106,0.0272,52.3093,D,2,31.933,11.3267,9.0497,1.0021,Caution,Strong,Moderately Conservative,Selective Exposure,Core Allocation,Low Risk | Caution | Strong,43.07,"Suitable as a relatively stable core risk asset, but current conditions require caution. Current setup allows selective exposure under controlled sizing."
ALB,MATURE,190.69,Upward,1,1.53,75,55.63,Neutral,1.25,Mediate Risk,Caution,28.2,43.9,C,Caution,Risk Mitigation,2.226568741,"WATCHLIST: Reference return 1.2%, Safety 28.2/100, Risk: Mediate Risk","Risk Reference Prices (Current: 190.69) | Lower Warning: 181.16, Lower Danger: 171.62, Upper Warning: 200.22, Upper Danger: 209.76",WATCHLIST,-0.0165,-0.0127,0.0044,0.2169,2.3489,0.0409,0.0589,0.0462,-0.2005,0.564,0.432,0.0056,0.0313,-0.0279,-0.0165,0.0125,-0.0306,60.2766,C,3,33.3874,15.6954,11.1938,1.1208,Caution,Strong,Balanced Growth,Selective Exposure,Growth Allocation,Mediate Risk | Caution | Strong,48.68,Suitable for investors seeking a balance between upside potential and manageable volatility. Current setup allows selective exposure under controlled sizing.
ARE,MATURE,41.14,Downward,-1,-2.87,30,40.4,Neutral,-2.77,High Risk,Caution,12.9,-3.2,D,Underweight,Conservative Allocation,-1.110586017,"WATCHLIST: Reference return -2.8%, Safety 12.9/100, Risk: High Risk","Risk Reference Prices (Current: 41.14) | Lower Warning: 39.08, Lower Danger: 37.03, Upper Warning: 43.2, Upper Danger: 45.25",WATCHLIST,-0.006,-0.113,-0.0936,-0.1182,-0.4035,0.0482,0.0383,0.0327,-0.5161,0.548,0.452,-0.0017,0.0152,-0.0222,-0.006,-0.1321,0.0156,16.0122,E,1,0.3239,8.0379,7.6503,0.6852,Risky,Fragile,Speculative,Avoid / Too Fragile,Tactical Satellite Position,High Risk | Risky | Fragile,9.92,Suitable only for high-risk tactical or speculative positioning. Current profile appears too fragile for normal allocation.
ALGN,MATURE,171.88,Upward,1,-0.77,35,46.49,Neutral,-0.17,Low Risk,Caution,33.6,13.4,D,Underweight,Conservative Allocation,0.165140445,"WATCHLIST: Reference return -0.2%, Safety 33.6/100, Risk: Low Risk","Risk Reference Prices (Current: 171.88) | Lower Warning: 163.29, Lower Danger: 154.69, Upper Warning: 180.47, Upper Danger: 189.07",WATCHLIST,-0.0393,-0.0985,-0.0694,-0.0075,-0.0323,0.0219,0.0217,0.0268,-0.3973,0.52,0.48,0.0005,0.0188,-0.0193,-0.0393,-0.0935,-0.0235,20.547,E,1,3.4076,9.0268,8.1127,0.9731,Caution,Weak,Moderately Conservative,High Risk Tactical Only,Core Allocation,Low Risk | Caution | Weak,28.75,"Suitable as a relatively stable core risk asset, but current conditions require caution. Current profile is only suitable for tactical, high-risk participation."
ALLE,MATURE,132.49,Downward,-1,-2.27,20,42.79,Neutral,-1.22,Low Risk,Mediate,50.9,4.3,D,Underweight,Conservative Allocation,-0.265810751,"WATCHLIST: Reference return -1.2%, Safety 50.9/100, Risk: Low Risk","Risk Reference Prices (Current: 132.49) | Lower Warning: 125.87, Lower Danger: 119.24, Upper Warning: 139.11, Upper Danger: 145.74",WATCHLIST,-0.0221,-0.1013,-0.0988,-0.0702,-0.0526,0.0275,0.0243,0.0201,-0.2602,0.504,0.496,-0.0001,0.0103,-0.0107,-0.0221,-0.0932,-0.0363,22.8896,E,1,1.7696,13.7761,7.3439,0.9659,Defensive,Fragile,Moderately Conservative,Avoid / Too Fragile,Core Allocation,Low Risk | Defensive | Fragile,25.71,"Suitable as a relatively stable core risk asset, but current conditions require caution. Current profile appears too fragile for normal allocation."
LNT,MATURE,73.68,Upward,1,2.8,80,51.19,Neutral,1.4,Low Risk,Safe,82.4,60.2,B,Attention,Opportunity Confirmation,1.241265621,"ATTENTION: Reference return 1.4%, Safety 82.4/100, Risk: Low Risk","Risk Reference Prices (Current: 73.68) | Lower Warning: 70.0, Lower Danger: 66.31, Upper Warning: 77.36, Upper Danger: 81.05",ATTENTION,-0.0051,0.0221,0.0267,0.0804,0.246,0.0119,0.0119,0.0093,-0.0701,0.564,0.428,0.0009,0.0076,-0.0078,-0.0051,0.0266,0.0034,64.7686,C,3,26.5607,28.2431,9.9647,0.969,Safe,Strong,Conservative,Selective Exposure,Core Allocation,Low Risk | Safe | Strong,76.02,Suitable for lower-risk investors seeking relatively stable core exposure. Current setup allows selective exposure under controlled sizing.
ALL,MATURE,219.87,Upward,1,2.58,80,53.47,Neutral,-0.02,Low Risk,Safe,75.2,56.2,B,Attention,Opportunity Confirmation,0.435105182,"ATTENTION: Reference return -0.0%, Safety 75.2/100, Risk: Low Risk","Risk Reference Prices (Current: 219.87) | Lower Warning: 208.88, Lower Danger: 197.88, Upper Warning: 230.86, Upper Danger: 241.86",ATTENTION,0.0151,0.0153,0.0232,0.0693,0.1196,0.016,0.014,0.0135,-0.1148,0.532,0.468,0.0006,0.011,-0.0113,0.0151,0.0328,0.012,54.5394,D,2,19.4828,26.4088,8.6478,0.9727,Defensive,Strong,Conservative,Selective Exposure,Core Allocation,Low Risk | Defensive | Strong,71.98,Suitable for lower-risk investors seeking relatively stable core exposure. Current setup allows selective exposure under controlled sizing.
GOOGL,MATURE,383.25,Upward,1,1.74,85,56.09,Neutral,0.91,Low Risk,Mediate,54.5,51.9,C+,Watchlist,Double Check,2.879332956,"WATCHLIST: Reference return 0.9%, Safety 54.5/100, Risk: Low Risk","Risk Reference Prices (Current: 383.25) | Lower Warning: 364.09, Lower Danger: 344.92, Upper Warning: 402.41, Upper Danger: 421.58",WATCHLIST,-0.0063,0.1309,0.1512,0.2733,1.342,0.037,0.0281,0.0265,-0.2037,0.548,0.452,0.0036,0.0157,-0.0111,-0.0063,0.1128,-0.004,80.4624,B,4,49.1389,18.3126,13.0109,1.4123,Defensive,Strong,Moderately Conservative,Selective Exposure,Core Allocation,Low Risk | Defensive | Strong,62.35,"Suitable as a relatively stable core risk asset, but current conditions require caution. Current setup allows selective exposure under controlled sizing."
GOOG,MATURE,379.64,Upward,1,1.73,85,55.48,Neutral,0.85,Low Risk,Mediate,54.2,51.5,C+,Watchlist,Double Check,2.858056424,"WATCHLIST: Reference return 0.9%, Safety 54.2/100, Risk: Low Risk","Risk Reference Prices (Current: 379.64) | Lower Warning: 360.66, Lower Danger: 341.68, Upper Warning: 398.62, Upper Danger: 417.6",WATCHLIST,-0.0093,0.124,0.1484,0.2706,1.2942,0.0375,0.0284,0.0256,-0.2075,0.544,0.456,0.0035,0.0155,-0.0108,-0.0093,0.109,-0.006,80.0075,B,4,49.018,18.0035,12.986,1.4316,Defensive,Strong,Moderately Conservative,Selective Exposure,Core Allocation,Low Risk | Defensive | Strong,62.04,"Suitable as a relatively stable core risk asset, but current conditions require caution. Current setup allows selective exposure under controlled sizing."
MO,MATURE,73.41,Upward,1,1.43,75,49.47,Neutral,1.17,Low Risk,Mediate,63.4,49.3,C+,Watchlist,Double Check,1.164813232,"WATCHLIST: Reference return 1.2%, Safety 63.4/100, Risk: Low Risk","Risk Reference Prices (Current: 73.41) | Lower Warning: 69.74, Lower Danger: 66.07, Upper Warning: 77.08, Upper Danger: 80.75",WATCHLIST,-0.0153,0.0932,0.1187,0.1577,0.3124,0.0287,0.0228,0.0177,-0.164,0.548,0.444,0.0012,0.01,-0.0097,-0.0153,0.0976,0.0105,76.6997,B,4,44.1364,22.7512,9.8121,1.0329,Defensive,Strong,Conservative,Selective Exposure,Core Allocation,Low Risk | Defensive | Strong,61.75,Suitable for lower-risk investors seeking relatively stable core exposure. Current setup allows selective exposure under controlled sizing.
AMZN,MATURE,272.05,Upward,1,1.96,85,66.87,Bullish,1.51,Low Risk,Mediate,60.9,56.8,B,Attention,Opportunity Confirmation,1.264658728,"WATCHLIST: Reference return 1.5%, Safety 60.9/100, Risk: Low Risk","Risk Reference Prices (Current: 272.05) | Lower Warning: 258.45, Lower Danger: 244.85, Upper Warning: 285.65, Upper Danger: 299.26",WATCHLIST,0.0141,0.0665,0.0925,0.3247,0.4599,0.0149,0.0124,0.0195,-0.2174,0.564,0.436,0.0017,0.0139,-0.0141,0.0141,0.0305,0.0264,72.8294,B,4,45.2486,17.4817,10.0991,0.9868,Defensive,Strong,Conservative,Selective Exposure,Core Allocation,Low Risk | Defensive | Strong,67.69,Suitable for lower-risk investors seeking relatively stable core exposure. Current setup allows selective exposure under controlled sizing.
AMCR,MATURE,36.91,Downward,-1,-2.38,20,41.53,Neutral,-1.22,Low Risk,Mediate,47.6,3.1,D,Underweight,Conservative Allocation,-0.682291235,"WATCHLIST: Reference return -1.2%, Safety 47.6/100, Risk: Low Risk","Risk Reference Prices (Current: 36.91) | Lower Warning: 35.06, Lower Danger: 33.22, Upper Warning: 38.76, Upper Danger: 40.6",WATCHLIST,-0.0223,-0.0689,-0.1,-0.0358,-0.1853,0.0165,0.0188,0.0261,-0.2607,0.476,0.5,-0.0006,0.0126,-0.0133,-0.0223,-0.0524,-0.0297,20.8044,E,1,1.4643,13.2923,6.0477,0.9484,Caution,Fragile,Moderately Conservative,Avoid / Too Fragile,Core Allocation,Low Risk | Caution | Fragile,23.79,"Suitable as a relatively stable core risk asset, but current conditions require caution. Current profile appears too fragile for normal allocation."
AEE,MATURE,112.39,Upward,1,2.7,80,50.02,Neutral,1.25,Low Risk,Safe,80.2,59.1,B,Attention,Opportunity Confirmation,0.803757391,"ATTENTION: Reference return 1.2%, Safety 80.2/100, Risk: Low Risk","Risk Reference Prices (Current: 112.39) | Lower Warning: 106.77, Lower Danger: 101.15, Upper Warning: 118.01, Upper Danger: 123.63",ATTENTION,-0.0103,0.003,0.0047,0.0597,0.1616,0.0112,0.0126,0.0101,-0.079,0.556,0.444,0.0006,0.0074,-0.0078,-0.0103,0.0114,-0.0111,55.9675,D,2,18.5044,27.9724,9.4907,0.9477,Safe,Strong,Conservative,Selective Exposure,Core Allocation,Low Risk | Safe | Strong,74.55,Suitable for lower-risk investors seeking relatively stable core exposure. Current setup allows selective exposure under controlled sizing.
AEP,MATURE,134.66,Upward,1,2.81,80,51.21,Neutral,1.36,Low Risk,Safe,80.5,59.8,B,Attention,Opportunity Confirmation,1.33486619,"ATTENTION: Reference return 1.4%, Safety 80.5/100, Risk: Low Risk","Risk Reference Prices (Current: 134.66) | Lower Warning: 127.93, Lower Danger: 121.19, Upper Warning: 141.39, Upper Danger: 148.13",ATTENTION,-0.0164,-0.0031,-0.0059,0.0716,0.2952,0.0113,0.0114,0.0101,-0.0814,0.52,0.472,0.0011,0.0089,-0.0075,-0.0164,-0.0005,-0.0179,61.2426,C,3,23.4451,27.8994,9.8982,1.1884,Safe,Strong,Conservative,Selective Exposure,Core Allocation,Low Risk | Safe | Strong,75.26,Suitable for lower-risk investors seeking relatively stable core exposure. Current setup allows selective exposure under controlled sizing.
AXP,MATURE,319.21,Downward,-1,1.26,60,48.85,Neutral,-0.81,Low Risk,Mediate,58.6,42.2,C,Caution,Risk Mitigation,0.544856782,"WATCHLIST: Reference return -0.8%, Safety 58.6/100, Risk: Low Risk","Risk Reference Prices (Current: 319.21) | Lower Warning: 303.25, Lower Danger: 287.29, Upper Warning: 335.17, Upper Danger: 351.13",WATCHLIST,-0.0015,0.0021,-0.0237,0.0837,0.1601,0.014,0.0166,0.0163,-0.239,0.524,0.476,0.0007,0.0121,-0.0118,-0.0015,0.0163,-0.0119,43.8935,D,2,19.5197,15.6568,8.717,1.0278,Defensive,Strong,Moderately Conservative,Watch / DCA Only,Core Allocation,Low Risk | Defensive | Strong,55.2,"Suitable as a relatively stable core risk asset, but current conditions require caution. Current weakness suggests observation or gradual accumulation only."
AIG,MATURE,77.56,Downward,-1,0.54,60,49.73,Neutral,0.53,Low Risk,Mediate,66.3,38.9,C,Caution,Risk Mitigation,-0.249267012,"WATCHLIST: Reference return 0.5%, Safety 66.3/100, Risk: Low Risk","Risk Reference Prices (Current: 77.56) | Lower Warning: 73.68, Lower Danger: 69.8, Upper Warning: 81.44, Upper Danger: 85.32",WATCHLIST,-0.0154,0.0161,0.007,0.0426,-0.0451,0.0246,0.0188,0.0154,-0.1698,0.52,0.464,-0.0001,0.01,-0.0113,-0.0154,0.0322,0.0369,41.3139,E,1,11.5134,22.3425,7.458,0.8797,Defensive,Acceptable,Conservative,Defensive Hold,Core Allocation,Low Risk | Defensive | Acceptable,55.2,Suitable for lower-risk investors seeking relatively stable core exposure. Current conditions suggest a defensive stance rather than active accumulation.
AMT,MATURE,180.88,Downward,-1,1.12,65,50.7,Neutral,0.24,Low Risk,Mediate,57.8,42.7,C,Caution,Risk Mitigation,-0.813727501,"WATCHLIST: Reference return 0.2%, Safety 57.8/100, Risk: Low Risk","Risk Reference Prices (Current: 180.88) | Lower Warning: 171.84, Lower Danger: 162.79, Upper Warning: 189.92, Upper Danger: 198.97",WATCHLIST,-0.004,0.0104,0.0253,0.0334,-0.1622,0.0146,0.0165,0.0155,-0.2667,0.516,0.484,-0.0006,0.0103,-0.0122,-0.004,0.015,-0.01,31.1161,E,1,10.4926,13.5744,7.0491,0.8432,Defensive,Strong,Moderately Conservative,Watch / DCA Only,Core Allocation,Low Risk | Defensive | Strong,55.66,"Suitable as a relatively stable core risk asset, but current conditions require caution. Current weakness suggests observation or gradual accumulation only."
AWK,MATURE,126.85,Upward,1,-1.74,10,48.99,Neutral,0.46,Low Risk,Mediate,69.1,9.9,D,Underweight,Conservative Allocation,-0.643991758,"WATCHLIST: Reference return 0.5%, Safety 69.1/100, Risk: Low Risk","Risk Reference Prices (Current: 126.85) | Lower Warning: 120.51, Lower Danger: 114.16, Upper Warning: 133.19, Upper Danger: 139.54",WATCHLIST,-0.0042,-0.0602,-0.049,-0.0658,-0.1222,0.0107,0.0147,0.0142,-0.1609,0.504,0.496,-0.0004,0.0104,-0.0114,-0.0042,-0.0421,-0.0122,31.9629,E,1,1.8287,23.1821,6.9521,0.911,Defensive,Fragile,Conservative,High Risk Tactical Only,Core Allocation,Low Risk | Defensive | Fragile,34.2,"Suitable for lower-risk investors seeking relatively stable core exposure. Current profile is only suitable for tactical, high-risk participation."
AMP,MATURE,468.59,Downward,-1,2.41,65,50.05,Neutral,-0.41,Low Risk,Mediate,62.3,49.7,C+,Watchlist,Double Check,-0.100643931,"WATCHLIST: Reference return -0.4%, Safety 62.3/100, Risk: Low Risk","Risk Reference Prices (Current: 468.59) | Lower Warning: 445.16, Lower Danger: 421.73, Upper Warning: 492.02, Upper Danger: 515.45",WATCHLIST,0.003,0.0195,0.0143,0.0675,-0.016,0.0142,0.014,0.0158,-0.2087,0.548,0.452,0.0001,0.0105,-0.0126,0.003,0.0096,-0.0131,41.716,E,1,14.7851,18.5266,8.4043,0.8334,Defensive,Strong,Conservative,Defensive Hold,Core Allocation,Low Risk | Defensive | Strong,62.5,Suitable for lower-risk investors seeking relatively stable core exposure. Current conditions suggest a defensive stance rather than active accumulation.
AME,MATURE,230.43,Upward,1,1.18,65,47.37,Neutral,-0.05,Low Risk,Mediate,66.9,44.1,C,Caution,Risk Mitigation,1.359868524,"WATCHLIST: Reference return -0.1%, Safety 66.9/100, Risk: Low Risk","Risk Reference Prices (Current: 230.43) | Lower Warning: 218.91, Lower Danger: 207.39, Upper Warning: 241.95, Upper Danger: 253.47",WATCHLIST,-0.0002,-0.0194,-0.0168,0.1006,0.3621,0.0179,0.0169,0.018,-0.1357,0.5,0.488,0.0013,0.0114,-0.0089,-0.0002,-0.0108,-0.0215,60.6961,C,3,25.9918,24.9516,9.7527,1.2739,Defensive,Strong,Conservative,Selective Exposure,Core Allocation,Low Risk | Defensive | Strong,59.08,Suitable for lower-risk investors seeking relatively stable core exposure. Current setup allows selective exposure under controlled sizing.
AMGN,MATURE,323.85,Downward,-1,-1.42,10,42.61,Neutral,-0.43,Low Risk,Mediate,66.3,9.4,D,Underweight,Conservative Allocation,0.628735183,"WATCHLIST: Reference return -0.4%, Safety 66.3/100, Risk: Low Risk","Risk Reference Prices (Current: 323.85) | Lower Warning: 307.66, Lower Danger: 291.47, Upper Warning: 340.04, Upper Danger: 356.24",WATCHLIST,-0.0181,-0.0711,-0.0772,-0.0689,0.1926,0.0214,0.0174,0.015,-0.1657,0.516,0.484,0.0009,0.013,-0.0121,-0.0181,-0.0601,-0.0647,41.7052,E,1,10.2304,22.7283,8.7465,1.0754,Defensive,Fragile,Conservative,High Risk Tactical Only,Core Allocation,Low Risk | Defensive | Fragile,33.24,"Suitable for lower-risk investors seeking relatively stable core exposure. Current profile is only suitable for tactical, high-risk participation."
APH,MATURE,141.03,Upward,1,1.18,65,49.62,Neutral,0.6,Low Risk,Mediate,49.0,41.8,C,Caution,Risk Mitigation,1.609709784,"WATCHLIST: Reference return 0.6%, Safety 49.0/100, Risk: Low Risk","Risk Reference Prices (Current: 141.03) | Lower Warning: 133.98, Lower Danger: 126.93, Upper Warning: 148.08, Upper Danger: 155.13",WATCHLIST,-0.0089,-0.0609,-0.0517,0.1149,0.7716,0.0222,0.0192,0.0254,-0.2819,0.58,0.42,0.0026,0.0167,-0.0169,-0.0089,-0.058,-0.0424,49.1297,D,2,26.4242,12.0272,10.6784,0.9864,Caution,Strong,Moderately Conservative,Selective Exposure,Core Allocation,Low Risk | Caution | Strong,52.35,"Suitable as a relatively stable core risk asset, but current conditions require caution. Current setup allows selective exposure under controlled sizing."
ADI,MATURE,397.02,Upward,1,3.04,75,57.18,Neutral,2.1,Low Risk,Mediate,59.7,57.2,B,Attention,Opportunity Confirmation,2.398511969,"ATTENTION: Reference return 2.1%, Safety 59.7/100, Risk: Low Risk","Risk Reference Prices (Current: 397.02) | Lower Warning: 377.17, Lower Danger: 357.32, Upper Warning: 416.87, Upper Danger: 436.72",ATTENTION,-0.0017,-0.017,0.1389,0.2831,1.0386,0.0201,0.0257,0.0241,-0.1573,0.552,0.448,0.003,0.0154,-0.0122,-0.0017,-0.0064,-0.013,75.7317,B,4,40.8757,22.908,11.948,1.2627,Defensive,Strong,Moderately Conservative,Selective Exposure,Core Allocation,Low Risk | Defensive | Strong,67.62,"Suitable as a relatively stable core risk asset, but current conditions require caution. Current setup allows selective exposure under controlled sizing."
AON,MATURE,314.92,Downward,-1,-0.87,35,52.54,Neutral,-0.24,Low Risk,Mediate,63.1,19.3,D,Underweight,Conservative Allocation,-0.547146124,"WATCHLIST: Reference return -0.2%, Safety 63.1/100, Risk: Low Risk","Risk Reference Prices (Current: 314.92) | Lower Warning: 299.17, Lower Danger: 283.43, Upper Warning: 330.67, Upper Danger: 346.41",WATCHLIST,0.0109,-0.0241,-0.0225,-0.0303,-0.1099,0.015,0.0154,0.0184,-0.1742,0.508,0.488,-0.0004,0.01,-0.0111,0.0109,-0.0168,0.0132,32.6809,E,1,3.8562,21.7837,7.041,0.898,Defensive,Weak,Conservative,Watch / DCA Only,Core Allocation,Low Risk | Defensive | Weak,41.2,Suitable for lower-risk investors seeking relatively stable core exposure. Current weakness suggests observation or gradual accumulation only.
APA,MATURE,42.02,Upward,1,2.87,80,61.82,Bullish,4.12,Low Risk,Mediate,43.0,58.4,B,Attention,Opportunity Confirmation,2.44170675,"ATTENTION: Reference return 4.1%, Safety 43.0/100, Risk: Low Risk","Risk Reference Prices (Current: 42.02) | Lower Warning: 39.92, Lower Danger: 37.82, Upper Warning: 44.12, Upper Danger: 46.22",ATTENTION,0.0471,0.0869,0.1424,0.0816,1.8239,0.0268,0.0295,0.0342,-0.1949,0.528,0.468,0.0046,0.0258,-0.0193,0.0471,0.1137,0.0317,70.6752,C,3,40.8598,18.3076,11.5079,1.3336,Caution,Strong,Moderately Conservative,Selective Exposure,Core Allocation,Low Risk | Caution | Strong,62.93,"Suitable as a relatively stable core risk asset, but current conditions require caution. Current setup allows selective exposure under controlled sizing."
APO,MATURE,129.19,Downward,-1,2.66,60,55.17,Neutral,-1.25,Low Risk,Caution,39.6,45.6,C+,Watchlist,Double Check,0.013159009,"WATCHLIST: Reference return -1.2%, Safety 39.6/100, Risk: Low Risk","Risk Reference Prices (Current: 129.19) | Lower Warning: 122.73, Lower Danger: 116.27, Upper Warning: 135.65, Upper Danger: 142.11",WATCHLIST,-0.0097,0.0354,0.1252,0.1535,-0.021,0.0225,0.0239,0.0232,-0.3497,0.528,0.472,0.0002,0.0156,-0.0171,-0.0097,0.0397,0.0037,47.1185,D,2,29.1708,9.9034,8.0442,0.9136,Caution,Strong,Moderately Conservative,Watch / DCA Only,Core Allocation,Low Risk | Caution | Strong,53.71,"Suitable as a relatively stable core risk asset, but current conditions require caution. Current weakness suggests observation or gradual accumulation only."
AAPL,MATURE,276.83,Upward,1,2.82,80,52.58,Neutral,0.32,Low Risk,Mediate,69.4,56.0,B,Attention,Opportunity Confirmation,1.399841912,"ATTENTION: Reference return 0.3%, Safety 69.4/100, Risk: Low Risk","Risk Reference Prices (Current: 276.83) | Lower Warning: 262.99, Lower Danger: 249.15, Upper Warning: 290.67, Upper Danger: 304.51",ATTENTION,-0.0118,0.0124,0.0695,0.1163,0.3979,0.0161,0.0183,0.0153,-0.138,0.524,0.476,0.0014,0.0112,-0.0093,-0.0118,0.0213,0.0202,70.0495,C,3,34.8935,24.9263,10.2297,1.2057,Defensive,Strong,Conservative,Selective Exposure,Core Allocation,Low Risk | Defensive | Strong,70.4,Suitable for lower-risk investors seeking relatively stable core exposure. Current setup allows selective exposure under controlled sizing.
AMAT,MATURE,391.38,Upward,1,1.22,65,53.48,Neutral,2.18,Low Risk,Mediate,49.5,45.4,C+,Watchlist,Double Check,2.237470628,"WATCHLIST: Reference return 2.2%, Safety 49.5/100, Risk: Low Risk","Risk Reference Prices (Current: 391.38) | Lower Warning: 371.81, Lower Danger: 352.24, Upper Warning: 410.95, Upper Danger: 430.52",WATCHLIST,0.0059,-0.031,-0.0108,0.0961,1.554,0.0328,0.0245,0.0329,-0.2137,0.576,0.424,0.0042,0.0218,-0.0197,0.0059,-0.0615,-0.0079,54.5171,D,2,26.4384,16.601,11.4778,1.1021,Caution,Strong,Moderately Conservative,Selective Exposure,Core Allocation,Low Risk | Caution | Strong,54.09,"Suitable as a relatively stable core risk asset, but current conditions require caution. Current setup allows selective exposure under controlled sizing."
APP,MATURE,475.0,Downward,-1,2.97,65,58.91,Neutral,-1.52,Low Risk,Caution,13.9,42.7,C,Caution,Risk Mitigation,0.952081352,"WATCHLIST: Reference return -1.5%, Safety 13.9/100, Risk: Low Risk","Risk Reference Prices (Current: 475.00) | Lower Warning: 451.25, Lower Danger: 427.5, Upper Warning: 498.75, Upper Danger: 522.5",WATCHLIST,0.0326,0.0459,0.0957,0.0737,0.5737,0.0237,0.0341,0.0422,-0.4999,0.536,0.464,0.0028,0.0328,-0.0318,0.0326,0.0596,0.0642,51.9759,D,2,36.1487,6.5527,9.2745,1.0306,Risky,Strong,Moderately Conservative,Watch / DCA Only,Core Allocation,Low Risk | Risky | Strong,45.74,"Suitable as a relatively stable core risk asset, but current conditions require caution. Current weakness suggests observation or gradual accumulation only."
APTV,MATURE,59.53,Downward,-1,1.07,60,35.44,Bearish,-1.62,Low Risk,Mediate,45.3,36.2,C,Caution,Risk Mitigation,0.099398987,"WATCHLIST: Reference return -1.6%, Safety 45.3/100, Risk: Low Risk","Risk Reference Prices (Current: 59.53) | Lower Warning: 56.55, Lower Danger: 53.58, Upper Warning: 62.51, Upper Danger: 65.48",WATCHLIST,-0.0159,-0.0146,0.0078,-0.1258,0.0128,0.0173,0.0175,0.0294,-0.3513,0.48,0.52,0.0003,0.0175,-0.0156,-0.0159,-0.0095,-0.0121,23.3632,E,1,6.4452,9.3113,7.6067,1.1233,Caution,Acceptable,Moderately Conservative,Watch / DCA Only,Core Allocation,Low Risk | Caution | Acceptable,46.93,"Suitable as a relatively stable core risk asset, but current conditions require caution. Current weakness suggests observation or gradual accumulation only."
ACGL,MATURE,93.65,Upward,1,-0.77,35,47.52,Neutral,-0.7,Low Risk,Safe,71.5,21.1,D,Underweight,Conservative Allocation,-0.027191964,"WATCHLIST: Reference return -0.7%, Safety 71.5/100, Risk: Low Risk","Risk Reference Prices (Current: 93.65) | Lower Warning: 88.97, Lower Danger: 84.29, Upper Warning: 98.33, Upper Danger: 103.02",WATCHLIST,-0.0018,-0.0451,-0.0265,0.0146,0.0116,0.0206,0.0171,0.0148,-0.12,0.528,0.472,0.0001,0.0098,-0.0107,-0.0018,-0.0264,-0.0086,40.5836,E,1,6.4315,26.0773,8.0748,0.9181,Defensive,Weak,Conservative,Selective Exposure,Core Allocation,Low Risk | Defensive | Weak,44.43,Suitable for lower-risk investors seeking relatively stable core exposure. Current setup allows selective exposure under controlled sizing.
ADM,MATURE,76.27,Upward,1,2.2,55,49.33,Neutral,1.05,Low Risk,Mediate,69.3,50.0,C+,Watchlist,Double Check,1.904564541,"WATCHLIST: Reference return 1.1%, Safety 69.3/100, Risk: Low Risk","Risk Reference Prices (Current: 76.27) | Lower Warning: 72.46, Lower Danger: 68.64, Upper Warning: 80.08, Upper Danger: 83.9",WATCHLIST,0.0177,0.0891,0.1079,0.1526,0.6623,0.0142,0.0185,0.0182,-0.1279,0.512,0.488,0.0022,0.0148,-0.0111,0.0177,0.1017,0.0232,81.5164,B,4,45.2516,25.451,10.8138,1.3366,Defensive,Strong,Conservative,Selective Exposure,Core Allocation,Low Risk | Defensive | Strong,62.94,Suitable for lower-risk investors seeking relatively stable core exposure. Current setup allows selective exposure under controlled sizing.
ARES,MATURE,119.98,Downward,-1,1.61,75,52.51,Neutral,-1.34,Low Risk,Caution,18.2,39.8,C,Caution,Risk Mitigation,-0.5356603,"WATCHLIST: Reference return -1.3%, Safety 18.2/100, Risk: Low Risk","Risk Reference Prices (Current: 119.98) | Lower Warning: 113.98, Lower Danger: 107.98, Upper Warning: 125.98, Upper Danger: 131.98",WATCHLIST,0.0082,0.0453,0.0654,0.1333,-0.2286,0.0276,0.0301,0.0286,-0.493,0.508,0.492,-0.0007,0.0172,-0.0192,0.0082,0.0412,0.022,40.0215,E,1,24.4714,8.5231,7.0269,0.8959,Risky,Acceptable,Moderately Conservative,Watch / DCA Only,Core Allocation,Low Risk | Risky | Acceptable,43.84,"Suitable as a relatively stable core risk asset, but current conditions require caution. Current weakness suggests observation or gradual accumulation only."
ANET,MATURE,172.62,Upward,1,0.48,60,56.78,Neutral,0.56,Low Risk,Mediate,42.3,34.6,D,Underweight,Conservative Allocation,1.454212514,"WATCHLIST: Reference return 0.6%, Safety 42.3/100, Risk: Low Risk","Risk Reference Prices (Current: 172.62) | Lower Warning: 163.99, Lower Danger: 155.36, Upper Warning: 181.25, Upper Danger: 189.88",WATCHLIST,-0.0005,0.0004,0.1182,0.3155,0.9099,0.0258,0.0256,0.0354,-0.2833,0.576,0.424,0.0031,0.0233,-0.0244,-0.0005,-0.0242,-0.0005,62.5547,C,3,41.4326,10.8051,10.317,0.9567,Caution,Acceptable,Moderately Conservative,Selective Exposure,Core Allocation,Low Risk | Caution | Acceptable,46.06,"Suitable as a relatively stable core risk asset, but current conditions require caution. Current setup allows selective exposure under controlled sizing."
AJG,MATURE,207.03,Downward,-1,-1.93,10,55.81,Neutral,0.28,Low Risk,Mediate,43.6,4.6,D,Underweight,Conservative Allocation,-1.789387655,"WATCHLIST: Reference return 0.3%, Safety 43.6/100, Risk: Low Risk","Risk Reference Prices (Current: 207.03) | Lower Warning: 196.68, Lower Danger: 186.33, Upper Warning: 217.38, Upper Danger: 227.73",WATCHLIST,-0.0052,-0.0563,-0.0586,-0.0363,-0.3756,0.011,0.0113,0.0159,-0.4088,0.496,0.504,-0.0017,0.0102,-0.0135,-0.0052,-0.0388,0.0031,17.0183,E,1,1.6413,9.6905,5.6865,0.757,Caution,Fragile,Moderately Conservative,Avoid / Too Fragile,Core Allocation,Low Risk | Caution | Fragile,23.9,"Suitable as a relatively stable core risk asset, but current conditions require caution. Current profile appears too fragile for normal allocation."
AIZ,MATURE,229.12,Downward,-1,3.53,75,55.68,Neutral,0.78,Low Risk,Safe,75.8,58.7,B,Attention,Opportunity Confirmation,0.651231846,"WATCHLIST: Reference return 0.8%, Safety 75.8/100, Risk: Low Risk","Risk Reference Prices (Current: 229.12) | Lower Warning: 217.66, Lower Danger: 206.21, Upper Warning: 240.58, Upper Danger: 252.03",WATCHLIST,-0.0103,-0.0058,0.0308,0.0766,0.1844,0.014,0.0111,0.0113,-0.1257,0.584,0.416,0.0008,0.0097,-0.0117,-0.0103,-0.003,-0.0303,57.651,D,2,22.0337,25.876,9.7413,0.8287,Defensive,Strong,Conservative,Defensive Hold,Core Allocation,Low Risk | Defensive | Strong,74.78,Suitable for lower-risk investors seeking relatively stable core exposure. Current conditions suggest a defensive stance rather than active accumulation.
T,MATURE,26.1,Upward,1,1.09,60,45.93,Neutral,0.15,Low Risk,Mediate,61.8,41.4,C,Caution,Risk Mitigation,-0.119815669,"WATCHLIST: Reference return 0.1%, Safety 61.8/100, Risk: Low Risk","Risk Reference Prices (Current: 26.10) | Lower Warning: 24.8, Lower Danger: 23.49, Upper Warning: 27.4, Upper Danger: 28.71",WATCHLIST,-0.0008,-0.0192,0.0187,-0.0684,-0.0098,0.0167,0.0175,0.0156,-0.2059,0.508,0.48,0.0001,0.0101,-0.0106,-0.0008,-0.0038,-0.0011,32.8604,E,1,6.6101,18.809,7.4413,0.9551,Defensive,Strong,Conservative,Selective Exposure,Core Allocation,Low Risk | Defensive | Strong,55.37,Suitable for lower-risk investors seeking relatively stable core exposure. Current setup allows selective exposure under controlled sizing.
ATO,MATURE,187.77,Upward,1,1.13,50,50.26,Neutral,1.61,Low Risk,Safe,80.6,46.6,C+,Watchlist,Double Check,0.943913945,"WATCHLIST: Reference return 1.6%, Safety 80.6/100, Risk: Low Risk","Risk Reference Prices (Current: 187.77) | Lower Warning: 178.38, Lower Danger: 168.99, Upper Warning: 197.16, Upper Danger: 206.55",WATCHLIST,-0.0041,-0.0002,-0.0021,0.0403,0.1893,0.0121,0.0133,0.0108,-0.072,0.584,0.412,0.0007,0.0071,-0.0082,-0.0041,0.0125,-0.0116,55.6868,D,2,17.6049,28.1482,9.9337,0.8604,Safe,Strong,Conservative,Selective Exposure,Core Allocation,Low Risk | Safe | Strong,62.54,Suitable for lower-risk investors seeking relatively stable core exposure. Current setup allows selective exposure under controlled sizing.
ADSK,MATURE,247.54,Downward,-1,1.3,65,53.39,Neutral,-1.3,Low Risk,Caution,38.0,40.0,C,Caution,Risk Mitigation,-0.38328313,"WATCHLIST: Reference return -1.3%, Safety 38.0/100, Risk: Low Risk","Risk Reference Prices (Current: 247.54) | Lower Warning: 235.16, Lower Danger: 222.79, Upper Warning: 259.92, Upper Danger: 272.29",WATCHLIST,0.0131,0.0671,0.0829,-0.0018,-0.1161,0.0142,0.0249,0.0264,-0.3315,0.52,0.48,-0.0003,0.0126,-0.0143,0.0131,0.0425,0.0445,34.9442,E,1,17.4481,10.025,7.4711,0.8817,Caution,Strong,Moderately Conservative,Watch / DCA Only,Core Allocation,Low Risk | Caution | Strong,48.64,"Suitable as a relatively stable core risk asset, but current conditions require caution. Current weakness suggests observation or gradual accumulation only."
ADP,MATURE,211.32,Downward,-1,1.49,75,55.02,Neutral,-1.27,Low Risk,Caution,35.0,42.9,C,Caution,Risk Mitigation,-1.584985337,"WATCHLIST: Reference return -1.3%, Safety 35.0/100, Risk: Low Risk","Risk Reference Prices (Current: 211.32) | Lower Warning: 200.75, Lower Danger: 190.19, Upper Warning: 221.89, Upper Danger: 232.45",WATCHLIST,-0.0135,0.0644,0.0832,0.0126,-0.2873,0.0328,0.0238,0.0213,-0.4078,0.496,0.504,-0.0013,0.0087,-0.0111,-0.0135,0.0753,-0.0029,32.6643,E,1,17.4245,9.3935,5.8463,0.7875,Caution,Strong,Moderately Conservative,Watch / DCA Only,Core Allocation,Low Risk | Caution | Strong,50.6,"Suitable as a relatively stable core risk asset, but current conditions require caution. Current weakness suggests observation or gradual accumulation only."
AZO,MATURE,3482.24,Downward,-1,1.17,65,48.41,Neutral,0.34,Low Risk,Mediate,53.3,42.0,C,Caution,Risk Mitigation,-0.347077885,"WATCHLIST: Reference return 0.3%, Safety 53.3/100, Risk: Low Risk","Risk Reference Prices (Current: 3482.24) | Lower Warning: 3308.13, Lower Danger: 3134.02, Upper Warning: 3656.35, Upper Danger: 3830.46",WATCHLIST,-0.0311,-0.032,-0.0075,0.0607,-0.0777,0.0274,0.0206,0.0187,-0.2548,0.488,0.512,-0.0002,0.0122,-0.012,-0.0311,-0.0267,-0.0599,30.4772,E,1,9.1822,14.2523,7.0427,1.0161,Defensive,Strong,Moderately Conservative,Watch / DCA Only,Core Allocation,Low Risk | Defensive | Strong,53.77,"Suitable as a relatively stable core risk asset, but current conditions require caution. Current weakness suggests observation or gradual accumulation only."
AVB,MATURE,182.44,Downward,-1,1.39,60,54.28,Neutral,0.36,Low Risk,Mediate,63.3,45.4,C+,Watchlist,Double Check,-0.601303659,"WATCHLIST: Reference return 0.4%, Safety 63.3/100, Risk: Low Risk","Risk Reference Prices (Current: 182.44) | Lower Warning: 173.32, Lower Danger: 164.2, Upper Warning: 191.56, Upper Danger: 200.68",WATCHLIST,-0.0055,0.0524,0.0669,0.1432,-0.0974,0.0211,0.0184,0.0136,-0.2087,0.524,0.476,-0.0003,0.0087,-0.0103,-0.0055,0.0584,-0.0031,52.3265,D,2,26.278,18.6131,7.4354,0.8475,Defensive,Strong,Conservative,Defensive Hold,Core Allocation,Low Risk | Defensive | Strong,58.68,Suitable for lower-risk investors seeking relatively stable core exposure. Current conditions suggest a defensive stance rather than active accumulation.
AVY,MATURE,160.46,Downward,-1,-1.66,10,43.99,Neutral,-0.36,Low Risk,Mediate,64.2,7.8,D,Underweight,Conservative Allocation,-0.224592696,"WATCHLIST: Reference return -0.4%, Safety 64.2/100, Risk: Low Risk","Risk Reference Prices (Current: 160.46) | Lower Warning: 152.44, Lower Danger: 144.41, Upper Warning: 168.48, Upper Danger: 176.51",WATCHLIST,-0.0158,-0.0416,-0.0608,-0.0043,-0.0411,0.0111,0.0151,0.0171,-0.1833,0.472,0.528,-0.0001,0.0114,-0.0103,-0.0158,-0.0305,-0.0212,32.2446,E,1,4.1002,20.9841,7.1603,1.1072,Defensive,Fragile,Conservative,Avoid / Too Fragile,Core Allocation,Low Risk | Defensive | Fragile,31.56,Suitable for lower-risk investors seeking relatively stable core exposure. Current profile appears too fragile for normal allocation.
AXON,MATURE,393.75,Downward,-1,1.72,75,46.94,Neutral,-0.54,High Risk,Caution,0.0,36.0,C,Caution,Risk Mitigation,-0.662730014,"WATCHLIST: Reference return -0.5%, Safety 0.0/100, Risk: High Risk","Risk Reference Prices (Current: 393.75) | Lower Warning: 374.06, Lower Danger: 354.38, Upper Warning: 413.44, Upper Danger: 433.13",WATCHLIST,-0.0213,0.0028,0.0338,-0.2066,-0.3664,0.0133,0.0214,0.0406,-0.6028,0.528,0.472,-0.0013,0.0195,-0.0245,-0.0213,-0.0085,-0.0199,20.7573,E,1,6.6403,6.797,7.32,0.7968,Speculative,Acceptable,Balanced Aggressive,Watch / DCA Only,Growth Allocation,High Risk | Speculative | Acceptable,36.04,Suitable for investors willing to accept higher volatility in exchange for stronger growth potential. Current weakness suggests observation or gradual accumulation only.
BKR,MATURE,69.01,Upward,1,2.87,65,52.26,Neutral,2.25,Low Risk,Mediate,60.6,54.5,C+,Watchlist,Double Check,2.116710405,"WATCHLIST: Reference return 2.2%, Safety 60.6/100, Risk: Low Risk","Risk Reference Prices (Current: 69.01) | Lower Warning: 65.56, Lower Danger: 62.11, Upper Warning: 72.46, Upper Danger: 75.91",WATCHLIST,-0.0016,0.0701,0.1223,0.1435,0.9159,0.0281,0.0249,0.0217,-0.1686,0.576,0.424,0.0028,0.015,-0.0137,-0.0016,0.001,-0.0095,77.9324,B,4,44.4532,22.1038,11.3754,1.09,Defensive,Strong,Conservative,Selective Exposure,Core Allocation,Low Risk | Defensive | Strong,64.71,Suitable for lower-risk investors seeking relatively stable core exposure. Current setup allows selective exposure under controlled sizing.
BALL,MATURE,60.93,Upward,1,-0.59,35,44.35,Neutral,-0.23,Low Risk,Mediate,61.3,20.2,D,Underweight,Conservative Allocation,0.670730622,"WATCHLIST: Reference return -0.2%, Safety 61.3/100, Risk: Low Risk","Risk Reference Prices (Current: 60.93) | Lower Warning: 57.88, Lower Danger: 54.84, Upper Warning: 63.98, Upper Danger: 67.02",WATCHLIST,-0.0065,-0.0347,-0.0406,0.0678,0.1924,0.0145,0.013,0.0169,-0.2196,0.508,0.488,0.0008,0.0121,-0.0109,-0.0065,-0.0064,-0.0025,43.3818,D,2,17.294,17.3991,8.6887,1.1109,Defensive,Weak,Conservative,Selective Exposure,Core Allocation,Low Risk | Defensive | Weak,40.72,Suitable for lower-risk investors seeking relatively stable core exposure. Current setup allows selective exposure under controlled sizing.
BAC,MATURE,52.19,Downward,-1,1.44,60,50.82,Neutral,-0.72,Low Risk,Mediate,69.4,45.8,C+,Watchlist,Double Check,1.144877198,"WATCHLIST: Reference return -0.7%, Safety 69.4/100, Risk: Low Risk","Risk Reference Prices (Current: 52.19) | Lower Warning: 49.58, Lower Danger: 46.97, Upper Warning: 54.8, Upper Danger: 57.41",WATCHLIST,-0.0197,-0.0053,-0.0217,0.1067,0.2978,0.011,0.011,0.0136,-0.1793,0.564,0.424,0.0011,0.0101,-0.0107,-0.0197,0.0027,-0.0238,57.2948,D,2,26.0244,21.5242,9.7462,0.9391,Defensive,Strong,Conservative,Defensive Hold,Core Allocation,Low Risk | Defensive | Strong,60.71,Suitable for lower-risk investors seeking relatively stable core exposure. Current conditions suggest a defensive stance rather than active accumulation.
BAX,MATURE,16.62,Downward,-1,-0.25,35,44.61,Neutral,-1.92,Low Risk,Caution,24.3,16.1,D,Underweight,Conservative Allocation,-1.136139645,"WATCHLIST: Reference return -1.9%, Safety 24.3/100, Risk: Low Risk","Risk Reference Prices (Current: 16.62) | Lower Warning: 15.79, Lower Danger: 14.96, Upper Warning: 17.45, Upper Danger: 18.28",WATCHLIST,-0.0343,-0.0972,-0.0551,0.0291,-0.4464,0.0332,0.0281,0.0267,-0.4979,0.476,0.504,-0.0019,0.0177,-0.0205,-0.0343,-0.0848,-0.0546,17.9928,E,1,3.8186,8.7073,5.4669,0.8627,Risky,Weak,Moderately Conservative,Watch / DCA Only,Core Allocation,Low Risk | Risky | Weak,27.42,"Suitable as a relatively stable core risk asset, but current conditions require caution. Current weakness suggests observation or gradual accumulation only."
BDX,MATURE,146.31,Downward,-1,-2.0,20,42.15,Neutral,-0.96,Low Risk,Mediate,65.4,8.2,D,Underweight,Conservative Allocation,0.502858173,"WATCHLIST: Reference return -1.0%, Safety 65.4/100, Risk: Low Risk","Risk Reference Prices (Current: 146.31) | Lower Warning: 138.99, Lower Danger: 131.68, Upper Warning: 153.63, Upper Danger: 160.94",WATCHLIST,-0.0201,-0.0552,-0.0605,-0.0507,0.1406,0.0178,0.0149,0.0128,-0.2112,0.46,0.532,0.0006,0.0127,-0.0098,-0.0201,-0.0383,-0.0183,35.2494,E,1,8.4614,18.4001,8.3879,1.2984,Defensive,Fragile,Conservative,High Risk Tactical Only,Core Allocation,Low Risk | Defensive | Fragile,32.56,"Suitable for lower-risk investors seeking relatively stable core exposure. Current profile is only suitable for tactical, high-risk participation."
BBY,MATURE,57.64,Downward,-1,-1.65,10,48.47,Neutral,-0.91,Low Risk,Mediate,48.2,5.3,D,Underweight,Conservative Allocation,-0.24557785,"WATCHLIST: Reference return -0.9%, Safety 48.2/100, Risk: Low Risk","Risk Reference Prices (Current: 57.64) | Lower Warning: 54.76, Lower Danger: 51.88, Upper Warning: 60.52, Upper Danger: 63.4",WATCHLIST,-0.0401,-0.0628,-0.0712,-0.0682,-0.1001,0.0213,0.0241,0.0217,-0.2942,0.46,0.54,-0.0002,0.0178,-0.0155,-0.0401,-0.0465,-0.0471,20.4844,E,1,1.7022,11.6978,7.0844,1.1484,Caution,Fragile,Moderately Conservative,Avoid / Too Fragile,Core Allocation,Low Risk | Caution | Fragile,25.68,"Suitable as a relatively stable core risk asset, but current conditions require caution. Current profile appears too fragile for normal allocation."
TECH,MATURE,54.74,Downward,-1,-1.0,45,46.64,Neutral,-0.18,Low Risk,Caution,32.6,13.3,D,Underweight,Conservative Allocation,0.356854825,"WATCHLIST: Reference return -0.2%, Safety 32.6/100, Risk: Low Risk","Risk Reference Prices (Current: 54.74) | Lower Warning: 52.0, Lower Danger: 49.27, Upper Warning: 57.48, Upper Danger: 60.21",WATCHLIST,-0.0051,0.0487,-0.0668,0.0633,0.1056,0.0349,0.041,0.0304,-0.3153,0.5,0.5,0.0008,0.0209,-0.0194,-0.0051,0.0101,-0.0105,36.5317,E,1,18.3761,10.0894,8.0662,1.079,Caution,Weak,Moderately Conservative,High Risk Tactical Only,Core Allocation,Low Risk | Caution | Weak,29.31,"Suitable as a relatively stable core risk asset, but current conditions require caution. Current profile is only suitable for tactical, high-risk participation."
BIIB,MATURE,187.21,Downward,-1,2.77,65,44.26,Neutral,-0.01,Low Risk,Mediate,62.6,49.8,C+,Watchlist,Double Check,1.33777051,"WATCHLIST: Reference return -0.0%, Safety 62.6/100, Risk: Low Risk","Risk Reference Prices (Current: 187.21) | Lower Warning: 177.85, Lower Danger: 168.49, Upper Warning: 196.57, Upper Danger: 205.93",WATCHLIST,0.0008,-0.0036,0.0461,0.0317,0.537,0.03,0.0247,0.0234,-0.1434,0.524,0.476,0.0019,0.0171,-0.0148,0.0008,0.0153,-0.0109,59.2641,C,3,25.3761,24.0644,9.8235,1.1592,Defensive,Strong,Conservative,Defensive Hold,Core Allocation,Low Risk | Defensive | Strong,62.95,Suitable for lower-risk investors seeking relatively stable core exposure. Current conditions suggest a defensive stance rather than active accumulation.
BLK,MATURE,1052.25,Downward,-1,2.61,65,54.35,Neutral,0.39,Low Risk,Mediate,60.0,51.1,C+,Watchlist,Double Check,0.585911181,"WATCHLIST: Reference return 0.4%, Safety 60.0/100, Risk: Low Risk","Risk Reference Prices (Current: 1052.25) | Lower Warning: 999.64, Lower Danger: 947.02, Upper Warning: 1104.86, Upper Danger: 1157.48",WATCHLIST,-0.0089,-0.0012,-0.0022,0.0985,0.1666,0.0133,0.0146,0.0174,-0.2245,0.52,0.48,0.0007,0.0115,-0.0109,-0.0089,0.007,-0.0125,47.3434,D,2,21.693,16.9058,8.7446,1.0534,Defensive,Strong,Conservative,Defensive Hold,Core Allocation,Low Risk | Defensive | Strong,63.04,Suitable for lower-risk investors seeking relatively stable core exposure. Current conditions suggest a defensive stance rather than active accumulation.
BX,MATURE,123.09,Downward,-1,0.55,60,52.7,Neutral,-0.19,Low Risk,Caution,27.2,30.7,D,Underweight,Conservative Allocation,-0.166363041,"WATCHLIST: Reference return -0.2%, Safety 27.2/100, Risk: Low Risk","Risk Reference Prices (Current: 123.09) | Lower Warning: 116.94, Lower Danger: 110.78, Upper Warning: 129.24, Upper Danger: 135.4",WATCHLIST,-0.0258,0.0062,-0.0256,0.1146,-0.0714,0.0239,0.0248,0.0247,-0.4476,0.448,0.552,-0.0001,0.0178,-0.0145,-0.0258,0.0118,-0.0198,31.8211,E,1,15.5102,8.9703,7.3405,1.222,Caution,Acceptable,Moderately Conservative,Watch / DCA Only,Core Allocation,Low Risk | Caution | Acceptable,39.38,"Suitable as a relatively stable core risk asset, but current conditions require caution. Current weakness suggests observation or gradual accumulation only."
XYZ,MATURE,71.9,Upward,1,1.63,75,61.87,Bullish,0.76,Low Risk,Caution,37.0,46.4,C+,Watchlist,Double Check,1.072066327,"WATCHLIST: Reference return 0.8%, Safety 37.0/100, Risk: Low Risk","Risk Reference Prices (Current: 71.90) | Lower Warning: 68.31, Lower Danger: 64.71, Upper Warning: 75.5, Upper Danger: 79.09",WATCHLIST,0.0013,0.0282,0.0869,0.211,0.5416,0.0167,0.0234,0.0257,-0.3948,0.536,0.46,0.0022,0.0219,-0.0208,0.0013,0.0038,0.0197,60.2775,C,3,41.6758,9.1434,9.4584,1.0532,Caution,Strong,Moderately Conservative,Selective Exposure,Core Allocation,Low Risk | Caution | Strong,53.38,"Suitable as a relatively stable core risk asset, but current conditions require caution. Current setup allows selective exposure under controlled sizing."
BK,MATURE,131.88,Upward,1,1.73,85,55.49,Neutral,0.61,Low Risk,Safe,77.6,55.8,B,Attention,Opportunity Confirmation,2.413183929,"WATCHLIST: Reference return 0.6%, Safety 77.6/100, Risk: Low Risk","Risk Reference Prices (Current: 131.88) | Lower Warning: 125.29, Lower Danger: 118.69, Upper Warning: 138.47, Upper Danger: 145.07",WATCHLIST,-0.0142,-0.0223,0.0145,0.1519,0.6349,0.0108,0.0122,0.0127,-0.1015,0.604,0.388,0.002,0.0097,-0.0099,-0.0142,-0.0123,-0.0185,70.2383,C,3,31.7717,27.0708,11.3957,0.9849,Defensive,Strong,Conservative,Selective Exposure,Core Allocation,Low Risk | Defensive | Strong,71.52,Suitable for lower-risk investors seeking relatively stable core exposure. Current setup allows selective exposure under controlled sizing.
BA,MATURE,221.3,Downward,-1,0.98,50,46.11,Neutral,-1.42,Low Risk,Mediate,53.1,36.6,C,Caution,Risk Mitigation,0.584188472,"WATCHLIST: Reference return -1.4%, Safety 53.1/100, Risk: Low Risk","Risk Reference Prices (Current: 221.30) | Lower Warning: 210.24, Lower Danger: 199.17, Upper Warning: 232.36, Upper Danger: 243.43",WATCHLIST,-0.0267,-0.0549,-0.011,0.1342,0.1868,0.0169,0.0233,0.0229,-0.2496,0.5,0.5,0.0009,0.0149,-0.0131,-0.0267,-0.0479,-0.0338,45.8255,D,2,22.923,14.3793,8.5232,1.1327,Defensive,Acceptable,Moderately Conservative,Watch / DCA Only,Core Allocation,Low Risk | Defensive | Acceptable,49.13,"Suitable as a relatively stable core risk asset, but current conditions require caution. Current weakness suggests observation or gradual accumulation only."
BKNG,MATURE,165.58,Downward,-1,-1.7,10,57.85,Neutral,-1.49,Low Risk,Mediate,40.8,5.0,D,Underweight,Conservative Allocation,-0.683361586,"WATCHLIST: Reference return -1.5%, Safety 40.8/100, Risk: Low Risk","Risk Reference Prices (Current: 165.58) | Lower Warning: 157.3, Lower Danger: 149.02, Upper Warning: 173.86, Upper Danger: 182.14",WATCHLIST,-0.0239,-0.0632,-0.0858,-0.0427,-0.1965,0.0194,0.0256,0.0253,-0.332,0.5,0.5,-0.0007,0.0135,-0.0148,-0.0239,-0.0814,-0.0165,18.3026,E,1,1.4347,10.1122,6.7557,0.908,Caution,Fragile,Moderately Conservative,Avoid / Too Fragile,Core Allocation,Low Risk | Caution | Fragile,23.82,"Suitable as a relatively stable core risk asset, but current conditions require caution. Current profile appears too fragile for normal allocation."
BSX,MATURE,56.85,Downward,-1,-3.29,30,45.83,Neutral,-1.76,Low Risk,Caution,20.8,-1.5,D,Underweight,Conservative Allocation,-1.90502714,"WATCHLIST: Reference return -1.8%, Safety 20.8/100, Risk: Low Risk","Risk Reference Prices (Current: 56.85) | Lower Warning: 54.01, Lower Danger: 51.16, Upper Warning: 59.69, Upper Danger: 62.54",WATCHLIST,0.0062,-0.1346,-0.1092,-0.1818,-0.4546,0.0221,0.0362,0.0309,-0.4775,0.464,0.528,-0.0022,0.0109,-0.0138,0.0062,-0.0841,-0.0132,13.0404,E,1,0.1471,8.2932,4.6001,0.7906,Risky,Fragile,Moderately Conservative,Avoid / Too Fragile,Core Allocation,Low Risk | Risky | Fragile,12.69,"Suitable as a relatively stable core risk asset, but current conditions require caution. Current profile appears too fragile for normal allocation."
BMY,MATURE,57.38,Upward,1,-0.59,35,46.83,Neutral,-0.65,Low Risk,Mediate,65.9,21.5,D,Underweight,Conservative Allocation,0.66125567,"WATCHLIST: Reference return -0.7%, Safety 65.9/100, Risk: Low Risk","Risk Reference Prices (Current: 57.38) | Lower Warning: 54.51, Lower Danger: 51.64, Upper Warning: 60.25, Upper Danger: 63.12",WATCHLIST,-0.0144,-0.0278,-0.0121,0.0086,0.2035,0.0284,0.0217,0.0192,-0.1368,0.492,0.5,0.0009,0.0142,-0.0122,-0.0144,-0.0227,-0.053,47.7766,D,2,14.4949,24.8108,8.4709,1.1662,Defensive,Weak,Conservative,Selective Exposure,Core Allocation,Low Risk | Defensive | Weak,42.97,Suitable for lower-risk investors seeking relatively stable core exposure. Current setup allows selective exposure under controlled sizing.
AVGO,MATURE,416.5,Upward,1,0.46,60,59.46,Neutral,0.47,Low Risk,Mediate,44.7,35.2,C,Caution,Risk Mitigation,1.86950937,"WATCHLIST: Reference return 0.5%, Safety 44.7/100, Risk: Low Risk","Risk Reference Prices (Current: 416.50) | Lower Warning: 395.67, Lower Danger: 374.85, Upper Warning: 437.33, Upper Danger: 458.15",WATCHLIST,-0.0113,-0.0082,0.0938,0.3442,1.0918,0.0237,0.0246,0.0274,-0.2867,0.564,0.436,0.0033,0.02,-0.0183,-0.0113,-0.0148,-0.0022,62.4963,C,3,39.9422,11.5913,10.9627,1.0937,Caution,Acceptable,Moderately Conservative,Selective Exposure,Core Allocation,Low Risk | Caution | Acceptable,47.3,"Suitable as a relatively stable core risk asset, but current conditions require caution. Current setup allows selective exposure under controlled sizing."
BR,MATURE,153.85,Downward,-1,-0.36,35,49.94,Neutral,-1.46,Low Risk,Caution,37.2,18.4,D,Underweight,Conservative Allocation,-1.702617212,"WATCHLIST: Reference return -1.5%, Safety 37.2/100, Risk: Low Risk","Risk Reference Prices (Current: 153.85) | Lower Warning: 146.16, Lower Danger: 138.46, Upper Warning: 161.54, Upper Danger: 169.24",WATCHLIST,-0.009,-0.0135,-0.03,-0.1176,-0.3258,0.02,0.0168,0.0201,-0.426,0.476,0.524,-0.0015,0.0094,-0.0114,-0.009,-0.0079,-0.0008,17.4287,E,1,2.7802,9.3773,5.2712,0.8306,Caution,Weak,Moderately Conservative,Watch / DCA Only,Core Allocation,Low Risk | Caution | Weak,32.88,"Suitable as a relatively stable core risk asset, but current conditions require caution. Current weakness suggests observation or gradual accumulation only."
BRO,MATURE,57.64,Downward,-1,-1.5,30,49.93,Neutral,-0.93,Low Risk,Caution,29.4,6.7,D,Underweight,Conservative Allocation,-2.390559922,"WATCHLIST: Reference return -0.9%, Safety 29.4/100, Risk: Low Risk","Risk Reference Prices (Current: 57.64) | Lower Warning: 54.76, Lower Danger: 51.88, Upper Warning: 60.52, Upper Danger: 63.4",WATCHLIST,0.0002,-0.1467,-0.1338,-0.1403,-0.4741,0.0186,0.0207,0.0211,-0.4888,0.476,0.516,-0.0024,0.0099,-0.0138,0.0002,-0.1253,-0.0417,13.9617,E,1,0.1297,9.1607,4.6713,0.7163,Caution,Fragile,Moderately Conservative,Avoid / Too Fragile,Core Allocation,Low Risk | Caution | Fragile,23.04,"Suitable as a relatively stable core risk asset, but current conditions require caution. Current profile appears too fragile for normal allocation."
BLDR,MATURE,73.75,Downward,-1,-1.52,30,39.14,Bearish,-3.79,High Risk,Caution,17.7,2.6,D,Underweight,Conservative Allocation,-0.71936405,"WATCHLIST: Reference return -3.8%, Safety 17.7/100, Risk: High Risk","Risk Reference Prices (Current: 73.75) | Lower Warning: 70.06, Lower Danger: 66.38, Upper Warning: 77.44, Upper Danger: 81.12",WATCHLIST,-0.026,-0.1818,-0.1597,-0.092,-0.3407,0.022,0.0304,0.031,-0.5057,0.384,0.616,-0.0012,0.029,-0.02,-0.026,-0.1809,-0.0675,16.3431,E,1,0.2669,8.2481,7.8281,1.4465,Risky,Fragile,Speculative,Avoid / Too Fragile,Tactical Satellite Position,High Risk | Risky | Fragile,16.59,Suitable only for high-risk tactical or speculative positioning. Current profile appears too fragile for normal allocation.
BG,MATURE,127.62,Upward,1,2.78,80,46.15,Neutral,0.67,Low Risk,Mediate,66.3,55.0,B,Attention,Opportunity Confirmation,1.719212499,"ATTENTION: Reference return 0.7%, Safety 66.3/100, Risk: Low Risk","Risk Reference Prices (Current: 127.62) | Lower Warning: 121.24, Lower Danger: 114.86, Upper Warning: 134.0, Upper Danger: 140.38",ATTENTION,0.0242,0.0095,0.0432,0.0802,0.6905,0.0159,0.0193,0.0173,-0.1539,0.492,0.508,0.0023,0.0167,-0.0117,0.0242,0.0218,0.0043,64.5749,C,3,30.2653,23.6279,10.6816,1.4307,Defensive,Strong,Conservative,Selective Exposure,Core Allocation,Low Risk | Defensive | Strong,68.27,Suitable for lower-risk investors seeking relatively stable core exposure. Current setup allows selective exposure under controlled sizing.
BXP,MATURE,58.58,Downward,-1,1.65,75,51.38,Neutral,-0.42,Low Risk,Mediate,51.0,46.5,C+,Watchlist,Double Check,-0.179876689,"WATCHLIST: Reference return -0.4%, Safety 51.0/100, Risk: Low Risk","Risk Reference Prices (Current: 58.58) | Lower Warning: 55.65, Lower Danger: 52.72, Upper Warning: 61.51, Upper Danger: 64.44",WATCHLIST,-0.0133,0.0277,0.0645,0.1402,-0.0512,0.0173,0.0171,0.0155,-0.3356,0.524,0.472,0.0,0.0133,-0.0148,-0.0133,0.0147,0.0021,42.7674,D,2,24.3792,10.6507,7.7376,0.8948,Defensive,Strong,Moderately Conservative,Watch / DCA Only,Core Allocation,Low Risk | Defensive | Strong,57.31,"Suitable as a relatively stable core risk asset, but current conditions require caution. Current weakness suggests observation or gradual accumulation only."
CHRW,MATURE,161.24,Downward,-1,0.37,35,45.54,Neutral,-0.89,Low Risk,Mediate,47.4,27.0,D,Underweight,Conservative Allocation,1.550889144,"WATCHLIST: Reference return -0.9%, Safety 47.4/100, Risk: Low Risk","Risk Reference Prices (Current: 161.24) | Lower Warning: 153.18, Lower Danger: 145.12, Upper Warning: 169.3, Upper Danger: 177.36",WATCHLIST,-0.0906,-0.1225,-0.0431,-0.0452,0.8267,0.0369,0.0362,0.0287,-0.1934,0.532,0.468,0.0028,0.0167,-0.0131,-0.0906,-0.1191,-0.1131,46.5638,D,2,16.2475,19.1212,11.1951,1.2755,Caution,Acceptable,Moderately Conservative,Watch / DCA Only,Core Allocation,Low Risk | Caution | Acceptable,40.42,"Suitable as a relatively stable core risk asset, but current conditions require caution. Current weakness suggests observation or gradual accumulation only."
CDNS,MATURE,349.51,Upward,1,1.78,55,57.62,Neutral,0.48,Low Risk,Caution,36.7,42.0,C,Caution,Risk Mitigation,0.413214561,"WATCHLIST: Reference return 0.5%, Safety 36.7/100, Risk: Low Risk","Risk Reference Prices (Current: 349.51) | Lower Warning: 332.03, Lower Danger: 314.56, Upper Warning: 366.99, Upper Danger: 384.46",WATCHLIST,0.0251,0.1119,0.1954,0.2311,0.1317,0.029,0.0282,0.0306,-0.2885,0.52,0.48,0.0008,0.0164,-0.0162,0.0251,0.0499,0.0604,60.2723,C,3,40.6816,11.1582,8.4326,1.0146,Caution,Strong,Moderately Conservative,Selective Exposure,Core Allocation,Low Risk | Caution | Strong,48.91,"Suitable as a relatively stable core risk asset, but current conditions require caution. Current setup allows selective exposure under controlled sizing."
CPT,MATURE,104.38,Downward,-1,1.26,65,49.74,Neutral,0.01,Low Risk,Mediate,67.5,45.1,C+,Watchlist,Double Check,-0.590975728,"WATCHLIST: Reference return 0.0%, Safety 67.5/100, Risk: Low Risk","Risk Reference Prices (Current: 104.38) | Lower Warning: 99.16, Lower Danger: 93.94, Upper Warning: 109.6, Upper Danger: 114.82",WATCHLIST,-0.0007,0.019,0.0255,0.0838,-0.0886,0.0177,0.0173,0.0138,-0.1685,0.508,0.488,-0.0003,0.0091,-0.01,-0.0007,0.0258,-0.0061,45.5635,D,2,15.9667,22.5257,7.0712,0.9025,Defensive,Strong,Conservative,Defensive Hold,Core Allocation,Low Risk | Defensive | Strong,60.03,Suitable for lower-risk investors seeking relatively stable core exposure. Current conditions suggest a defensive stance rather than active accumulation.
CPB,MATURE,20.5,Downward,-1,-0.46,35,39.8,Bearish,-1.8,Low Risk,Mediate,42.1,16.9,D,Underweight,Conservative Allocation,-1.700422791,"WATCHLIST: Reference return -1.8%, Safety 42.1/100, Risk: Low Risk","Risk Reference Prices (Current: 20.50) | Lower Warning: 19.47, Lower Danger: 18.45, Upper Warning: 21.52, Upper Danger: 22.55",WATCHLIST,-0.0111,-0.0219,0.025,-0.0098,-0.39,0.0103,0.0131,0.0169,-0.4108,0.44,0.552,-0.0018,0.0132,-0.0138,-0.0111,-0.0058,-0.0139,20.6046,E,1,6.0646,9.6294,4.9106,0.9573,Caution,Weak,Moderately Conservative,Watch / DCA Only,Core Allocation,Low Risk | Caution | Weak,32.88,"Suitable as a relatively stable core risk asset, but current conditions require caution. Current weakness suggests observation or gradual accumulation only."
COF,MATURE,189.92,Downward,-1,-0.83,35,48.78,Neutral,-1.48,Low Risk,Mediate,47.9,16.0,D,Underweight,Conservative Allocation,0.109470662,"WATCHLIST: Reference return -1.5%, Safety 47.9/100, Risk: Low Risk","Risk Reference Prices (Current: 189.92) | Lower Warning: 180.42, Lower Danger: 170.93, Upper Warning: 199.42, Upper Danger: 208.91",WATCHLIST,-0.0104,-0.0341,-0.0496,0.0466,0.0245,0.013,0.0149,0.0193,-0.3147,0.564,0.436,0.0003,0.0128,-0.0159,-0.0104,-0.0077,-0.0072,28.6362,E,1,8.7013,11.0408,8.8941,0.806,Caution,Weak,Moderately Conservative,Watch / DCA Only,Core Allocation,Low Risk | Caution | Weak,34.62,"Suitable as a relatively stable core risk asset, but current conditions require caution. Current weakness suggests observation or gradual accumulation only."
CAH,MATURE,197.06,Downward,-1,-1.95,20,41.69,Neutral,-0.32,Low Risk,Mediate,66.4,8.5,D,Underweight,Conservative Allocation,0.933643267,"WATCHLIST: Reference return -0.3%, Safety 66.4/100, Risk: Low Risk","Risk Reference Prices (Current: 197.06) | Lower Warning: 187.21, Lower Danger: 177.35, Upper Warning: 206.91, Upper Danger: 216.77",WATCHLIST,0.0093,-0.0374,-0.0832,-0.0495,0.3112,0.0246,0.0206,0.0162,-0.1589,0.556,0.444,0.0013,0.0114,-0.0114,0.0093,-0.014,0.0217,47.8244,D,2,14.7151,23.2621,9.8472,0.9953,Defensive,Fragile,Conservative,High Risk Tactical Only,Core Allocation,Low Risk | Defensive | Fragile,33.08,"Suitable for lower-risk investors seeking relatively stable core exposure. Current profile is only suitable for tactical, high-risk participation."
CCL,MATURE,25.67,Downward,-1,-0.58,35,44.46,Neutral,-1.65,Low Risk,Caution,30.7,14.2,D,Underweight,Conservative Allocation,0.744458239,"WATCHLIST: Reference return -1.7%, Safety 30.7/100, Risk: Low Risk","Risk Reference Prices (Current: 25.67) | Lower Warning: 24.39, Lower Danger: 23.1, Upper Warning: 26.95, Upper Danger: 28.24",WATCHLIST,-0.0371,-0.0368,-0.1053,0.0643,0.3184,0.0265,0.0339,0.039,-0.293,0.508,0.484,0.0015,0.022,-0.02,-0.0371,-0.0552,-0.0317,38.6408,E,1,20.2635,9.756,8.6213,1.103,Caution,Weak,Moderately Conservative,High Risk Tactical Only,Core Allocation,Low Risk | Caution | Weak,28.25,"Suitable as a relatively stable core risk asset, but current conditions require caution. Current profile is only suitable for tactical, high-risk participation."
CARR,MATURE,65.89,Upward,1,1.19,80,47.29,Neutral,0.41,Low Risk,Caution,26.7,39.8,C,Caution,Risk Mitigation,-0.133888553,"WATCHLIST: Reference return 0.4%, Safety 26.7/100, Risk: Low Risk","Risk Reference Prices (Current: 65.89) | Lower Warning: 62.6, Lower Danger: 59.3, Upper Warning: 69.18, Upper Danger: 72.48",WATCHLIST,-0.0256,0.0707,0.019,0.1347,-0.0591,0.0366,0.0385,0.034,-0.3738,0.5,0.496,0.0,0.0148,-0.015,-0.0256,0.0807,-0.0191,39.7404,E,1,23.9706,8.4238,7.346,0.9894,Caution,Acceptable,Moderately Conservative,Selective Exposure,Core Allocation,Low Risk | Caution | Acceptable,45.99,"Suitable as a relatively stable core risk asset, but current conditions require caution. Current setup allows selective exposure under controlled sizing."
CVNA,MATURE,376.55,Downward,-1,1.54,60,58.52,Neutral,-0.67,Low Risk,Caution,24.8,38.7,C,Caution,Risk Mitigation,0.858860519,"WATCHLIST: Reference return -0.7%, Safety 24.8/100, Risk: Low Risk","Risk Reference Prices (Current: 376.55) | Lower Warning: 357.72, Lower Danger: 338.9, Upper Warning: 395.38, Upper Danger: 414.21",WATCHLIST,-0.0158,-0.0657,0.0063,0.3387,0.4507,0.0162,0.0301,0.0343,-0.4121,0.544,0.456,0.0022,0.0275,-0.028,-0.0158,-0.0795,-0.0486,49.3572,D,2,32.0411,8.0689,9.2472,0.9825,Risky,Acceptable,Moderately Conservative,Watch / DCA Only,Core Allocation,Low Risk | Risky | Acceptable,43.99,"Suitable as a relatively stable core risk asset, but current conditions require caution. Current weakness suggests observation or gradual accumulation only."
CAT,MATURE,874.78,Upward,1,2.62,65,53.45,Neutral,1.43,Low Risk,Mediate,57.2,52.1,C+,Watchlist,Double Check,3.11522708,"WATCHLIST: Reference return 1.4%, Safety 57.2/100, Risk: Low Risk","Risk Reference Prices (Current: 874.78) | Lower Warning: 831.04, Lower Danger: 787.3, Upper Warning: 918.52, Upper Danger: 962.26",WATCHLIST,-0.0167,0.0473,0.1035,0.2872,1.7367,0.0408,0.031,0.029,-0.1388,0.572,0.428,0.0042,0.0168,-0.0126,-0.0167,0.0529,-0.0172,81.972,B,4,44.7151,23.886,13.3709,1.3384,Defensive,Strong,Moderately Conservative,Selective Exposure,Core Allocation,Low Risk | Defensive | Strong,62.3,"Suitable as a relatively stable core risk asset, but current conditions require caution. Current setup allows selective exposure under controlled sizing."
CBOE,MATURE,338.91,Upward,1,1.23,65,55.76,Neutral,1.4,Low Risk,Mediate,64.8,47.6,C+,Watchlist,Double Check,1.598598051,"WATCHLIST: Reference return 1.4%, Safety 64.8/100, Risk: Low Risk","Risk Reference Prices (Current: 338.91) | Lower Warning: 321.96, Lower Danger: 305.02, Upper Warning: 355.86, Upper Danger: 372.8",WATCHLIST,0.0365,0.1292,0.1269,0.1936,0.4706,0.037,0.0295,0.0233,-0.1032,0.548,0.452,0.0017,0.0118,-0.0106,0.0365,0.1155,0.1294,84.5093,B,4,47.6511,26.4173,10.4409,1.1086,Defensive,Strong,Conservative,Selective Exposure,Core Allocation,Low Risk | Defensive | Strong,60.36,Suitable for lower-risk investors seeking relatively stable core exposure. Current setup allows selective exposure under controlled sizing.
CBRE,MATURE,140.05,Downward,-1,1.34,60,50.44,Neutral,0.14,Low Risk,Mediate,58.8,43.3,C,Caution,Risk Mitigation,0.373712508,"WATCHLIST: Reference return 0.1%, Safety 58.8/100, Risk: Low Risk","Risk Reference Prices (Current: 140.05) | Lower Warning: 133.05, Lower Danger: 126.05, Upper Warning: 147.05, Upper Danger: 154.06",WATCHLIST,-0.0124,-0.062,-0.0477,0.0611,0.1119,0.0115,0.0166,0.0174,-0.2322,0.52,0.476,0.0006,0.0129,-0.0129,-0.0124,-0.0556,-0.0188,37.0355,E,1,12.4603,16.2063,8.3689,1.0065,Defensive,Strong,Moderately Conservative,Watch / DCA Only,Core Allocation,Low Risk | Defensive | Strong,55.96,"Suitable as a relatively stable core risk asset, but current conditions require caution. Current weakness suggests observation or gradual accumulation only."
CDW,MATURE,135.3,Upward,1,0.56,75,55.31,Neutral,0.58,Low Risk,Caution,39.8,37.7,C,Caution,Risk Mitigation,-0.571156118,"WATCHLIST: Reference return 0.6%, Safety 39.8/100, Risk: Low Risk","Risk Reference Prices (Current: 135.30) | Lower Warning: 128.54, Lower Danger: 121.77, Upper Warning: 142.07, Upper Danger: 148.83",WATCHLIST,-0.0054,-0.0086,0.0404,0.125,-0.17,0.0122,0.0197,0.0182,-0.3949,0.496,0.504,-0.0006,0.0136,-0.0145,-0.0054,-0.0001,-0.0118,34.4544,E,1,17.9843,9.6691,6.8011,0.9392,Caution,Acceptable,Moderately Conservative,Selective Exposure,Core Allocation,Low Risk | Caution | Acceptable,48.42,"Suitable as a relatively stable core risk asset, but current conditions require caution. Current setup allows selective exposure under controlled sizing."
COR,MATURE,303.66,Downward,-1,-2.56,30,44.6,Neutral,-0.91,Low Risk,Mediate,69.3,9.4,D,Underweight,Conservative Allocation,0.154428174,"WATCHLIST: Reference return -0.9%, Safety 69.3/100, Risk: Low Risk","Risk Reference Prices (Current: 303.66) | Lower Warning: 288.48, Lower Danger: 273.29, Upper Warning: 318.84, Upper Danger: 334.03",WATCHLIST,-0.0011,-0.0248,-0.0508,-0.0711,0.0475,0.008,0.0135,0.0135,-0.1883,0.528,0.472,0.0003,0.0109,-0.0116,-0.0011,-0.0147,-0.0141,34.3906,E,1,5.4719,20.6502,8.2685,0.9454,Defensive,Fragile,Conservative,High Risk Tactical Only,Core Allocation,Low Risk | Defensive | Fragile,34.64,"Suitable for lower-risk investors seeking relatively stable core exposure. Current profile is only suitable for tactical, high-risk participation."
CNC,MATURE,53.56,Downward,-1,1.5,70,54.52,Neutral,2.83,High Risk,Caution,2.3,40.0,C,Caution,Risk Mitigation,0.138007874,"WATCHLIST: Reference return 2.8%, Safety 2.3/100, Risk: High Risk","Risk Reference Prices (Current: 53.56) | Lower Warning: 50.88, Lower Danger: 48.2, Upper Warning: 56.24, Upper Danger: 58.92",WATCHLIST,0.0041,0.3035,0.4375,0.557,-0.104,0.0552,0.0435,0.0361,-0.5993,0.544,0.452,0.0005,0.0218,-0.0251,0.0041,0.2807,-0.0024,51.6583,D,2,35.6783,7.5314,8.4486,0.8683,Speculative,Strong,Balanced Aggressive,Watch / DCA Only,Growth Allocation,High Risk | Speculative | Strong,37.51,Suitable for investors willing to accept higher volatility in exchange for stronger growth potential. Current weakness suggests observation or gradual accumulation only.
CNP,MATURE,43.32,Upward,1,1.06,50,50.18,Neutral,0.96,Low Risk,Safe,79.6,44.8,C,Caution,Risk Mitigation,0.661037493,"WATCHLIST: Reference return 1.0%, Safety 79.6/100, Risk: Low Risk","Risk Reference Prices (Current: 43.32) | Lower Warning: 41.15, Lower Danger: 38.99, Upper Warning: 45.49, Upper Danger: 47.65",WATCHLIST,-0.0007,0.0032,0.0098,0.0309,0.1399,0.0121,0.0127,0.0104,-0.0839,0.528,0.46,0.0006,0.008,-0.008,-0.0007,0.02,-0.0076,52.1155,D,2,15.5689,27.8103,8.7363,1.0075,Defensive,Strong,Conservative,Selective Exposure,Core Allocation,Low Risk | Defensive | Strong,61.47,Suitable for lower-risk investors seeking relatively stable core exposure. Current setup allows selective exposure under controlled sizing.
CF,MATURE,125.89,Upward,1,1.21,50,56.52,Neutral,2.33,Low Risk,Caution,38.0,40.7,C,Caution,Risk Mitigation,1.271688655,"WATCHLIST: Reference return 2.3%, Safety 38.0/100, Risk: Low Risk","Risk Reference Prices (Current: 125.89) | Lower Warning: 119.6, Lower Danger: 113.3, Upper Warning: 132.18, Upper Danger: 138.48",WATCHLIST,0.0261,0.0024,0.0583,0.0079,0.5919,0.0276,0.0378,0.0356,-0.2487,0.556,0.444,0.0022,0.0185,-0.0183,0.0261,0.041,0.0136,48.4892,D,2,25.4221,13.0853,9.9819,1.0126,Caution,Strong,Moderately Conservative,Selective Exposure,Core Allocation,Low Risk | Caution | Strong,46.69,"Suitable as a relatively stable core risk asset, but current conditions require caution. Current setup allows selective exposure under controlled sizing."
CRL,MATURE,172.32,Downward,-1,-0.52,35,53.2,Neutral,0.9,Low Risk,Caution,38.6,19.1,D,Underweight,Conservative Allocation,0.937190916,"WATCHLIST: Reference return 0.9%, Safety 38.6/100, Risk: Low Risk","Risk Reference Prices (Current: 172.32) | Lower Warning: 163.7, Lower Danger: 155.09, Upper Warning: 180.94, Upper Danger: 189.55",WATCHLIST,0.0394,0.0273,-0.039,0.1219,0.4427,0.0226,0.0328,0.0303,-0.3298,0.54,0.46,0.0019,0.0203,-0.0197,0.0394,0.0148,0.032,50.198,D,2,31.0806,9.6773,9.4401,1.0293,Caution,Weak,Moderately Conservative,Watch / DCA Only,Core Allocation,Low Risk | Caution | Weak,33.51,"Suitable as a relatively stable core risk asset, but current conditions require caution. Current weakness suggests observation or gradual accumulation only."
SCHW,MATURE,91.48,Downward,-1,-1.09,45,47.9,Neutral,-0.67,Low Risk,Mediate,59.0,18.0,D,Underweight,Conservative Allocation,0.402722563,"WATCHLIST: Reference return -0.7%, Safety 59.0/100, Risk: Low Risk","Risk Reference Prices (Current: 91.48) | Lower Warning: 86.91, Lower Danger: 82.33, Upper Warning: 96.05, Upper Danger: 100.63",WATCHLIST,-0.0007,0.0288,-0.0701,-0.0336,0.1108,0.01,0.0244,0.0205,-0.1717,0.564,0.428,0.0005,0.0096,-0.0115,-0.0007,0.0337,-0.0017,42.74,D,2,11.7541,21.892,9.0939,0.8403,Defensive,Weak,Moderately Conservative,Watch / DCA Only,Core Allocation,Low Risk | Defensive | Weak,39.86,"Suitable as a relatively stable core risk asset, but current conditions require caution. Current weakness suggests observation or gradual accumulation only."
CHTR,MATURE,165.34,Downward,-1,-2.57,20,41.75,Neutral,-0.56,High Risk,Caution,0.0,-6.9,D,Underweight,Conservative Allocation,-1.682542769,"WATCHLIST: Reference return -0.6%, Safety 0.0/100, Risk: High Risk","Risk Reference Prices (Current: 165.34) | Lower Warning: 157.07, Lower Danger: 148.81, Upper Warning: 173.61, Upper Danger: 181.87",WATCHLIST,-0.0373,-0.3162,-0.233,-0.2238,-0.5806,0.1014,0.079,0.0553,-0.6287,0.488,0.512,-0.003,0.0158,-0.0209,-0.0373,-0.0821,0.001,9.3175,E,1,0.012,3.962,5.3435,0.756,Speculative,Fragile,Speculative,Avoid / Too Fragile,Tactical Satellite Position,High Risk | Speculative | Fragile,3.68,Suitable only for high-risk tactical or speculative positioning. Current profile appears too fragile for normal allocation.
CVX,MATURE,192.28,Upward,1,1.18,50,47.47,Neutral,1.66,Low Risk,Mediate,69.6,44.4,C,Caution,Risk Mitigation,1.799826943,"WATCHLIST: Reference return 1.7%, Safety 69.6/100, Risk: Low Risk","Risk Reference Prices (Current: 192.28) | Lower Warning: 182.67, Lower Danger: 173.05, Upper Warning: 201.89, Upper Danger: 211.51",WATCHLIST,0.0087,0.0249,0.0281,-0.0468,0.4829,0.014,0.0136,0.0176,-0.1321,0.56,0.44,0.0017,0.0106,-0.0098,0.0087,0.0382,-0.0053,59.2973,C,3,23.3077,25.2115,10.7781,1.0903,Defensive,Strong,Conservative,Selective Exposure,Core Allocation,Low Risk | Defensive | Strong,57.88,Suitable for lower-risk investors seeking relatively stable core exposure. Current setup allows selective exposure under controlled sizing.
CMG,MATURE,31.98,Downward,-1,-1.84,10,45.77,Neutral,-1.38,Low Risk,Caution,31.8,0.7,D,Underweight,Conservative Allocation,-1.092865741,"WATCHLIST: Reference return -1.4%, Safety 31.8/100, Risk: Low Risk","Risk Reference Prices (Current: 31.98) | Lower Warning: 30.38, Lower Danger: 28.78, Upper Warning: 33.58, Upper Danger: 35.18",WATCHLIST,-0.0303,-0.0566,-0.0842,-0.0417,-0.3605,0.023,0.0207,0.0194,-0.4882,0.448,0.544,-0.0015,0.0162,-0.0161,-0.0303,-0.0652,-0.0591,16.1454,E,1,1.3518,9.2653,5.5282,1.0079,Caution,Fragile,Moderately Conservative,Avoid / Too Fragile,Core Allocation,Low Risk | Caution | Fragile,17.82,"Suitable as a relatively stable core risk asset, but current conditions require caution. Current profile appears too fragile for normal allocation."
CB,MATURE,325.12,Upward,1,-0.65,35,46.17,Neutral,0.13,Low Risk,Safe,77.7,23.4,D,Underweight,Conservative Allocation,0.593135876,"WATCHLIST: Reference return 0.1%, Safety 77.7/100, Risk: Low Risk","Risk Reference Prices (Current: 325.12) | Lower Warning: 308.86, Lower Danger: 292.61, Upper Warning: 341.38, Upper Danger: 357.63",WATCHLIST,-0.0034,-0.0233,-0.0019,0.0079,0.1367,0.0122,0.0115,0.0107,-0.1102,0.52,0.48,0.0006,0.0084,-0.0079,-0.0034,-0.0031,-0.0057,47.6713,D,2,12.1056,26.7409,8.8248,1.0631,Defensive,Weak,Conservative,Selective Exposure,Core Allocation,Low Risk | Defensive | Weak,47.46,Suitable for lower-risk investors seeking relatively stable core exposure. Current setup allows selective exposure under controlled sizing.
CHD,MATURE,92.89,Upward,1,2.42,80,44.63,Neutral,-0.59,Low Risk,Mediate,66.4,52.7,C+,Watchlist,Double Check,-0.016964257,"ATTENTION: Reference return -0.6%, Safety 66.4/100, Risk: Low Risk","Risk Reference Prices (Current: 92.89) | Lower Warning: 88.25, Lower Danger: 83.6, Upper Warning: 97.53, Upper Danger: 102.18",ATTENTION,-0.0326,-0.0179,-0.0276,-0.019,0.0142,0.0166,0.0173,0.0137,-0.1763,0.516,0.48,0.0001,0.0098,-0.0102,-0.0326,-0.0224,-0.043,35.7086,E,1,6.0873,21.8026,7.8187,0.9577,Defensive,Strong,Conservative,Selective Exposure,Core Allocation,Low Risk | Defensive | Strong,66.56,Suitable for lower-risk investors seeking relatively stable core exposure. Current setup allows selective exposure under controlled sizing.
CIEN,MATURE,538.51,Upward,1,0.53,50,71.78,Bullish,6.74,Low Risk,Mediate,41.8,44.8,C,Caution,Risk Mitigation,3.453182376,"WATCHLIST: Reference return 6.7%, Safety 41.8/100, Risk: Low Risk","Risk Reference Prices (Current: 538.51) | Lower Warning: 511.58, Lower Danger: 484.66, Upper Warning: 565.44, Upper Danger: 592.36",WATCHLIST,0.006,0.0439,0.1527,0.4028,6.386,0.0532,0.0389,0.0512,-0.1684,0.62,0.38,0.0088,0.0296,-0.0251,0.006,0.034,0.0207,76.9817,B,4,45.7509,17.8309,13.3999,1.1792,Caution,Strong,Moderately Conservative,Selective Exposure,Core Allocation,Low Risk | Caution | Strong,49.07,"Suitable as a relatively stable core risk asset, but current conditions require caution. Current setup allows selective exposure under controlled sizing."
CI,MATURE,279.35,Upward,1,1.17,80,50.95,Neutral,0.36,Low Risk,Mediate,56.8,46.1,C+,Watchlist,Double Check,-0.418937293,"WATCHLIST: Reference return 0.4%, Safety 56.8/100, Risk: Low Risk","Risk Reference Prices (Current: 279.35) | Lower Warning: 265.38, Lower Danger: 251.42, Upper Warning: 293.32, Upper Danger: 307.29",WATCHLIST,-0.0125,-0.0013,0.0248,0.0628,-0.1434,0.0203,0.0177,0.0177,-0.2654,0.496,0.504,-0.0004,0.0133,-0.0139,-0.0125,0.0135,-0.0386,32.5443,E,1,12.0411,13.5574,6.9459,0.9592,Defensive,Strong,Moderately Conservative,Selective Exposure,Core Allocation,Low Risk | Defensive | Strong,58.73,"Suitable as a relatively stable core risk asset, but current conditions require caution. Current setup allows selective exposure under controlled sizing."
CINF,MATURE,159.57,Upward,1,1.01,65,50.45,Neutral,-0.29,Low Risk,Safe,78.0,45.5,C+,Watchlist,Double Check,0.539212367,"WATCHLIST: Reference return -0.3%, Safety 78.0/100, Risk: Low Risk","Risk Reference Prices (Current: 159.57) | Lower Warning: 151.59, Lower Danger: 143.61, Upper Warning: 167.55, Upper Danger: 175.53",WATCHLIST,-0.0153,-0.0512,-0.0231,0.0131,0.1344,0.01,0.011,0.0122,-0.1046,0.552,0.448,0.0006,0.0094,-0.0103,-0.0153,-0.0299,-0.0246,46.7669,D,2,10.7281,26.9524,9.0864,0.9136,Defensive,Strong,Conservative,Selective Exposure,Core Allocation,Low Risk | Defensive | Strong,63.27,Suitable for lower-risk investors seeking relatively stable core exposure. Current setup allows selective exposure under controlled sizing.
CTAS,MATURE,166.89,Downward,-1,-1.91,10,46.67,Neutral,0.06,Low Risk,Mediate,61.3,6.5,D,Underweight,Conservative Allocation,-1.348291914,"WATCHLIST: Reference return 0.1%, Safety 61.3/100, Risk: Low Risk","Risk Reference Prices (Current: 166.89) | Lower Warning: 158.55, Lower Danger: 150.2, Upper Warning: 175.23, Upper Danger: 183.58",WATCHLIST,-0.016,-0.0604,-0.0525,-0.0694,-0.2053,0.0115,0.0118,0.015,-0.2672,0.476,0.524,-0.0008,0.0086,-0.0094,-0.016,-0.0512,-0.0448,20.7555,E,1,1.4042,13.5651,5.7862,0.9113,Defensive,Fragile,Conservative,Avoid / Too Fragile,Core Allocation,Low Risk | Defensive | Fragile,29.8,Suitable for lower-risk investors seeking relatively stable core exposure. Current profile appears too fragile for normal allocation.
CSCO,MATURE,92.63,Upward,1,1.53,75,55.58,Neutral,1.64,Low Risk,Safe,71.0,53.1,C+,Watchlist,Double Check,1.822520486,"WATCHLIST: Reference return 1.6%, Safety 71.0/100, Risk: Low Risk","Risk Reference Prices (Current: 92.63) | Lower Warning: 88.0, Lower Danger: 83.37, Upper Warning: 97.26, Upper Danger: 101.89",WATCHLIST,0.0085,0.0456,0.1213,0.1994,0.5975,0.0162,0.0152,0.0169,-0.1357,0.556,0.436,0.002,0.012,-0.0107,0.0085,0.0407,0.0123,80.3779,B,4,44.487,25.0057,10.8852,1.1218,Defensive,Strong,Conservative,Selective Exposure,Core Allocation,Low Risk | Defensive | Strong,66.41,Suitable for lower-risk investors seeking relatively stable core exposure. Current setup allows selective exposure under controlled sizing.
C,MATURE,125.63,Upward,1,1.35,65,54.55,Neutral,-0.19,Low Risk,Mediate,67.9,46.5,C+,Watchlist,Double Check,2.157786626,"WATCHLIST: Reference return -0.2%, Safety 67.9/100, Risk: Low Risk","Risk Reference Prices (Current: 125.63) | Lower Warning: 119.35, Lower Danger: 113.07, Upper Warning: 131.91, Upper Danger: 138.19",WATCHLIST,-0.0142,-0.0224,-0.0305,0.1471,0.8205,0.0074,0.012,0.0205,-0.1476,0.564,0.432,0.0026,0.0141,-0.0125,-0.0142,-0.0184,-0.0184,65.0272,C,3,29.8315,23.9411,11.2546,1.1278,Defensive,Strong,Conservative,Selective Exposure,Core Allocation,Low Risk | Defensive | Strong,61.3,Suitable for lower-risk investors seeking relatively stable core exposure. Current setup allows selective exposure under controlled sizing.
CFG,MATURE,63.56,Upward,1,1.2,65,49.19,Neutral,-0.26,Low Risk,Mediate,67.6,44.6,C,Caution,Risk Mitigation,1.978038417,"WATCHLIST: Reference return -0.3%, Safety 67.6/100, Risk: Low Risk","Risk Reference Prices (Current: 63.56) | Lower Warning: 60.38, Lower Danger: 57.2, Upper Warning: 66.74, Upper Danger: 69.92",WATCHLIST,-0.0133,-0.0177,-0.0131,0.1227,0.6951,0.0148,0.0123,0.015,-0.1832,0.564,0.436,0.0023,0.013,-0.0117,-0.0133,0.0036,-0.0229,61.2769,C,3,29.0343,21.0903,11.1522,1.1159,Defensive,Strong,Conservative,Selective Exposure,Core Allocation,Low Risk | Defensive | Strong,59.71,Suitable for lower-risk investors seeking relatively stable core exposure. Current setup allows selective exposure under controlled sizing.
CLX,MATURE,86.48,Downward,-1,-0.92,30,37.85,Bearish,-1.87,Low Risk,Caution,38.7,10.8,D,Underweight,Conservative Allocation,-1.663219776,"WATCHLIST: Reference return -1.9%, Safety 38.7/100, Risk: Low Risk","Risk Reference Prices (Current: 86.48) | Lower Warning: 82.16, Lower Danger: 77.83, Upper Warning: 90.8, Upper Danger: 95.13",WATCHLIST,-0.0072,-0.1145,-0.1615,-0.175,-0.3469,0.0381,0.0287,0.0248,-0.3454,0.472,0.524,-0.0016,0.0116,-0.0134,-0.0072,-0.1236,-0.1033,15.3195,E,1,0.1447,9.8565,5.3183,0.8633,Caution,Weak,Moderately Conservative,High Risk Tactical Only,Core Allocation,Low Risk | Caution | Weak,27.77,"Suitable as a relatively stable core risk asset, but current conditions require caution. Current profile is only suitable for tactical, high-risk participation."
CME,MATURE,290.29,Upward,1,1.49,70,41.08,Neutral,0.37,Low Risk,Safe,76.8,48.8,C+,Watchlist,Double Check,0.226933713,"WATCHLIST: Reference return 0.4%, Safety 76.8/100, Risk: Low Risk","Risk Reference Prices (Current: 290.29) | Lower Warning: 275.78, Lower Danger: 261.26, Upper Warning: 304.8, Upper Danger: 319.32",WATCHLIST,0.0026,0.0169,-0.0227,-0.0554,0.0667,0.0071,0.01,0.0133,-0.1157,0.556,0.444,0.0003,0.0085,-0.0099,0.0026,0.0183,0.0086,44.6704,D,2,9.4131,26.3689,8.8884,0.8584,Defensive,Strong,Conservative,Selective Exposure,Core Allocation,Low Risk | Defensive | Strong,64.85,Suitable for lower-risk investors seeking relatively stable core exposure. Current setup allows selective exposure under controlled sizing.
CMS,MATURE,75.69,Upward,1,-0.68,35,49.06,Neutral,0.92,Low Risk,Safe,79.5,25.2,D,Underweight,Conservative Allocation,0.241768335,"WATCHLIST: Reference return 0.9%, Safety 79.5/100, Risk: Low Risk","Risk Reference Prices (Current: 75.69) | Lower Warning: 71.91, Lower Danger: 68.12, Upper Warning: 79.47, Upper Danger: 83.26",WATCHLIST,-0.0045,-0.0121,-0.0397,0.0171,0.0676,0.0135,0.0135,0.0109,-0.0831,0.536,0.46,0.0003,0.0077,-0.0083,-0.0045,-0.0076,-0.0137,45.4674,D,2,9.1416,27.8205,8.5054,0.9288,Defensive,Acceptable,Conservative,Selective Exposure,Core Allocation,Low Risk | Defensive | Acceptable,48.84,Suitable for lower-risk investors seeking relatively stable core exposure. Current setup allows selective exposure under controlled sizing.
KO,MATURE,78.19,Upward,1,2.91,80,46.38,Neutral,0.67,Low Risk,Safe,78.3,57.7,B,Attention,Opportunity Confirmation,0.551630818,"ATTENTION: Reference return 0.7%, Safety 78.3/100, Risk: Low Risk","Risk Reference Prices (Current: 78.19) | Lower Warning: 74.28, Lower Danger: 70.37, Upper Warning: 82.1, Upper Danger: 86.01",ATTENTION,-0.005,0.025,0.0302,0.046,0.1221,0.017,0.0138,0.0119,-0.0795,0.476,0.52,0.0005,0.0087,-0.007,-0.005,0.0204,-0.0072,55.2909,D,2,18.8727,27.9,8.5183,1.2459,Defensive,Strong,Conservative,Selective Exposure,Core Allocation,Low Risk | Defensive | Strong,73.63,Suitable for lower-risk investors seeking relatively stable core exposure. Current setup allows selective exposure under controlled sizing.
CTSH,MATURE,51.86,Downward,-1,-1.59,40,46.1,Neutral,-2.49,Low Risk,Caution,38.6,9.4,D,Underweight,Conservative Allocation,-1.317604113,"WATCHLIST: Reference return -2.5%, Safety 38.6/100, Risk: Low Risk","Risk Reference Prices (Current: 51.86) | Lower Warning: 49.27, Lower Danger: 46.67, Upper Warning: 54.45, Upper Danger: 57.05",WATCHLIST,-0.0109,-0.0588,-0.1362,-0.1645,-0.3225,0.0128,0.0201,0.0201,-0.3988,0.496,0.5,-0.0014,0.0115,-0.0142,-0.0109,-0.059,-0.0197,16.0602,E,1,0.5498,9.5295,5.9809,0.8118,Caution,Fragile,Moderately Conservative,High Risk Tactical Only,Core Allocation,Low Risk | Caution | Fragile,27.96,"Suitable as a relatively stable core risk asset, but current conditions require caution. Current profile is only suitable for tactical, high-risk participation."
COIN,MATURE,202.99,Downward,-1,2.57,65,59.1,Neutral,-0.32,High Risk,Caution,0.0,39.0,C,Caution,Risk Mitigation,0.329340705,"WATCHLIST: Reference return -0.3%, Safety 0.0/100, Risk: High Risk","Risk Reference Prices (Current: 202.99) | Lower Warning: 192.84, Lower Danger: 182.69, Upper Warning: 213.14, Upper Danger: 223.29",WATCHLIST,0.0614,0.0256,0.1008,0.0278,0.018,0.0401,0.0437,0.044,-0.6639,0.46,0.54,0.0011,0.0366,-0.0291,0.0614,0.0161,0.0811,32.7972,E,1,18.5752,6.1827,8.0393,1.2578,Speculative,Acceptable,Balanced Aggressive,Watch / DCA Only,Growth Allocation,High Risk | Speculative | Acceptable,38.78,Suitable for investors willing to accept higher volatility in exchange for stronger growth potential. Current weakness suggests observation or gradual accumulation only.
CL,MATURE,85.37,Downward,-1,1.17,65,42.14,Neutral,-0.01,Low Risk,Mediate,64.8,42.8,C,Caution,Risk Mitigation,-0.265552838,"WATCHLIST: Reference return -0.0%, Safety 64.8/100, Risk: Low Risk","Risk Reference Prices (Current: 85.37) | Lower Warning: 81.1, Lower Danger: 76.83, Upper Warning: 89.64, Upper Danger: 93.91",WATCHLIST,-0.0217,0.0197,0.0207,0.0092,-0.0354,0.0167,0.0167,0.0144,-0.1864,0.472,0.528,-0.0001,0.0108,-0.0097,-0.0217,0.0085,0.0001,38.6385,E,1,10.6867,20.8047,7.1471,1.1057,Defensive,Strong,Conservative,Defensive Hold,Core Allocation,Low Risk | Defensive | Strong,57.41,Suitable for lower-risk investors seeking relatively stable core exposure. Current conditions suggest a defensive stance rather than active accumulation.
CMCSA,MATURE,27.07,Downward,-1,-1.0,35,44.35,Neutral,-1.23,Low Risk,Caution,37.0,11.8,D,Underweight,Conservative Allocation,-0.486313413,"WATCHLIST: Reference return -1.2%, Safety 37.0/100, Risk: Low Risk","Risk Reference Prices (Current: 27.07) | Lower Warning: 25.72, Lower Danger: 24.36, Upper Warning: 28.42, Upper Danger: 29.78",WATCHLIST,-0.0044,-0.1444,-0.038,-0.0563,-0.1248,0.0496,0.0446,0.0308,-0.2572,0.496,0.496,-0.0004,0.0118,-0.0125,-0.0044,-0.0178,0.0011,21.5627,E,1,1.7029,13.0593,6.8005,0.9392,Caution,Weak,Moderately Conservative,High Risk Tactical Only,Core Allocation,Low Risk | Caution | Weak,28.67,"Suitable as a relatively stable core risk asset, but current conditions require caution. Current profile is only suitable for tactical, high-risk participation."
FIX,MATURE,1891.95,Upward,1,1.56,75,59.8,Neutral,3.83,Low Risk,Mediate,57.9,54.9,C+,Watchlist,Double Check,3.018915641,"WATCHLIST: Reference return 3.8%, Safety 57.9/100, Risk: Low Risk","Risk Reference Prices (Current: 1891.95) | Lower Warning: 1797.35, Lower Danger: 1702.76, Upper Warning: 1986.55, Upper Danger: 2081.15",WATCHLIST,0.0134,0.0665,0.1463,0.3945,3.3587,0.0371,0.0291,0.0357,-0.1377,0.596,0.404,0.0064,0.0243,-0.02,0.0134,0.0961,0.0281,83.5266,B,4,47.29,23.1145,13.1221,1.2173,Defensive,Strong,Moderately Conservative,Selective Exposure,Core Allocation,Low Risk | Defensive | Strong,62.86,"Suitable as a relatively stable core risk asset, but current conditions require caution. Current setup allows selective exposure under controlled sizing."
CAG,MATURE,13.85,Downward,-1,-0.47,45,39.11,Bearish,-1.41,Low Risk,Mediate,43.9,19.0,D,Underweight,Conservative Allocation,-1.647025158,"WATCHLIST: Reference return -1.4%, Safety 43.9/100, Risk: Low Risk","Risk Reference Prices (Current: 13.85) | Lower Warning: 13.16, Lower Danger: 12.46, Upper Warning: 14.54, Upper Danger: 15.24",WATCHLIST,-0.0149,-0.0146,-0.0057,-0.0634,-0.3599,0.019,0.0189,0.0182,-0.3605,0.444,0.552,-0.0016,0.0132,-0.0136,-0.0149,0.0021,-0.0348,18.9385,E,1,3.7565,10.0504,5.1317,0.9717,Caution,Weak,Moderately Conservative,Watch / DCA Only,Core Allocation,Low Risk | Caution | Weak,35.55,"Suitable as a relatively stable core risk asset, but current conditions require caution. Current weakness suggests observation or gradual accumulation only."
COP,MATURE,124.91,Upward,1,1.22,50,54.03,Neutral,2.65,Low Risk,Mediate,62.1,45.8,C+,Watchlist,Double Check,1.363477056,"WATCHLIST: Reference return 2.6%, Safety 62.1/100, Risk: Low Risk","Risk Reference Prices (Current: 124.91) | Lower Warning: 118.66, Lower Danger: 112.42, Upper Warning: 131.16, Upper Danger: 137.4",WATCHLIST,0.014,0.0043,0.0515,-0.0158,0.4746,0.022,0.0231,0.022,-0.1347,0.532,0.468,0.0017,0.0154,-0.0138,0.014,0.0259,-0.0069,58.5215,C,3,23.9617,24.774,9.7858,1.1134,Defensive,Strong,Conservative,Selective Exposure,Core Allocation,Low Risk | Defensive | Strong,56.43,Suitable for lower-risk investors seeking relatively stable core exposure. Current setup allows selective exposure under controlled sizing.
ED,MATURE,109.63,Upward,1,-0.76,35,44.42,Neutral,0.51,Low Risk,Safe,76.8,22.6,D,Underweight,Conservative Allocation,0.052660167,"WATCHLIST: Reference return 0.5%, Safety 76.8/100, Risk: Low Risk","Risk Reference Prices (Current: 109.63) | Lower Warning: 104.15, Lower Danger: 98.67, Upper Warning: 115.11, Upper Danger: 120.59",WATCHLIST,-0.0078,-0.0056,-0.0182,0.0016,0.0344,0.0125,0.0113,0.0102,-0.1248,0.52,0.48,0.0002,0.0086,-0.0089,-0.0078,0.0052,-0.0167,42.2479,D,2,8.2299,25.9643,8.0537,0.9652,Defensive,Weak,Conservative,Selective Exposure,Core Allocation,Low Risk | Defensive | Weak,46.45,Suitable for lower-risk investors seeking relatively stable core exposure. Current setup allows selective exposure under controlled sizing.
STZ,MATURE,148.14,Upward,1,-0.98,35,46.54,Neutral,-0.8,Low Risk,Caution,39.4,12.8,D,Underweight,Conservative Allocation,-0.693204122,"WATCHLIST: Reference return -0.8%, Safety 39.4/100, Risk: Low Risk","Risk Reference Prices (Current: 148.14) | Lower Warning: 140.73, Lower Danger: 133.33, Upper Warning: 155.55, Upper Danger: 162.95",WATCHLIST,-0.0306,-0.0639,-0.0934,-0.0033,-0.1882,0.025,0.0189,0.0227,-0.3385,0.44,0.56,-0.0007,0.0149,-0.0129,-0.0306,-0.044,-0.0539,19.1137,E,1,2.4111,10.1667,6.5359,1.1565,Caution,Weak,Moderately Conservative,High Risk Tactical Only,Core Allocation,Low Risk | Caution | Weak,30.08,"Suitable as a relatively stable core risk asset, but current conditions require caution. Current profile is only suitable for tactical, high-risk participation."
CEG,MATURE,321.05,Downward,-1,2.65,65,54.32,Neutral,1.86,Low Risk,Caution,30.8,47.7,C+,Watchlist,Double Check,0.716236256,"WATCHLIST: Reference return 1.9%, Safety 30.8/100, Risk: Low Risk","Risk Reference Prices (Current: 321.05) | Lower Warning: 305.0, Lower Danger: 288.94, Upper Warning: 337.1, Upper Danger: 353.16",WATCHLIST,0.043,0.0966,0.0824,0.1385,0.2997,0.0417,0.0342,0.0301,-0.3877,0.504,0.496,0.0015,0.0233,-0.0207,0.043,0.024,0.0257,58.8129,C,3,41.4144,8.7664,8.6321,1.125,Caution,Strong,Moderately Conservative,Watch / DCA Only,Core Allocation,Low Risk | Caution | Strong,51.9,"Suitable as a relatively stable core risk asset, but current conditions require caution. Current weakness suggests observation or gradual accumulation only."
COO,MATURE,61.52,Downward,-1,-1.51,40,40.36,Neutral,-0.8,Low Risk,Mediate,56.7,12.6,D,Underweight,Conservative Allocation,-0.805870214,"WATCHLIST: Reference return -0.8%, Safety 56.7/100, Risk: Low Risk","Risk Reference Prices (Current: 61.52) | Lower Warning: 58.44, Lower Danger: 55.37, Upper Warning: 64.6, Upper Danger: 67.67",WATCHLIST,-0.0135,-0.0528,-0.1409,-0.1206,-0.2458,0.0169,0.0153,0.0159,-0.2736,0.468,0.532,-0.0009,0.0141,-0.0141,-0.0135,-0.045,-0.0219,20.0343,E,1,0.7823,13.1197,6.1323,0.9996,Defensive,Weak,Moderately Conservative,High Risk Tactical Only,Core Allocation,Low Risk | Defensive | Weak,34.89,"Suitable as a relatively stable core risk asset, but current conditions require caution. Current profile is only suitable for tactical, high-risk participation."
CPRT,MATURE,33.29,Downward,-1,0.19,50,45.1,Neutral,-0.98,Low Risk,Mediate,42.8,27.2,D,Underweight,Conservative Allocation,-2.450235622,"WATCHLIST: Reference return -1.0%, Safety 42.8/100, Risk: Low Risk","Risk Reference Prices (Current: 33.29) | Lower Warning: 31.63, Lower Danger: 29.96, Upper Warning: 34.95, Upper Danger: 36.62",WATCHLIST,0.0006,-0.0174,0.0,0.0131,-0.4547,0.0102,0.008,0.01,-0.492,0.476,0.52,-0.0023,0.0088,-0.0125,0.0006,0.0067,0.0054,20.094,E,1,5.8038,9.6651,4.6251,0.7061,Caution,Acceptable,Moderately Conservative,Watch / DCA Only,Core Allocation,Low Risk | Caution | Acceptable,40.62,"Suitable as a relatively stable core risk asset, but current conditions require caution. Current weakness suggests observation or gradual accumulation only."
GLW,MATURE,159.96,Upward,1,1.25,65,57.74,Neutral,1.99,Low Risk,Caution,34.3,42.9,C,Caution,Risk Mitigation,2.823629908,"WATCHLIST: Reference return 2.0%, Safety 34.3/100, Risk: Low Risk","Risk Reference Prices (Current: 159.96) | Lower Warning: 151.96, Lower Danger: 143.96, Upper Warning: 167.96, Upper Danger: 175.96",WATCHLIST,0.0107,-0.0563,-0.0744,0.284,2.5757,0.0565,0.0398,0.0454,-0.2301,0.592,0.404,0.0056,0.0223,-0.0189,0.0107,-0.0906,-0.0261,56.2736,D,2,30.6082,12.9906,12.6747,1.1798,Caution,Strong,Moderately Conservative,Selective Exposure,Core Allocation,Low Risk | Caution | Strong,48.52,"Suitable as a relatively stable core risk asset, but current conditions require caution. Current setup allows selective exposure under controlled sizing."
CPAY,MATURE,310.83,Downward,-1,-0.92,35,43.51,Neutral,-0.92,Low Risk,Mediate,52.4,15.4,D,Underweight,Conservative Allocation,-0.087402236,"WATCHLIST: Reference return -0.9%, Safety 52.4/100, Risk: Low Risk","Risk Reference Prices (Current: 310.83) | Lower Warning: 295.29, Lower Danger: 279.75, Upper Warning: 326.37, Upper Danger: 341.91",WATCHLIST,0.0118,-0.0084,-0.0301,0.0813,-0.0528,0.0079,0.0184,0.0178,-0.2813,0.508,0.492,0.0,0.016,-0.0164,0.0118,-0.0066,0.0142,31.8775,E,1,11.7277,12.5782,7.5716,0.9727,Defensive,Weak,Moderately Conservative,Watch / DCA Only,Core Allocation,Low Risk | Defensive | Weak,35.26,"Suitable as a relatively stable core risk asset, but current conditions require caution. Current weakness suggests observation or gradual accumulation only."
CTVA,MATURE,81.69,Upward,1,-0.49,35,50.16,Neutral,0.86,Low Risk,Mediate,69.7,25.1,D,Underweight,Conservative Allocation,1.155876909,"WATCHLIST: Reference return 0.9%, Safety 69.7/100, Risk: Low Risk","Risk Reference Prices (Current: 81.69) | Lower Warning: 77.61, Lower Danger: 73.52, Upper Warning: 85.77, Upper Danger: 89.86",WATCHLIST,0.0104,0.0259,-0.0152,0.0564,0.3218,0.0095,0.0099,0.0122,-0.2071,0.568,0.428,0.0012,0.0101,-0.0105,0.0104,0.0237,0.0084,53.3987,D,2,24.5324,18.8267,10.0395,0.9585,Defensive,Acceptable,Conservative,Selective Exposure,Core Allocation,Low Risk | Defensive | Acceptable,45.97,Suitable for lower-risk investors seeking relatively stable core exposure. Current setup allows selective exposure under controlled sizing.
CSGP,MATURE,35.38,Downward,-1,-2.9,20,43.92,Neutral,-4.6,High Risk,Caution,10.2,-5.3,D,Underweight,Conservative Allocation,-1.994326344,"WATCHLIST: Reference return -4.6%, Safety 10.2/100, Risk: High Risk","Risk Reference Prices (Current: 35.38) | Lower Warning: 33.61, Lower Danger: 31.84, Upper Warning: 37.15, Upper Danger: 38.92",WATCHLIST,0.019,-0.0535,-0.059,-0.1753,-0.5411,0.024,0.0253,0.024,-0.6474,0.5,0.5,-0.0028,0.0129,-0.0186,0.019,-0.0291,0.0222,15.3748,E,1,0.9052,8.8957,5.5739,0.6963,Risky,Fragile,Speculative,Avoid / Too Fragile,Tactical Satellite Position,High Risk | Risky | Fragile,7.12,Suitable only for high-risk tactical or speculative positioning. Current profile appears too fragile for normal allocation.
COST,MATURE,1012.79,Upward,1,2.39,80,43.11,Neutral,0.23,Low Risk,Mediate,68.8,53.3,C+,Watchlist,Double Check,-0.108623886,"ATTENTION: Reference return 0.2%, Safety 68.8/100, Risk: Low Risk","Risk Reference Prices (Current: 1012.79) | Lower Warning: 962.15, Lower Danger: 911.51, Upper Warning: 1063.43, Upper Danger: 1114.07",ATTENTION,0.0011,-0.0001,0.0405,0.0431,0.0035,0.0089,0.0079,0.0106,-0.1935,0.476,0.52,0.0001,0.0092,-0.0083,0.0011,0.0031,-0.0003,40.9518,E,1,13.3502,20.2414,7.3602,1.1128,Defensive,Strong,Conservative,Selective Exposure,Core Allocation,Low Risk | Defensive | Strong,67.36,Suitable for lower-risk investors seeking relatively stable core exposure. Current setup allows selective exposure under controlled sizing.
CTRA,MATURE,35.86,Upward,1,2.77,80,52.14,Neutral,2.39,Low Risk,Mediate,62.6,57.9,B,Attention,Opportunity Confirmation,1.324152815,"ATTENTION: Reference return 2.4%, Safety 62.6/100, Risk: Low Risk","Risk Reference Prices (Current: 35.86) | Lower Warning: 34.07, Lower Danger: 32.27, Upper Warning: 37.65, Upper Danger: 39.45",ATTENTION,0.0136,0.0657,0.1323,0.0556,0.4677,0.0164,0.0185,0.0212,-0.1551,0.568,0.42,0.0017,0.014,-0.0149,0.0136,0.0695,-0.0014,70.165,C,3,36.9499,23.3016,9.9134,0.9412,Defensive,Strong,Conservative,Selective Exposure,Core Allocation,Low Risk | Defensive | Strong,68.42,Suitable for lower-risk investors seeking relatively stable core exposure. Current setup allows selective exposure under controlled sizing.
CRH,MATURE,110.8,Downward,-1,0.98,50,48.92,Neutral,-0.41,Low Risk,Mediate,50.6,36.5,C,Caution,Risk Mitigation,0.439592819,"WATCHLIST: Reference return -0.4%, Safety 50.6/100, Risk: Low Risk","Risk Reference Prices (Current: 110.80) | Lower Warning: 105.26, Lower Danger: 99.72, Upper Warning: 116.34, Upper Danger: 121.88",WATCHLIST,-0.0403,-0.0543,-0.0563,0.1028,0.1361,0.0271,0.0214,0.0239,-0.2382,0.46,0.532,0.0007,0.0165,-0.0129,-0.0403,-0.061,-0.0643,40.7754,E,1,17.3532,15.2476,8.1746,1.2735,Defensive,Acceptable,Moderately Conservative,Watch / DCA Only,Core Allocation,Low Risk | Defensive | Acceptable,48.5,"Suitable as a relatively stable core risk asset, but current conditions require caution. Current weakness suggests observation or gradual accumulation only."
CRWD,MATURE,469.24,Downward,-1,2.53,65,57.28,Neutral,1.05,Low Risk,Caution,28.7,46.1,C+,Watchlist,Double Check,0.251601493,"WATCHLIST: Reference return 1.1%, Safety 28.7/100, Risk: Low Risk","Risk Reference Prices (Current: 469.24) | Lower Warning: 445.78, Lower Danger: 422.32, Upper Warning: 492.7, Upper Danger: 516.16",WATCHLIST,0.0298,0.0535,0.1775,0.1473,0.0581,0.0157,0.0229,0.0329,-0.3718,0.528,0.472,0.0006,0.0191,-0.0201,0.0298,0.0471,0.0527,50.016,D,2,33.1244,8.5999,8.2917,0.9486,Caution,Strong,Moderately Conservative,Watch / DCA Only,Core Allocation,Low Risk | Caution | Strong,50.68,"Suitable as a relatively stable core risk asset, but current conditions require caution. Current weakness suggests observation or gradual accumulation only."
CCI,MATURE,90.18,Upward,1,1.17,80,53.32,Neutral,0.4,Low Risk,Mediate,51.4,45.5,C+,Watchlist,Double Check,-0.498205633,"WATCHLIST: Reference return 0.4%, Safety 51.4/100, Risk: Low Risk","Risk Reference Prices (Current: 90.18) | Lower Warning: 85.67, Lower Danger: 81.16, Upper Warning: 94.69, Upper Danger: 99.2",WATCHLIST,0.0103,0.0304,0.0453,0.0949,-0.1173,0.0243,0.0211,0.0202,-0.3,0.512,0.476,-0.0004,0.0119,-0.0136,0.0103,0.0445,0.0158,37.7773,E,1,19.1528,11.5391,7.0855,0.8776,Defensive,Strong,Moderately Conservative,Selective Exposure,Core Allocation,Low Risk | Defensive | Strong,56.9,"Suitable as a relatively stable core risk asset, but current conditions require caution. Current setup allows selective exposure under controlled sizing."
CSX,MATURE,44.72,Upward,1,4.32,100,53.55,Neutral,2.09,Low Risk,Mediate,69.7,64.9,B,Attention,Opportunity Confirmation,2.020061783,"ATTENTION: Reference return 2.1%, Safety 69.7/100, Risk: Low Risk","Risk Reference Prices (Current: 44.72) | Lower Warning: 42.48, Lower Danger: 40.25, Upper Warning: 46.96, Upper Danger: 49.19",ATTENTION,-0.0082,-0.0316,0.052,0.1716,0.5947,0.0109,0.0217,0.0164,-0.1189,0.572,0.428,0.002,0.0109,-0.0099,-0.0082,-0.0152,-0.0156,72.0713,B,4,34.7351,26.0628,11.2734,1.0949,Defensive,Strong,Conservative,Selective Exposure,Core Allocation,Low Risk | Defensive | Strong,80.02,Suitable for lower-risk investors seeking relatively stable core exposure. Current setup allows selective exposure under controlled sizing.
CMI,MATURE,656.73,Upward,1,3.71,90,51.93,Neutral,-0.12,Low Risk,Mediate,61.1,57.1,B,Attention,Opportunity Confirmation,2.583830415,"ATTENTION: Reference return -0.1%, Safety 61.1/100, Risk: Low Risk","Risk Reference Prices (Current: 656.73) | Lower Warning: 623.89, Lower Danger: 591.06, Upper Warning: 689.57, Upper Danger: 722.4",ATTENTION,-0.0011,-0.0003,0.0669,0.2309,1.2128,0.025,0.0215,0.0243,-0.1523,0.568,0.432,0.0034,0.0156,-0.0127,-0.0011,-0.0061,-0.0213,74.0681,B,4,38.4743,23.3051,12.2887,1.229,Defensive,Strong,Conservative,Selective Exposure,Core Allocation,Low Risk | Defensive | Strong,71.48,Suitable for lower-risk investors seeking relatively stable core exposure. Current setup allows selective exposure under controlled sizing.
CVS,MATURE,82.01,Upward,1,3.88,90,53.84,Neutral,0.28,Low Risk,Mediate,59.8,57.7,B,Attention,Opportunity Confirmation,0.805317036,"ATTENTION: Reference return 0.3%, Safety 59.8/100, Risk: Low Risk","Risk Reference Prices (Current: 82.01) | Lower Warning: 77.91, Lower Danger: 73.81, Upper Warning: 86.11, Upper Danger: 90.21",ATTENTION,-0.001,0.0399,0.0658,0.1574,0.2669,0.0209,0.022,0.0208,-0.1644,0.572,0.428,0.0011,0.0127,-0.0143,-0.001,0.0522,-0.0154,69.3963,C,3,37.173,22.5316,9.6918,0.8875,Defensive,Strong,Moderately Conservative,Selective Exposure,Core Allocation,Low Risk | Defensive | Strong,71.82,"Suitable as a relatively stable core risk asset, but current conditions require caution. Current setup allows selective exposure under controlled sizing."
DHR,MATURE,174.04,Downward,-1,-2.31,20,43.94,Neutral,-1.5,Low Risk,Mediate,52.2,4.6,D,Underweight,Conservative Allocation,-0.404747606,"WATCHLIST: Reference return -1.5%, Safety 52.2/100, Risk: Low Risk","Risk Reference Prices (Current: 174.04) | Lower Warning: 165.34, Lower Danger: 156.64, Upper Warning: 182.74, Upper Danger: 191.44",WATCHLIST,-0.0063,-0.0254,-0.1237,-0.0789,-0.1123,0.0123,0.0179,0.0189,-0.2794,0.5,0.5,-0.0003,0.0133,-0.0139,-0.0063,-0.0181,-0.0274,21.9262,E,1,2.2083,12.6259,7.092,0.9555,Defensive,Fragile,Moderately Conservative,Avoid / Too Fragile,Core Allocation,Low Risk | Defensive | Fragile,26.27,"Suitable as a relatively stable core risk asset, but current conditions require caution. Current profile appears too fragile for normal allocation."
DRI,MATURE,192.09,Downward,-1,0.76,50,42.38,Neutral,-0.43,Low Risk,Mediate,57.8,35.2,C,Caution,Risk Mitigation,-0.129875286,"WATCHLIST: Reference return -0.4%, Safety 57.8/100, Risk: Low Risk","Risk Reference Prices (Current: 192.09) | Lower Warning: 182.49, Lower Danger: 172.88, Upper Warning: 201.69, Upper Danger: 211.3",WATCHLIST,-0.0137,-0.0507,-0.0298,-0.0467,-0.0232,0.0154,0.0165,0.0186,-0.2392,0.5,0.5,0.0,0.0117,-0.0117,-0.0137,-0.0446,-0.0422,26.6588,E,1,3.672,15.5191,7.4677,1.0051,Defensive,Acceptable,Moderately Conservative,Watch / DCA Only,Core Allocation,Low Risk | Defensive | Acceptable,49.43,"Suitable as a relatively stable core risk asset, but current conditions require caution. Current weakness suggests observation or gradual accumulation only."
DDOG,MATURE,146.69,Downward,-1,1.08,50,54.54,Neutral,1.93,Low Risk,Caution,16.0,34.4,D,Underweight,Conservative Allocation,0.794685374,"WATCHLIST: Reference return 1.9%, Safety 16.0/100, Risk: Low Risk","Risk Reference Prices (Current: 146.69) | Lower Warning: 139.36, Lower Danger: 132.02, Upper Warning: 154.02, Upper Danger: 161.36",WATCHLIST,0.0438,0.1473,0.3267,0.1728,0.3878,0.0271,0.0321,0.036,-0.4862,0.472,0.528,0.0019,0.0262,-0.0198,0.0438,0.1329,0.1097,64.2879,C,3,47.6746,7.6078,9.0055,1.3207,Risky,Acceptable,Moderately Conservative,Watch / DCA Only,Core Allocation,Low Risk | Risky | Acceptable,36.57,"Suitable as a relatively stable core risk asset, but current conditions require caution. Current weakness suggests observation or gradual accumulation only."
DVA,MATURE,154.08,Upward,1,2.49,80,44.64,Neutral,0.41,Low Risk,Mediate,52.7,50.8,C+,Watchlist,Double Check,0.298131805,"ATTENTION: Reference return 0.4%, Safety 52.7/100, Risk: Low Risk","Risk Reference Prices (Current: 154.08) | Lower Warning: 146.38, Lower Danger: 138.67, Upper Warning: 161.78, Upper Danger: 169.49",ATTENTION,0.016,-0.0061,0.031,0.0319,0.0884,0.0179,0.018,0.0171,-0.3136,0.488,0.504,0.0006,0.015,-0.0134,0.016,0.0147,-0.0068,33.2445,E,1,14.128,11.2003,7.9162,1.1215,Defensive,Strong,Moderately Conservative,Selective Exposure,Core Allocation,Low Risk | Defensive | Strong,61.37,"Suitable as a relatively stable core risk asset, but current conditions require caution. Current setup allows selective exposure under controlled sizing."
DECK,MATURE,97.65,Downward,-1,-2.26,20,44.89,Neutral,-0.55,Low Risk,Caution,37.2,2.0,D,Underweight,Conservative Allocation,-0.215154124,"WATCHLIST: Reference return -0.5%, Safety 37.2/100, Risk: Low Risk","Risk Reference Prices (Current: 97.65) | Lower Warning: 92.77, Lower Danger: 87.88, Upper Warning: 102.53, Upper Danger: 107.42",WATCHLIST,-0.032,-0.0934,-0.0942,-0.0277,-0.1748,0.0199,0.0203,0.0268,-0.3852,0.46,0.54,-0.0003,0.0224,-0.0196,-0.032,-0.1002,-0.0445,17.6866,E,1,1.5118,9.1267,7.048,1.1442,Caution,Fragile,Moderately Conservative,Avoid / Too Fragile,Core Allocation,Low Risk | Caution | Fragile,20.46,"Suitable as a relatively stable core risk asset, but current conditions require caution. Current profile appears too fragile for normal allocation."
DE,MATURE,578.39,Upward,1,-0.6,35,43.34,Neutral,-0.63,Low Risk,Mediate,57.9,19.2,D,Underweight,Conservative Allocation,0.690002581,"WATCHLIST: Reference return -0.6%, Safety 57.9/100, Risk: Low Risk","Risk Reference Prices (Current: 578.39) | Lower Warning: 549.47, Lower Danger: 520.55, Upper Warning: 607.31, Upper Danger: 636.23",WATCHLIST,0.002,-0.0229,-0.0296,0.0364,0.2174,0.0313,0.0248,0.0225,-0.1683,0.5,0.5,0.001,0.0136,-0.0117,0.002,0.028,-0.0195,47.2004,D,2,16.3455,22.0725,8.7824,1.1625,Defensive,Weak,Moderately Conservative,Watch / DCA Only,Core Allocation,Low Risk | Defensive | Weak,39.11,"Suitable as a relatively stable core risk asset, but current conditions require caution. Current weakness suggests observation or gradual accumulation only."
DELL,MATURE,211.64,Upward,1,0.61,60,76.43,Bullish,3.91,Low Risk,Caution,33.1,42.4,C,Caution,Risk Mitigation,1.823255223,"WATCHLIST: Reference return 3.9%, Safety 33.1/100, Risk: Low Risk","Risk Reference Prices (Current: 211.64) | Lower Warning: 201.06, Lower Danger: 190.48, Upper Warning: 222.22, Upper Danger: 232.8",WATCHLIST,0.007,-0.0024,0.1506,0.3465,1.277,0.0218,0.0337,0.0357,-0.3234,0.524,0.476,0.0038,0.0249,-0.0195,0.007,-0.0206,0.0129,61.9556,C,3,41.9515,9.1403,10.8639,1.2787,Caution,Strong,Moderately Conservative,Selective Exposure,Core Allocation,Low Risk | Caution | Strong,47.47,"Suitable as a relatively stable core risk asset, but current conditions require caution. Current setup allows selective exposure under controlled sizing."
DAL,MATURE,68.5,Upward,1,-0.4,35,50.43,Neutral,-0.2,Low Risk,Mediate,53.7,21.4,D,Underweight,Conservative Allocation,1.13582422,"WATCHLIST: Reference return -0.2%, Safety 53.7/100, Risk: Low Risk","Risk Reference Prices (Current: 68.50) | Lower Warning: 65.08, Lower Danger: 61.65, Upper Warning: 71.92, Upper Danger: 75.35",WATCHLIST,-0.007,0.0019,-0.0446,0.0798,0.5237,0.015,0.0168,0.0241,-0.229,0.484,0.512,0.002,0.022,-0.0169,-0.007,0.0007,0.0075,50.9868,D,2,25.5847,16.0613,9.3408,1.3047,Defensive,Weak,Moderately Conservative,Watch / DCA Only,Core Allocation,Low Risk | Defensive | Weak,39.51,"Suitable as a relatively stable core risk asset, but current conditions require caution. Current weakness suggests observation or gradual accumulation only."
DVN,MATURE,51.26,Upward,1,2.81,80,51.84,Neutral,2.2,Low Risk,Mediate,62.9,57.7,B,Attention,Opportunity Confirmation,1.727655346,"ATTENTION: Reference return 2.2%, Safety 62.9/100, Risk: Low Risk","Risk Reference Prices (Current: 51.26) | Lower Warning: 48.7, Lower Danger: 46.13, Upper Warning: 53.82, Upper Danger: 56.39",ATTENTION,0.0138,0.0646,0.1328,0.0534,0.7174,0.0168,0.0185,0.0214,-0.1506,0.528,0.468,0.0024,0.0174,-0.0146,0.0138,0.0693,-0.0021,70.976,C,3,37.015,23.656,10.3049,1.1938,Defensive,Strong,Conservative,Selective Exposure,Core Allocation,Low Risk | Defensive | Strong,68.53,Suitable for lower-risk investors seeking relatively stable core exposure. Current setup allows selective exposure under controlled sizing.
DXCM,MATURE,60.04,Downward,-1,-1.27,45,42.62,Neutral,-0.65,Low Risk,Caution,36.7,11.5,D,Underweight,Conservative Allocation,-0.666190266,"WATCHLIST: Reference return -0.7%, Safety 36.7/100, Risk: Low Risk","Risk Reference Prices (Current: 60.04) | Lower Warning: 57.04, Lower Danger: 54.04, Upper Warning: 63.04, Upper Danger: 66.04",WATCHLIST,-0.0214,-0.0424,-0.0462,-0.1032,-0.252,0.028,0.0259,0.0232,-0.3875,0.492,0.492,-0.0009,0.0155,-0.0173,-0.0214,-0.0248,0.0082,17.2967,E,1,1.5343,9.4132,6.3492,0.8986,Caution,Weak,Moderately Conservative,High Risk Tactical Only,Core Allocation,Low Risk | Caution | Weak,29.13,"Suitable as a relatively stable core risk asset, but current conditions require caution. Current profile is only suitable for tactical, high-risk participation."
FANG,MATURE,213.69,Upward,1,1.24,65,56.45,Neutral,2.55,Low Risk,Mediate,67.9,50.3,C+,Watchlist,Double Check,1.687956854,"WATCHLIST: Reference return 2.5%, Safety 67.9/100, Risk: Low Risk","Risk Reference Prices (Current: 213.69) | Lower Warning: 203.01, Lower Danger: 192.32, Upper Warning: 224.37, Upper Danger: 235.06",WATCHLIST,0.0291,0.0925,0.1457,0.1098,0.6495,0.0124,0.0174,0.0195,-0.1253,0.52,0.48,0.0022,0.0168,-0.0136,0.0291,0.097,0.0392,79.3942,B,4,43.5948,25.5288,10.2706,1.231,Defensive,Strong,Conservative,Selective Exposure,Core Allocation,Low Risk | Defensive | Strong,62.35,Suitable for lower-risk investors seeking relatively stable core exposure. Current setup allows selective exposure under controlled sizing.
DLR,MATURE,198.51,Upward,1,1.61,85,52.81,Neutral,1.5,Low Risk,Mediate,69.8,54.7,C+,Watchlist,Double Check,0.871076357,"WATCHLIST: Reference return 1.5%, Safety 69.8/100, Risk: Low Risk","Risk Reference Prices (Current: 198.51) | Lower Warning: 188.58, Lower Danger: 178.66, Upper Warning: 208.44, Upper Danger: 218.36",WATCHLIST,-0.0109,-0.0075,0.0139,0.1455,0.226,0.0164,0.0142,0.0127,-0.1683,0.516,0.476,0.0009,0.0108,-0.0098,-0.0109,-0.0075,-0.0121,59.4685,C,3,27.91,22.5895,8.969,1.1018,Defensive,Strong,Conservative,Selective Exposure,Core Allocation,Low Risk | Defensive | Strong,67.9,Suitable for lower-risk investors seeking relatively stable core exposure. Current setup allows selective exposure under controlled sizing.
DG,MATURE,114.48,Downward,-1,-2.39,30,41.57,Neutral,-1.37,Low Risk,Mediate,54.6,6.5,D,Underweight,Conservative Allocation,0.712274471,"WATCHLIST: Reference return -1.4%, Safety 54.6/100, Risk: Low Risk","Risk Reference Prices (Current: 114.48) | Lower Warning: 108.76, Lower Danger: 103.03, Upper Warning: 120.2, Upper Danger: 125.93",WATCHLIST,0.0004,-0.0621,-0.0427,-0.0763,0.2667,0.0135,0.0158,0.0215,-0.2661,0.492,0.508,0.0012,0.0171,-0.0142,0.0004,-0.0516,-0.0121,35.4019,E,1,13.2961,13.2843,8.8215,1.2063,Defensive,Fragile,Moderately Conservative,Avoid / Too Fragile,Core Allocation,Low Risk | Defensive | Fragile,28.74,"Suitable as a relatively stable core risk asset, but current conditions require caution. Current profile appears too fragile for normal allocation."
DLTR,MATURE,94.05,Downward,-1,-2.12,20,40.14,Neutral,-2.47,Low Risk,Mediate,40.1,2.3,D,Underweight,Conservative Allocation,0.385343133,"WATCHLIST: Reference return -2.5%, Safety 40.1/100, Risk: Low Risk","Risk Reference Prices (Current: 94.05) | Lower Warning: 89.35, Lower Danger: 84.64, Upper Warning: 98.75, Upper Danger: 103.46",WATCHLIST,-0.0065,-0.0802,-0.0658,-0.1121,0.1203,0.0255,0.0276,0.0243,-0.334,0.508,0.492,0.0007,0.0179,-0.017,-0.0065,-0.0935,-0.0315,25.1587,E,1,6.8081,10.1495,8.2012,1.0527,Caution,Fragile,Moderately Conservative,Avoid / Too Fragile,Core Allocation,Low Risk | Caution | Fragile,21.44,"Suitable as a relatively stable core risk asset, but current conditions require caution. Current profile appears too fragile for normal allocation."
D,MATURE,62.95,Upward,1,2.69,80,47.52,Neutral,0.46,Low Risk,Safe,76.2,56.6,B,Attention,Opportunity Confirmation,0.91434074,"ATTENTION: Reference return 0.5%, Safety 76.2/100, Risk: Low Risk","Risk Reference Prices (Current: 62.95) | Lower Warning: 59.8, Lower Danger: 56.66, Upper Warning: 66.1, Upper Danger: 69.24",ATTENTION,-0.0155,0.0069,-0.0119,0.0601,0.2103,0.0153,0.0148,0.0121,-0.0977,0.516,0.48,0.0008,0.0096,-0.0086,-0.0155,0.0059,-0.024,56.5682,D,2,20.2058,27.2514,9.111,1.1184,Defensive,Strong,Conservative,Selective Exposure,Core Allocation,Low Risk | Defensive | Strong,72.13,Suitable for lower-risk investors seeking relatively stable core exposure. Current setup allows selective exposure under controlled sizing.
DPZ,MATURE,330.42,Downward,-1,-2.53,20,50.12,Neutral,-1.36,Low Risk,Mediate,43.0,3.1,D,Underweight,Conservative Allocation,-1.421604371,"WATCHLIST: Reference return -1.4%, Safety 43.0/100, Risk: Low Risk","Risk Reference Prices (Current: 330.42) | Lower Warning: 313.9, Lower Danger: 297.38, Upper Warning: 346.94, Upper Danger: 363.46",WATCHLIST,-0.0218,-0.1127,-0.105,-0.115,-0.2968,0.0362,0.027,0.0231,-0.3246,0.456,0.544,-0.0013,0.0119,-0.0123,-0.0218,-0.1017,-0.0265,16.2844,E,1,0.3459,10.4867,5.4519,0.9648,Caution,Fragile,Moderately Conservative,Avoid / Too Fragile,Core Allocation,Low Risk | Caution | Fragile,22.67,"Suitable as a relatively stable core risk asset, but current conditions require caution. Current profile appears too fragile for normal allocation."
DASH,MATURE,172.57,Downward,-1,0.39,50,54.1,Neutral,-1.42,Low Risk,Caution,18.4,25.6,D,Underweight,Conservative Allocation,-0.266053502,"WATCHLIST: Reference return -1.4%, Safety 18.4/100, Risk: Low Risk","Risk Reference Prices (Current: 172.57) | Lower Warning: 163.94, Lower Danger: 155.31, Upper Warning: 181.2, Upper Danger: 189.83",WATCHLIST,-0.0186,-0.025,0.0552,0.1017,-0.1598,0.0213,0.0357,0.0303,-0.4797,0.504,0.496,-0.0003,0.0192,-0.0202,-0.0186,-0.0238,0.0232,32.1122,E,1,16.4989,8.3566,7.2567,0.9541,Risky,Acceptable,Moderately Conservative,Watch / DCA Only,Core Allocation,Low Risk | Risky | Acceptable,33.0,"Suitable as a relatively stable core risk asset, but current conditions require caution. Current weakness suggests observation or gradual accumulation only."
DOV,MATURE,220.86,Upward,1,2.77,80,48.82,Neutral,0.64,Low Risk,Mediate,64.7,55.0,B,Attention,Opportunity Confirmation,1.018451951,"ATTENTION: Reference return 0.6%, Safety 64.7/100, Risk: Low Risk","Risk Reference Prices (Current: 220.86) | Lower Warning: 209.82, Lower Danger: 198.77, Upper Warning: 231.9, Upper Danger: 242.95",ATTENTION,-0.0218,-0.032,0.0109,0.0549,0.2904,0.0136,0.0208,0.0189,-0.1534,0.496,0.504,0.0011,0.0123,-0.0099,-0.0218,-0.0174,-0.0245,54.2017,D,2,21.2614,23.5858,9.3545,1.2479,Defensive,Strong,Conservative,Selective Exposure,Core Allocation,Low Risk | Defensive | Strong,67.95,Suitable for lower-risk investors seeking relatively stable core exposure. Current setup allows selective exposure under controlled sizing.
DOW,MATURE,40.58,Upward,1,1.23,50,55.86,Neutral,2.47,Low Risk,Caution,32.3,39.9,C,Caution,Risk Mitigation,0.994195168,"WATCHLIST: Reference return 2.5%, Safety 32.3/100, Risk: Low Risk","Risk Reference Prices (Current: 40.58) | Lower Warning: 38.55, Lower Danger: 36.52, Upper Warning: 42.61, Upper Danger: 44.64",WATCHLIST,0.0072,0.0532,0.0363,0.1072,0.4966,0.0187,0.0372,0.0334,-0.3202,0.484,0.512,0.0021,0.0253,-0.0198,0.0072,0.0497,0.0022,54.3001,D,2,35.6376,9.5681,9.0944,1.2759,Caution,Acceptable,Moderately Conservative,Selective Exposure,Core Allocation,Low Risk | Caution | Acceptable,44.44,"Suitable as a relatively stable core risk asset, but current conditions require caution. Current setup allows selective exposure under controlled sizing."
DHI,MATURE,143.53,Downward,-1,1.27,60,47.94,Neutral,-0.52,Low Risk,Mediate,45.2,39.5,C,Caution,Risk Mitigation,0.452713837,"WATCHLIST: Reference return -0.5%, Safety 45.2/100, Risk: Low Risk","Risk Reference Prices (Current: 143.53) | Lower Warning: 136.35, Lower Danger: 129.18, Upper Warning: 150.71, Upper Danger: 157.88",WATCHLIST,-0.043,-0.126,-0.0118,0.0782,0.1519,0.019,0.0292,0.0248,-0.2756,0.484,0.516,0.0009,0.0187,-0.0158,-0.043,-0.1024,-0.0671,36.9912,E,1,16.3121,12.4364,8.2428,1.1781,Caution,Acceptable,Moderately Conservative,Watch / DCA Only,Core Allocation,Low Risk | Caution | Acceptable,49.64,"Suitable as a relatively stable core risk asset, but current conditions require caution. Current weakness suggests observation or gradual accumulation only."
DTE,MATURE,146.73,Upward,1,2.6,80,49.68,Neutral,1.18,Low Risk,Safe,76.3,57.9,B,Attention,Opportunity Confirmation,0.483244711,"ATTENTION: Reference return 1.2%, Safety 76.3/100, Risk: Low Risk","Risk Reference Prices (Current: 146.73) | Lower Warning: 139.39, Lower Danger: 132.06, Upper Warning: 154.07, Upper Danger: 161.4",ATTENTION,-0.0138,-0.0045,-0.0068,0.0364,0.1094,0.0177,0.0151,0.0114,-0.1013,0.576,0.416,0.0005,0.0072,-0.0088,-0.0138,-0.001,-0.0327,49.8282,D,2,13.3219,27.1219,9.3844,0.8142,Defensive,Strong,Conservative,Selective Exposure,Core Allocation,Low Risk | Defensive | Strong,72.54,Suitable for lower-risk investors seeking relatively stable core exposure. Current setup allows selective exposure under controlled sizing.
DUK,MATURE,127.45,Upward,1,-0.63,35,47.36,Neutral,1.03,Low Risk,Safe,78.3,25.4,D,Underweight,Conservative Allocation,0.39975537,"WATCHLIST: Reference return 1.0%, Safety 78.3/100, Risk: Low Risk","Risk Reference Prices (Current: 127.45) | Lower Warning: 121.08, Lower Danger: 114.7, Upper Warning: 133.82, Upper Danger: 140.2",WATCHLIST,-0.0089,-0.0046,-0.018,0.005,0.0929,0.0121,0.0121,0.0098,-0.1088,0.536,0.464,0.0004,0.0075,-0.0078,-0.0089,0.0014,-0.0162,46.0473,D,2,10.4683,26.8351,8.7439,0.9618,Defensive,Acceptable,Conservative,Selective Exposure,Core Allocation,Low Risk | Defensive | Acceptable,48.44,Suitable for lower-risk investors seeking relatively stable core exposure. Current setup allows selective exposure under controlled sizing.
DD,MATURE,45.41,Upward,1,-0.42,35,45.99,Neutral,-0.3,Low Risk,Mediate,65.0,22.8,D,Underweight,Conservative Allocation,1.815586616,"WATCHLIST: Reference return -0.3%, Safety 65.0/100, Risk: Low Risk","Risk Reference Prices (Current: 45.41) | Lower Warning: 43.14, Lower Danger: 40.87, Upper Warning: 47.68, Upper Danger: 49.95",WATCHLIST,-0.0179,-0.0207,-0.0272,0.07,0.6959,0.0188,0.0155,0.0195,-0.1731,0.52,0.476,0.0023,0.0157,-0.0123,-0.0179,-0.0199,-0.0055,56.3457,D,2,23.8918,21.8245,10.6293,1.2723,Defensive,Weak,Conservative,Selective Exposure,Core Allocation,Low Risk | Defensive | Weak,43.39,Suitable for lower-risk investors seeking relatively stable core exposure. Current setup allows selective exposure under controlled sizing.
ETN,MATURE,422.44,Upward,1,3.68,90,53.6,Neutral,1.23,Low Risk,Mediate,59.6,59.0,B,Attention,Opportunity Confirmation,1.201131647,"ATTENTION: Reference return 1.2%, Safety 59.6/100, Risk: Low Risk","Risk Reference Prices (Current: 422.44) | Lower Warning: 401.32, Lower Danger: 380.2, Upper Warning: 443.56, Upper Danger: 464.68",ATTENTION,-0.0073,-0.0049,0.0511,0.184,0.4273,0.0248,0.0211,0.0239,-0.1913,0.528,0.472,0.0016,0.0151,-0.0135,-0.0073,-0.0035,-0.0244,65.2287,C,3,35.8053,19.7634,9.66,1.1195,Defensive,Strong,Moderately Conservative,Selective Exposure,Core Allocation,Low Risk | Defensive | Strong,71.62,"Suitable as a relatively stable core risk asset, but current conditions require caution. Current setup allows selective exposure under controlled sizing."
EBAY,MATURE,109.33,Upward,1,3.12,65,61.81,Bullish,1.93,Low Risk,Mediate,55.6,54.9,C+,Watchlist,Double Check,1.300888357,"WATCHLIST: Reference return 1.9%, Safety 55.6/100, Risk: Low Risk","Risk Reference Prices (Current: 109.33) | Lower Warning: 103.86, Lower Danger: 98.4, Upper Warning: 114.8, Upper Danger: 120.26",WATCHLIST,0.0505,0.0574,0.0889,0.2287,0.5769,0.0332,0.0262,0.0216,-0.2067,0.564,0.432,0.0021,0.0151,-0.0149,0.0505,0.1163,0.0565,73.1317,B,4,44.4095,18.3929,10.3293,1.0164,Defensive,Strong,Moderately Conservative,Selective Exposure,Core Allocation,Low Risk | Defensive | Strong,64.66,"Suitable as a relatively stable core risk asset, but current conditions require caution. Current setup allows selective exposure under controlled sizing."
ECL,MATURE,255.59,Downward,-1,-2.18,20,45.69,Neutral,-0.04,Low Risk,Mediate,66.4,8.2,D,Underweight,Conservative Allocation,-0.040684149,"WATCHLIST: Reference return -0.0%, Safety 66.4/100, Risk: Low Risk","Risk Reference Prices (Current: 255.59) | Lower Warning: 242.81, Lower Danger: 230.03, Upper Warning: 268.37, Upper Danger: 281.15",WATCHLIST,-0.0151,-0.0584,-0.0642,-0.0035,0.0123,0.0163,0.0147,0.0159,-0.1689,0.52,0.48,0.0001,0.0092,-0.0097,-0.0151,-0.0516,-0.0192,35.1468,E,1,4.8161,22.4008,7.9299,0.9483,Defensive,Fragile,Conservative,High Risk Tactical Only,Core Allocation,Low Risk | Defensive | Fragile,32.82,"Suitable for lower-risk investors seeking relatively stable core exposure. Current profile is only suitable for tactical, high-risk participation."
EIX,MATURE,69.0,Upward,1,-0.8,45,47.05,Neutral,0.71,Low Risk,Mediate,66.6,23.0,D,Underweight,Conservative Allocation,1.087896847,"WATCHLIST: Reference return 0.7%, Safety 66.6/100, Risk: Low Risk","Risk Reference Prices (Current: 69.00) | Lower Warning: 65.55, Lower Danger: 62.1, Upper Warning: 72.45, Upper Danger: 75.9",WATCHLIST,-0.0126,-0.0191,-0.0466,0.0012,0.3308,0.0142,0.0118,0.0145,-0.1758,0.536,0.46,0.0013,0.0128,-0.0122,-0.0126,0.002,-0.0071,48.6266,D,2,17.3436,21.8186,9.4644,1.054,Defensive,Weak,Conservative,Selective Exposure,Core Allocation,Low Risk | Defensive | Weak,44.66,Suitable for lower-risk investors seeking relatively stable core exposure. Current setup allows selective exposure under controlled sizing.
EW,MATURE,83.33,Downward,-1,2.59,65,52.84,Neutral,-0.15,Low Risk,Mediate,66.8,51.5,C+,Watchlist,Double Check,0.394414957,"WATCHLIST: Reference return -0.1%, Safety 66.8/100, Risk: Low Risk","Risk Reference Prices (Current: 83.33) | Lower Warning: 79.16, Lower Danger: 75.0, Upper Warning: 87.5, Upper Danger: 91.66",WATCHLIST,-0.0077,0.0453,0.0656,0.0101,0.1094,0.0261,0.022,0.0182,-0.1273,0.496,0.496,0.0005,0.0115,-0.0104,-0.0077,-0.0097,-0.002,53.9438,D,2,20.389,25.4796,8.0752,1.1006,Defensive,Strong,Conservative,Defensive Hold,Core Allocation,Low Risk | Defensive | Strong,65.34,Suitable for lower-risk investors seeking relatively stable core exposure. Current conditions suggest a defensive stance rather than active accumulation.
EA,MATURE,201.82,Upward,1,-0.42,35,52.71,Neutral,0.12,Low Risk,Safe,89.4,28.8,D,Underweight,Conservative Allocation,1.149251573,"WATCHLIST: Reference return 0.1%, Safety 89.4/100, Risk: Low Risk","Risk Reference Prices (Current: 201.82) | Lower Warning: 191.73, Lower Danger: 181.64, Upper Warning: 211.91, Upper Danger: 222.0",WATCHLIST,-0.0013,-0.0034,-0.0051,0.0065,0.3098,0.0011,0.0017,0.0027,-0.0812,0.54,0.456,0.0012,0.007,-0.0057,-0.0013,-0.0042,-0.0027,58.3356,C,3,19.1185,28.0775,11.1396,1.2285,Safe,Acceptable,Conservative,Selective Exposure,Core Allocation,Low Risk | Safe | Acceptable,54.4,Suitable for lower-risk investors seeking relatively stable core exposure. Current setup allows selective exposure under controlled sizing.
ELV,MATURE,371.9,Downward,-1,0.74,70,57.37,Neutral,1.09,Low Risk,Mediate,46.3,40.8,C,Caution,Risk Mitigation,-0.122154138,"WATCHLIST: Reference return 1.1%, Safety 46.3/100, Risk: Low Risk","Risk Reference Prices (Current: 371.90) | Lower Warning: 353.3, Lower Danger: 334.71, Upper Warning: 390.5, Upper Danger: 409.09",WATCHLIST,-0.0021,0.074,0.1869,0.2759,-0.0876,0.0194,0.0207,0.0187,-0.3391,0.504,0.496,0.0,0.0166,-0.017,-0.0021,0.0787,-0.012,51.6391,D,2,33.7786,10.4115,7.449,0.9799,Caution,Strong,Moderately Conservative,Watch / DCA Only,Core Allocation,Low Risk | Caution | Strong,51.53,"Suitable as a relatively stable core risk asset, but current conditions require caution. Current weakness suggests observation or gradual accumulation only."
EME,MATURE,910.26,Upward,1,2.64,65,56.71,Neutral,2.39,Low Risk,Mediate,50.6,52.9,C+,Watchlist,Double Check,2.049889779,"WATCHLIST: Reference return 2.4%, Safety 50.6/100, Risk: Low Risk","Risk Reference Prices (Current: 910.26) | Lower Warning: 864.75, Lower Danger: 819.23, Upper Warning: 955.77, Upper Danger: 1001.29",WATCHLIST,0.0075,0.0425,0.1186,0.2563,1.0918,0.0342,0.0262,0.0266,-0.2515,0.588,0.412,0.0032,0.0169,-0.0163,0.0075,0.0464,0.0208,70.0541,C,3,44.7663,13.927,11.3607,1.0397,Defensive,Strong,Moderately Conservative,Selective Exposure,Core Allocation,Low Risk | Defensive | Strong,60.6,"Suitable as a relatively stable core risk asset, but current conditions require caution. Current setup allows selective exposure under controlled sizing."
EMR,MATURE,135.46,Downward,-1,-0.58,35,43.88,Neutral,-1.78,Low Risk,Mediate,54.5,18.8,D,Underweight,Conservative Allocation,0.836589635,"WATCHLIST: Reference return -1.8%, Safety 54.5/100, Risk: Low Risk","Risk Reference Prices (Current: 135.46) | Lower Warning: 128.69, Lower Danger: 121.91, Upper Warning: 142.23, Upper Danger: 149.01",WATCHLIST,-0.0145,-0.049,-0.0629,0.057,0.2707,0.0175,0.0195,0.0227,-0.2345,0.552,0.448,0.0011,0.0134,-0.0139,-0.0145,-0.0417,-0.0355,43.5382,D,2,18.4691,15.6677,9.4015,0.9579,Defensive,Weak,Moderately Conservative,Watch / DCA Only,Core Allocation,Low Risk | Defensive | Weak,37.9,"Suitable as a relatively stable core risk asset, but current conditions require caution. Current weakness suggests observation or gradual accumulation only."
ETR,MATURE,116.4,Upward,1,1.52,75,53.97,Neutral,1.41,Low Risk,Safe,79.4,54.1,C+,Watchlist,Double Check,1.713171208,"WATCHLIST: Reference return 1.4%, Safety 79.4/100, Risk: Low Risk","Risk Reference Prices (Current: 116.40) | Lower Warning: 110.58, Lower Danger: 104.76, Upper Warning: 122.22, Upper Danger: 128.04",WATCHLIST,-0.0003,0.0273,0.0127,0.1715,0.4146,0.0125,0.0147,0.0169,-0.0673,0.528,0.472,0.0015,0.0101,-0.0082,-0.0003,0.0299,-0.0074,73.8908,B,4,35.2455,28.0215,10.6239,1.2303,Defensive,Strong,Conservative,Selective Exposure,Core Allocation,Low Risk | Defensive | Strong,69.47,Suitable for lower-risk investors seeking relatively stable core exposure. Current setup allows selective exposure under controlled sizing.
EOG,MATURE,141.61,Upward,1,2.82,80,56.65,Neutral,3.12,Low Risk,Mediate,62.4,59.8,B,Attention,Opportunity Confirmation,1.170237513,"ATTENTION: Reference return 3.1%, Safety 62.4/100, Risk: Low Risk","Risk Reference Prices (Current: 141.61) | Lower Warning: 134.53, Lower Danger: 127.45, Upper Warning: 148.69, Upper Danger: 155.77",ATTENTION,0.0191,0.0578,0.0683,0.0287,0.3514,0.0138,0.0182,0.0193,-0.1851,0.536,0.46,0.0013,0.0128,-0.012,0.0191,0.0637,0.0074,60.8656,C,3,30.6228,20.6867,9.5562,1.0651,Defensive,Strong,Conservative,Selective Exposure,Core Allocation,Low Risk | Defensive | Strong,69.5,Suitable for lower-risk investors seeking relatively stable core exposure. Current setup allows selective exposure under controlled sizing.
EPAM,MATURE,110.6,Downward,-1,-1.47,40,44.84,Neutral,-3.09,High Risk,Caution,26.7,7.5,D,Underweight,Conservative Allocation,-0.691944528,"WATCHLIST: Reference return -3.1%, Safety 26.7/100, Risk: High Risk","Risk Reference Prices (Current: 110.60) | Lower Warning: 105.07, Lower Danger: 99.54, Upper Warning: 116.13, Upper Danger: 121.66",WATCHLIST,-0.0154,-0.0842,-0.1319,-0.1952,-0.3049,0.0097,0.0224,0.0209,-0.5005,0.524,0.476,-0.0011,0.0169,-0.0209,-0.0154,-0.0704,-0.0279,16.6891,E,1,0.3018,9.1636,7.2237,0.8117,Caution,Fragile,Speculative,Avoid / Too Fragile,Tactical Satellite Position,High Risk | Caution | Fragile,23.4,Suitable only for high-risk tactical or speculative positioning. Current profile appears too fragile for normal allocation.
EQT,MATURE,59.08,Upward,1,0.93,50,49.87,Neutral,0.94,Low Risk,Mediate,66.3,41.0,C,Caution,Risk Mitigation,0.382797249,"WATCHLIST: Reference return 0.9%, Safety 66.3/100, Risk: Low Risk","Risk Reference Prices (Current: 59.08) | Lower Warning: 56.13, Lower Danger: 53.17, Upper Warning: 62.03, Upper Danger: 64.99",WATCHLIST,0.0072,0.0025,0.0418,-0.0864,0.117,0.0136,0.0161,0.0193,-0.1839,0.504,0.496,0.0007,0.0157,-0.0147,0.0072,0.0029,-0.0166,42.4089,D,2,13.4181,20.8044,8.1863,1.0724,Defensive,Strong,Conservative,Selective Exposure,Core Allocation,Low Risk | Defensive | Strong,55.32,Suitable for lower-risk investors seeking relatively stable core exposure. Current setup allows selective exposure under controlled sizing.
EFX,MATURE,172.24,Downward,-1,-2.01,10,48.98,Neutral,-0.55,Low Risk,Caution,36.4,1.4,D,Underweight,Conservative Allocation,-1.12003563,"WATCHLIST: Reference return -0.5%, Safety 36.4/100, Risk: Low Risk","Risk Reference Prices (Current: 172.24) | Lower Warning: 163.63, Lower Danger: 155.02, Upper Warning: 180.85, Upper Danger: 189.46",WATCHLIST,-0.0093,-0.0154,-0.0761,-0.0325,-0.3376,0.0092,0.0249,0.0242,-0.3904,0.496,0.504,-0.0014,0.0139,-0.0165,-0.0093,-0.0013,-0.0098,18.2937,E,1,2.8122,9.3061,6.1754,0.8448,Caution,Fragile,Moderately Conservative,Avoid / Too Fragile,Core Allocation,Low Risk | Caution | Fragile,19.53,"Suitable as a relatively stable core risk asset, but current conditions require caution. Current profile appears too fragile for normal allocation."
EQIX,MATURE,1083.2,Upward,1,1.74,85,57.03,Neutral,2.85,Low Risk,Mediate,68.8,58.0,B,Attention,Opportunity Confirmation,0.858470608,"WATCHLIST: Reference return 2.9%, Safety 68.8/100, Risk: Low Risk","Risk Reference Prices (Current: 1083.20) | Lower Warning: 1029.04, Lower Danger: 974.88, Upper Warning: 1137.36, Upper Danger: 1191.52",WATCHLIST,-0.0017,-0.0288,0.0244,0.1293,0.2549,0.0095,0.0113,0.0104,-0.1963,0.512,0.488,0.001,0.0114,-0.0098,-0.0017,-0.0231,0.0003,56.866,D,2,27.6011,19.9685,9.2963,1.1606,Defensive,Strong,Conservative,Selective Exposure,Core Allocation,Low Risk | Defensive | Strong,69.28,Suitable for lower-risk investors seeking relatively stable core exposure. Current setup allows selective exposure under controlled sizing.
EQR,MATURE,65.24,Upward,1,1.2,65,50.99,Neutral,0.49,Low Risk,Mediate,68.0,45.8,C+,Watchlist,Double Check,-0.286259238,"WATCHLIST: Reference return 0.5%, Safety 68.0/100, Risk: Low Risk","Risk Reference Prices (Current: 65.24) | Lower Warning: 61.98, Lower Danger: 58.72, Upper Warning: 68.5, Upper Danger: 71.76",WATCHLIST,0.0011,0.0413,0.0632,0.1388,-0.0376,0.0177,0.0183,0.0136,-0.1636,0.504,0.492,-0.0001,0.0095,-0.0099,0.0011,0.0479,-0.0021,55.8737,D,2,25.5859,22.9741,7.3137,0.9618,Defensive,Strong,Conservative,Selective Exposure,Core Allocation,Low Risk | Defensive | Strong,60.39,Suitable for lower-risk investors seeking relatively stable core exposure. Current setup allows selective exposure under controlled sizing.
ERIE,MATURE,210.65,Downward,-1,-1.7,30,41.86,Neutral,-1.69,Low Risk,Caution,32.9,5.0,D,Underweight,Conservative Allocation,-1.759020123,"WATCHLIST: Reference return -1.7%, Safety 32.9/100, Risk: Low Risk","Risk Reference Prices (Current: 210.65) | Lower Warning: 200.12, Lower Danger: 189.58, Upper Warning: 221.18, Upper Danger: 231.72",WATCHLIST,-0.0201,-0.1537,-0.1555,-0.1186,-0.4051,0.0216,0.0232,0.024,-0.4257,0.496,0.504,-0.0019,0.0124,-0.016,-0.0201,-0.0983,-0.0378,15.0509,E,1,0.1603,9.1062,5.7843,0.7759,Caution,Fragile,Moderately Conservative,Avoid / Too Fragile,Core Allocation,Low Risk | Caution | Fragile,22.45,"Suitable as a relatively stable core risk asset, but current conditions require caution. Current profile appears too fragile for normal allocation."
ESS,MATURE,264.67,Upward,1,1.81,90,54.01,Neutral,0.21,Low Risk,Mediate,69.0,54.6,C+,Watchlist,Double Check,-0.299235542,"WATCHLIST: Reference return 0.2%, Safety 69.0/100, Risk: Low Risk","Risk Reference Prices (Current: 264.67) | Lower Warning: 251.44, Lower Danger: 238.2, Upper Warning: 277.9, Upper Danger: 291.14",WATCHLIST,0.005,0.0377,0.0527,0.1138,-0.0452,0.0176,0.0168,0.0129,-0.1649,0.544,0.456,-0.0001,0.0092,-0.0111,0.005,0.0364,0.0055,53.7356,D,2,22.6795,22.8854,8.1707,0.8227,Defensive,Strong,Conservative,Selective Exposure,Core Allocation,Low Risk | Defensive | Strong,68.96,Suitable for lower-risk investors seeking relatively stable core exposure. Current setup allows selective exposure under controlled sizing.
EL,MATURE,81.33,Downward,-1,3.47,75,39.69,Bearish,-0.57,Low Risk,Caution,37.1,47.2,C+,Watchlist,Double Check,0.927666831,"WATCHLIST: Reference return -0.6%, Safety 37.1/100, Risk: Low Risk","Risk Reference Prices (Current: 81.33) | Lower Warning: 77.26, Lower Danger: 73.2, Upper Warning: 85.4, Upper Danger: 89.46",WATCHLIST,0.0256,0.0645,0.0643,-0.0534,0.432,0.0188,0.0177,0.0333,-0.4362,0.532,0.468,0.0019,0.0216,-0.0206,0.0256,0.0451,0.0602,46.1333,D,2,28.7767,8.0882,9.2684,1.0517,Caution,Strong,Moderately Conservative,Watch / DCA Only,Core Allocation,Low Risk | Caution | Strong,56.04,"Suitable as a relatively stable core risk asset, but current conditions require caution. Current weakness suggests observation or gradual accumulation only."
EG,MATURE,347.52,Upward,1,3.36,90,54.03,Neutral,0.3,Low Risk,Mediate,68.0,58.9,B,Attention,Opportunity Confirmation,4.39e-05,"ATTENTION: Reference return 0.3%, Safety 68.0/100, Risk: Low Risk","Risk Reference Prices (Current: 347.52) | Lower Warning: 330.14, Lower Danger: 312.77, Upper Warning: 364.9, Upper Danger: 382.27",ATTENTION,-0.0171,-0.0094,0.0184,0.0997,0.0126,0.0199,0.0163,0.0145,-0.1643,0.512,0.488,0.0002,0.0106,-0.0108,-0.0171,0.0121,-0.0259,47.2257,D,2,16.5334,22.872,7.8203,0.982,Defensive,Strong,Conservative,Selective Exposure,Core Allocation,Low Risk | Defensive | Strong,73.77,Suitable for lower-risk investors seeking relatively stable core exposure. Current setup allows selective exposure under controlled sizing.
EVRG,MATURE,82.08,Upward,1,1.18,50,49.18,Neutral,0.77,Low Risk,Safe,80.9,45.4,C+,Watchlist,Double Check,1.109267708,"WATCHLIST: Reference return 0.8%, Safety 80.9/100, Risk: Low Risk","Risk Reference Prices (Current: 82.08) | Lower Warning: 77.98, Lower Danger: 73.87, Upper Warning: 86.18, Upper Danger: 90.29",WATCHLIST,-0.0064,0.0023,0.002,0.0429,0.2263,0.0095,0.0119,0.0095,-0.0801,0.592,0.404,0.0009,0.0075,-0.0088,-0.0064,0.0105,-0.0092,57.6976,D,2,19.6316,27.9549,10.1111,0.8482,Safe,Strong,Conservative,Selective Exposure,Core Allocation,Low Risk | Safe | Strong,62.3,Suitable for lower-risk investors seeking relatively stable core exposure. Current setup allows selective exposure under controlled sizing.
ES,MATURE,69.44,Downward,-1,2.59,65,48.67,Neutral,0.29,Low Risk,Safe,71.5,52.3,C+,Watchlist,Double Check,0.789716935,"WATCHLIST: Reference return 0.3%, Safety 71.5/100, Risk: Low Risk","Risk Reference Prices (Current: 69.44) | Lower Warning: 65.97, Lower Danger: 62.5, Upper Warning: 72.91, Upper Danger: 76.38",WATCHLIST,-0.0229,0.0097,0.0062,0.0415,0.2255,0.0152,0.0148,0.012,-0.1513,0.58,0.416,0.0009,0.0099,-0.0115,-0.0229,0.0117,-0.0178,54.094,D,2,20.2497,24.0619,9.7824,0.8576,Defensive,Strong,Conservative,Defensive Hold,Core Allocation,Low Risk | Defensive | Strong,66.81,Suitable for lower-risk investors seeking relatively stable core exposure. Current conditions suggest a defensive stance rather than active accumulation.
EXC,MATURE,46.61,Upward,1,-1.0,45,49.2,Neutral,0.71,Low Risk,Safe,78.8,24.1,D,Underweight,Conservative Allocation,0.137110013,"WATCHLIST: Reference return 0.7%, Safety 78.8/100, Risk: Low Risk","Risk Reference Prices (Current: 46.61) | Lower Warning: 44.28, Lower Danger: 41.95, Upper Warning: 48.94, Upper Danger: 51.27",WATCHLIST,0.0024,-0.003,-0.0421,0.0037,0.0493,0.0113,0.0115,0.0108,-0.1029,0.508,0.488,0.0003,0.0089,-0.0087,0.0024,-0.0066,0.0135,43.3781,D,2,8.377,27.0749,7.9262,1.0186,Defensive,Weak,Conservative,Selective Exposure,Core Allocation,Low Risk | Defensive | Weak,48.98,Suitable for lower-risk investors seeking relatively stable core exposure. Current setup allows selective exposure under controlled sizing.
EXE,MATURE,100.77,Downward,-1,1.1,60,48.42,Neutral,-0.1,Low Risk,Mediate,61.4,41.6,C,Caution,Risk Mitigation,-0.10254492,"WATCHLIST: Reference return -0.1%, Safety 61.4/100, Risk: Low Risk","Risk Reference Prices (Current: 100.77) | Lower Warning: 95.73, Lower Danger: 90.69, Upper Warning: 105.81, Upper Danger: 110.85",WATCHLIST,0.0065,0.0464,0.0531,-0.061,-0.041,0.0184,0.0158,0.0183,-0.229,0.488,0.496,0.0,0.0151,-0.0148,0.0065,0.0449,-0.0135,36.9553,E,1,13.4353,16.4417,7.0783,1.0206,Defensive,Strong,Conservative,Defensive Hold,Core Allocation,Low Risk | Defensive | Strong,55.56,Suitable for lower-risk investors seeking relatively stable core exposure. Current conditions suggest a defensive stance rather than active accumulation.
EXPE,MATURE,246.5,Downward,-1,1.15,50,58.49,Neutral,0.07,Low Risk,Caution,30.9,35.4,C,Caution,Risk Mitigation,1.023021627,"WATCHLIST: Reference return 0.1%, Safety 30.9/100, Risk: Low Risk","Risk Reference Prices (Current: 246.50) | Lower Warning: 234.18, Lower Danger: 221.85, Upper Warning: 258.82, Upper Danger: 271.15",WATCHLIST,-0.0212,-0.0155,-0.0083,0.0481,0.5005,0.0211,0.029,0.0272,-0.3744,0.508,0.492,0.002,0.0217,-0.0182,-0.0212,-0.0196,-0.0075,41.1922,E,1,22.6138,9.2045,9.3739,1.1899,Caution,Acceptable,Moderately Conservative,Watch / DCA Only,Core Allocation,Low Risk | Caution | Acceptable,42.66,"Suitable as a relatively stable core risk asset, but current conditions require caution. Current weakness suggests observation or gradual accumulation only."
EXPD,MATURE,139.71,Downward,-1,0.22,35,51.69,Neutral,-0.25,Low Risk,Mediate,68.4,30.6,D,Underweight,Conservative Allocation,0.805751972,"WATCHLIST: Reference return -0.2%, Safety 68.4/100, Risk: Low Risk","Risk Reference Prices (Current: 139.71) | Lower Warning: 132.72, Lower Danger: 125.74, Upper Warning: 146.7, Upper Danger: 153.68",WATCHLIST,-0.0511,-0.067,-0.0359,-0.0454,0.2652,0.0198,0.0177,0.0154,-0.1588,0.528,0.472,0.0011,0.0128,-0.0119,-0.0511,-0.0532,-0.0553,46.2147,D,2,13.6472,23.308,9.2594,1.0722,Defensive,Acceptable,Conservative,Defensive Hold,Core Allocation,Low Risk | Defensive | Acceptable,49.09,Suitable for lower-risk investors seeking relatively stable core exposure. Current conditions suggest a defensive stance rather than active accumulation.
EXR,MATURE,139.33,Upward,1,0.81,65,50.52,Neutral,0.88,Low Risk,Mediate,67.8,43.3,C,Caution,Risk Mitigation,-0.135672861,"WATCHLIST: Reference return 0.9%, Safety 67.8/100, Risk: Low Risk","Risk Reference Prices (Current: 139.33) | Lower Warning: 132.36, Lower Danger: 125.4, Upper Warning: 146.3, Upper Danger: 153.26",WATCHLIST,-0.0189,-0.0233,-0.0148,0.0696,-0.0238,0.0143,0.0152,0.0141,-0.167,0.512,0.488,0.0,0.0111,-0.0116,-0.0189,-0.0194,-0.0279,41.0665,E,1,10.7809,22.6482,7.6374,0.9575,Defensive,Strong,Conservative,Selective Exposure,Core Allocation,Low Risk | Defensive | Strong,58.55,Suitable for lower-risk investors seeking relatively stable core exposure. Current setup allows selective exposure under controlled sizing.
XOM,MATURE,153.69,Upward,1,1.28,50,44.38,Neutral,1.49,Low Risk,Mediate,67.5,43.9,C,Caution,Risk Mitigation,1.837117317,"WATCHLIST: Reference return 1.5%, Safety 67.5/100, Risk: Low Risk","Risk Reference Prices (Current: 153.69) | Lower Warning: 146.01, Lower Danger: 138.32, Upper Warning: 161.37, Upper Danger: 169.06",WATCHLIST,0.0062,0.021,0.0298,-0.0375,0.5394,0.0143,0.0156,0.02,-0.146,0.576,0.42,0.0018,0.0115,-0.0114,0.0062,0.0321,-0.0041,58.1658,C,3,23.3661,24.1002,10.6995,1.0071,Defensive,Strong,Conservative,Selective Exposure,Core Allocation,Low Risk | Defensive | Strong,56.93,Suitable for lower-risk investors seeking relatively stable core exposure. Current setup allows selective exposure under controlled sizing.
FFIV,MATURE,329.93,Upward,1,2.65,80,57.19,Neutral,0.76,Low Risk,Caution,39.2,51.0,C+,Watchlist,Double Check,0.692275222,"ATTENTION: Reference return 0.8%, Safety 39.2/100, Risk: Low Risk","Risk Reference Prices (Current: 329.93) | Lower Warning: 313.43, Lower Danger: 296.94, Upper Warning: 346.43, Upper Danger: 362.92",ATTENTION,0.0208,0.1002,0.1177,0.1606,0.2348,0.0329,0.0273,0.0249,-0.3473,0.524,0.476,0.0011,0.0148,-0.0141,0.0208,0.0883,0.0186,61.0252,C,3,42.3025,9.8162,8.9065,1.0512,Caution,Strong,Moderately Conservative,Selective Exposure,Core Allocation,Low Risk | Caution | Strong,58.36,"Suitable as a relatively stable core risk asset, but current conditions require caution. Current setup allows selective exposure under controlled sizing."
FDS,MATURE,224.44,Downward,-1,0.29,50,62.48,Bullish,-0.57,High Risk,Caution,13.1,24.9,D,Underweight,Conservative Allocation,-1.657079274,"WATCHLIST: Reference return -0.6%, Safety 13.1/100, Risk: High Risk","Risk Reference Prices (Current: 224.44) | Lower Warning: 213.22, Lower Danger: 202.0, Upper Warning: 235.66, Upper Danger: 246.88",WATCHLIST,-0.0138,-0.016,0.004,0.0725,-0.4742,0.0153,0.0228,0.0287,-0.5947,0.504,0.492,-0.0023,0.0135,-0.0184,-0.0138,0.0014,-0.0138,24.8528,E,1,10.4834,8.4672,5.9022,0.7299,Risky,Weak,Aggressive Growth,Watch / DCA Only,High-Beta Growth Position,High Risk | Risky | Weak,31.53,Suitable for aggressive investors targeting high upside with elevated risk exposure. Current weakness suggests observation or gradual accumulation only.
FICO,MATURE,1060.0,Downward,-1,0.47,60,45.8,Neutral,-1.22,High Risk,Caution,0.0,23.5,D,Underweight,Conservative Allocation,-1.066230378,"WATCHLIST: Reference return -1.2%, Safety 0.0/100, Risk: High Risk","Risk Reference Prices (Current: 1060.00) | Lower Warning: 1007.0, Lower Danger: 954.0, Upper Warning: 1113.0, Upper Danger: 1166.0",WATCHLIST,0.0237,0.0819,0.0523,-0.06,-0.4905,0.0177,0.027,0.0415,-0.5819,0.508,0.492,-0.0021,0.0194,-0.0243,0.0237,0.055,0.0341,27.2957,E,1,14.2236,6.645,6.4271,0.7976,Speculative,Weak,Speculative,Watch / DCA Only,Tactical Satellite Position,High Risk | Speculative | Weak,26.81,Suitable only for high-risk tactical or speculative positioning. Current weakness suggests observation or gradual accumulation only.
FAST,MATURE,44.88,Upward,1,-0.68,35,46.46,Neutral,-0.37,Low Risk,Mediate,53.1,18.0,D,Underweight,Conservative Allocation,0.392373562,"WATCHLIST: Reference return -0.4%, Safety 53.1/100, Risk: Low Risk","Risk Reference Prices (Current: 44.88) | Lower Warning: 42.64, Lower Danger: 40.39, Upper Warning: 47.12, Upper Danger: 49.37",WATCHLIST,-0.0007,-0.0073,0.0112,0.0311,0.1119,0.0171,0.0152,0.0214,-0.219,0.532,0.46,0.0005,0.0114,-0.012,-0.0007,0.0096,-0.0011,39.4191,E,1,13.7354,17.1976,8.4861,0.9508,Defensive,Weak,Moderately Conservative,Watch / DCA Only,Core Allocation,Low Risk | Defensive | Weak,37.18,"Suitable as a relatively stable core risk asset, but current conditions require caution. Current weakness suggests observation or gradual accumulation only."
FRT,MATURE,114.47,Upward,1,2.62,65,53.67,Neutral,1.12,Low Risk,Safe,80.4,56.3,B,Attention,Opportunity Confirmation,1.165950095,"WATCHLIST: Reference return 1.1%, Safety 80.4/100, Risk: Low Risk","Risk Reference Prices (Current: 114.47) | Lower Warning: 108.75, Lower Danger: 103.02, Upper Warning: 120.19, Upper Danger: 125.92",WATCHLIST,-0.0074,0.0266,0.0387,0.1217,0.2651,0.0179,0.0147,0.0112,-0.0696,0.504,0.488,0.001,0.0097,-0.0079,-0.0074,0.0309,0.0322,69.605,C,3,31.94,28.1969,9.4681,1.2209,Safe,Strong,Conservative,Selective Exposure,Core Allocation,Low Risk | Safe | Strong,71.7,Suitable for lower-risk investors seeking relatively stable core exposure. Current setup allows selective exposure under controlled sizing.
FDX,MATURE,357.8,Upward,1,1.5,75,50.83,Neutral,1.23,Low Risk,Mediate,58.7,49.1,C+,Watchlist,Double Check,1.849861122,"WATCHLIST: Reference return 1.2%, Safety 58.7/100, Risk: Low Risk","Risk Reference Prices (Current: 357.80) | Lower Warning: 339.91, Lower Danger: 322.02, Upper Warning: 375.69, Upper Danger: 393.58",WATCHLIST,-0.0911,-0.0888,-0.0333,-0.0029,0.6856,0.0396,0.0331,0.0261,-0.1167,0.544,0.456,0.0023,0.0141,-0.0118,-0.0911,-0.0778,-0.1128,54.0581,D,2,17.564,25.5373,10.9568,1.1878,Defensive,Strong,Moderately Conservative,Selective Exposure,Core Allocation,Low Risk | Defensive | Strong,60.36,"Suitable as a relatively stable core risk asset, but current conditions require caution. Current setup allows selective exposure under controlled sizing."
FIS,MATURE,47.28,Downward,-1,0.42,60,53.15,Neutral,-0.68,Low Risk,Caution,28.5,29.8,D,Underweight,Conservative Allocation,-1.69620709,"WATCHLIST: Reference return -0.7%, Safety 28.5/100, Risk: Low Risk","Risk Reference Prices (Current: 47.28) | Lower Warning: 44.92, Lower Danger: 42.55, Upper Warning: 49.64, Upper Danger: 52.01",WATCHLIST,0.0159,0.0337,0.0064,-0.0504,-0.3808,0.008,0.0165,0.0233,-0.4624,0.472,0.52,-0.0018,0.0115,-0.0138,0.0159,0.0339,0.0161,22.2103,E,1,8.0281,9.049,5.1332,0.8331,Caution,Acceptable,Moderately Conservative,Watch / DCA Only,Core Allocation,Low Risk | Caution | Acceptable,39.28,"Suitable as a relatively stable core risk asset, but current conditions require caution. Current weakness suggests observation or gradual accumulation only."
FITB,MATURE,49.4,Upward,1,1.14,65,48.07,Neutral,-0.71,Low Risk,Mediate,64.1,43.3,C,Caution,Risk Mitigation,1.216365602,"WATCHLIST: Reference return -0.7%, Safety 64.1/100, Risk: Low Risk","Risk Reference Prices (Current: 49.40) | Lower Warning: 46.93, Lower Danger: 44.46, Upper Warning: 51.87, Upper Danger: 54.34",WATCHLIST,-0.0204,-0.0293,-0.0074,0.128,0.3726,0.0163,0.0134,0.0162,-0.2121,0.524,0.476,0.0014,0.0124,-0.0107,-0.0204,-0.0052,-0.0268,56.1709,D,2,28.1884,18.1707,9.8118,1.1579,Defensive,Strong,Conservative,Selective Exposure,Core Allocation,Low Risk | Defensive | Strong,57.83,Suitable for lower-risk investors seeking relatively stable core exposure. Current setup allows selective exposure under controlled sizing.
FSLR,MATURE,211.39,Downward,-1,2.72,65,51.78,Neutral,0.57,Low Risk,Caution,37.4,46.7,C+,Watchlist,Double Check,1.076341239,"WATCHLIST: Reference return 0.6%, Safety 37.4/100, Risk: Low Risk","Risk Reference Prices (Current: 211.39) | Lower Warning: 200.82, Lower Danger: 190.25, Upper Warning: 221.96, Upper Danger: 232.53",WATCHLIST,-0.0015,0.0775,0.0537,0.0963,0.6624,0.0324,0.0288,0.0282,-0.351,0.508,0.492,0.0028,0.0278,-0.023,-0.0015,0.091,0.0471,56.6029,D,2,37.6605,9.4414,9.501,1.2044,Caution,Strong,Moderately Conservative,Watch / DCA Only,Core Allocation,Low Risk | Caution | Strong,53.83,"Suitable as a relatively stable core risk asset, but current conditions require caution. Current weakness suggests observation or gradual accumulation only."
FE,MATURE,46.78,Upward,1,-0.52,30,48.37,Neutral,0.61,Low Risk,Safe,78.7,24.9,D,Underweight,Conservative Allocation,0.63329474,"WATCHLIST: Reference return 0.6%, Safety 78.7/100, Risk: Low Risk","Risk Reference Prices (Current: 46.78) | Lower Warning: 44.44, Lower Danger: 42.1, Upper Warning: 49.12, Upper Danger: 51.46",WATCHLIST,-0.003,-0.0572,-0.0835,-0.0363,0.1299,0.0109,0.0124,0.0105,-0.0988,0.552,0.432,0.0005,0.0071,-0.0078,-0.003,-0.0532,-0.0156,44.2993,D,2,8.0052,27.2565,9.0376,0.9065,Defensive,Weak,Conservative,Selective Exposure,Core Allocation,Low Risk | Defensive | Weak,48.05,Suitable for lower-risk investors seeking relatively stable core exposure. Current setup allows selective exposure under controlled sizing.
FISV,MATURE,62.81,Downward,-1,1.08,65,53.88,Neutral,0.58,High Risk,Caution,9.7,33.8,D,Underweight,Conservative Allocation,-1.620125313,"WATCHLIST: Reference return 0.6%, Safety 9.7/100, Risk: High Risk","Risk Reference Prices (Current: 62.81) | Lower Warning: 59.67, Lower Danger: 56.53, Upper Warning: 65.95, Upper Danger: 69.09",WATCHLIST,0.0108,0.0205,0.0642,0.1006,-0.6614,0.009,0.0167,0.0183,-0.7178,0.498,0.498,-0.0035,0.013,-0.0201,0.0108,0.0324,0.0026,34.1698,E,1,19.6128,9.2687,5.2882,0.6481,Speculative,Acceptable,Balanced Aggressive,Watch / DCA Only,Growth Allocation,High Risk | Speculative | Acceptable,36.37,Suitable for investors willing to accept higher volatility in exchange for stronger growth potential. Current weakness suggests observation or gradual accumulation only.
F,MATURE,11.5,Downward,-1,-1.53,10,46.54,Neutral,-0.73,Low Risk,Mediate,55.6,7.2,D,Underweight,Conservative Allocation,0.591896634,"WATCHLIST: Reference return -0.7%, Safety 55.6/100, Risk: Low Risk","Risk Reference Prices (Current: 11.50) | Lower Warning: 10.92, Lower Danger: 10.35, Upper Warning: 12.08, Upper Danger: 12.65",WATCHLIST,-0.032,-0.0785,-0.0952,-0.0017,0.1889,0.0122,0.0155,0.0201,-0.2231,0.488,0.488,0.0009,0.015,-0.0132,-0.032,-0.0711,-0.048,36.2084,E,1,11.2846,16.89,8.0337,1.1352,Defensive,Fragile,Moderately Conservative,Avoid / Too Fragile,Core Allocation,Low Risk | Defensive | Fragile,28.95,"Suitable as a relatively stable core risk asset, but current conditions require caution. Current profile appears too fragile for normal allocation."
FTNT,MATURE,89.24,Upward,1,1.17,80,51.16,Neutral,0.82,Low Risk,Mediate,42.8,44.1,C,Caution,Risk Mitigation,-0.397583277,"WATCHLIST: Reference return 0.8%, Safety 42.8/100, Risk: Low Risk","Risk Reference Prices (Current: 89.24) | Lower Warning: 84.78, Lower Danger: 80.32, Upper Warning: 93.7, Upper Danger: 98.16",WATCHLIST,0.0342,0.0783,0.1339,0.0963,-0.1789,0.018,0.0233,0.025,-0.309,0.528,0.472,-0.0005,0.015,-0.0178,0.0342,0.0581,0.0585,45.4296,D,2,26.9893,10.8431,7.5972,0.8446,Caution,Strong,Moderately Conservative,Selective Exposure,Core Allocation,Low Risk | Caution | Strong,53.25,"Suitable as a relatively stable core risk asset, but current conditions require caution. Current setup allows selective exposure under controlled sizing."
FTV,MATURE,60.08,Upward,1,1.34,75,51.98,Neutral,0.65,Low Risk,Mediate,66.6,48.9,C+,Watchlist,Double Check,0.628673632,"WATCHLIST: Reference return 0.7%, Safety 66.6/100, Risk: Low Risk","Risk Reference Prices (Current: 60.08) | Lower Warning: 57.08, Lower Danger: 54.07, Upper Warning: 63.08, Upper Danger: 66.09",WATCHLIST,0.0178,-0.0169,0.0062,0.088,0.1849,0.0168,0.0126,0.0157,-0.1614,0.484,0.508,0.0008,0.0131,-0.0108,0.0178,-0.0165,0.0049,52.5938,D,2,21.0413,23.0769,8.4757,1.2047,Defensive,Strong,Conservative,Selective Exposure,Core Allocation,Low Risk | Defensive | Strong,62.78,Suitable for lower-risk investors seeking relatively stable core exposure. Current setup allows selective exposure under controlled sizing.
FOXA,MATURE,62.36,Downward,-1,1.42,60,58.44,Neutral,0.13,Low Risk,Mediate,53.8,44.0,C,Caution,Risk Mitigation,0.885182293,"WATCHLIST: Reference return 0.1%, Safety 53.8/100, Risk: Low Risk","Risk Reference Prices (Current: 62.36) | Lower Warning: 59.24, Lower Danger: 56.12, Upper Warning: 65.48, Upper Danger: 68.6",WATCHLIST,-0.0156,-0.0336,-0.0166,0.0785,0.278,0.0144,0.0134,0.0153,-0.2889,0.568,0.432,0.0011,0.0122,-0.0135,-0.0156,-0.0078,-0.0178,43.8662,D,2,21.8736,12.3051,9.6875,0.9089,Defensive,Strong,Moderately Conservative,Watch / DCA Only,Core Allocation,Low Risk | Defensive | Strong,55.42,"Suitable as a relatively stable core risk asset, but current conditions require caution. Current weakness suggests observation or gradual accumulation only."
FOX,MATURE,56.07,Downward,-1,1.38,60,57.17,Neutral,0.07,Low Risk,Mediate,58.3,44.3,C,Caution,Risk Mitigation,0.778157201,"WATCHLIST: Reference return 0.1%, Safety 58.3/100, Risk: Low Risk","Risk Reference Prices (Current: 56.07) | Lower Warning: 53.27, Lower Danger: 50.46, Upper Warning: 58.87, Upper Danger: 61.68",WATCHLIST,-0.0151,-0.0289,-0.0132,0.0745,0.2365,0.0146,0.0134,0.0134,-0.2677,0.544,0.452,0.001,0.0122,-0.0125,-0.0151,-0.0018,-0.0167,43.3048,D,2,20.5007,13.5963,9.2078,0.9773,Defensive,Strong,Moderately Conservative,Watch / DCA Only,Core Allocation,Low Risk | Defensive | Strong,56.86,"Suitable as a relatively stable core risk asset, but current conditions require caution. Current weakness suggests observation or gradual accumulation only."
BEN,MATURE,29.7,Upward,1,1.71,85,51.28,Neutral,0.17,Low Risk,Mediate,59.2,50.7,C+,Watchlist,Double Check,1.668935701,"WATCHLIST: Reference return 0.2%, Safety 59.2/100, Risk: Low Risk","Risk Reference Prices (Current: 29.70) | Lower Warning: 28.21, Lower Danger: 26.73, Upper Warning: 31.18, Upper Danger: 32.67",WATCHLIST,-0.0047,0.1074,0.1237,0.2845,0.5692,0.0255,0.0224,0.0218,-0.1921,0.548,0.436,0.0019,0.0136,-0.0127,-0.0047,0.0951,-0.009,78.2057,B,4,48.2009,19.8385,10.1663,1.0761,Defensive,Strong,Moderately Conservative,Selective Exposure,Core Allocation,Low Risk | Defensive | Strong,63.08,"Suitable as a relatively stable core risk asset, but current conditions require caution. Current setup allows selective exposure under controlled sizing."
FCX,MATURE,55.57,Upward,1,-1.96,20,48.31,Neutral,0.1,Low Risk,Caution,36.2,3.6,D,Underweight,Conservative Allocation,1.044375375,"WATCHLIST: Reference return 0.1%, Safety 36.2/100, Risk: Low Risk","Risk Reference Prices (Current: 55.57) | Lower Warning: 52.79, Lower Danger: 50.01, Upper Warning: 58.35, Upper Danger: 61.13",WATCHLIST,-0.0173,-0.0961,-0.1842,0.0692,0.5051,0.0167,0.0396,0.0378,-0.249,0.564,0.436,0.0021,0.0205,-0.0217,-0.0173,-0.0898,-0.0382,43.8996,D,2,21.4094,12.7248,9.7653,0.9418,Caution,Fragile,Moderately Conservative,Avoid / Too Fragile,Core Allocation,Low Risk | Caution | Fragile,21.68,"Suitable as a relatively stable core risk asset, but current conditions require caution. Current profile appears too fragile for normal allocation."
GRMN,MATURE,238.6,Upward,1,-1.95,20,54.57,Neutral,0.4,Low Risk,Mediate,52.6,8.4,D,Underweight,Conservative Allocation,0.844997176,"WATCHLIST: Reference return 0.4%, Safety 52.6/100, Risk: Low Risk","Risk Reference Prices (Current: 238.60) | Lower Warning: 226.67, Lower Danger: 214.74, Upper Warning: 250.53, Upper Danger: 262.46",WATCHLIST,-0.0158,-0.0851,-0.0979,0.0269,0.2754,0.0197,0.0163,0.0205,-0.2797,0.576,0.424,0.0011,0.0119,-0.0135,-0.0158,-0.0801,-0.0499,38.0287,E,1,15.7083,12.5118,9.8086,0.8834,Defensive,Fragile,Moderately Conservative,High Risk Tactical Only,Core Allocation,Low Risk | Defensive | Fragile,29.51,"Suitable as a relatively stable core risk asset, but current conditions require caution. Current profile is only suitable for tactical, high-risk participation."
IT,MATURE,147.71,Downward,-1,-1.23,35,57.47,Neutral,-0.92,High Risk,Caution,4.2,5.5,D,Underweight,Conservative Allocation,-1.951605078,"WATCHLIST: Reference return -0.9%, Safety 4.2/100, Risk: High Risk","Risk Reference Prices (Current: 147.71) | Lower Warning: 140.32, Lower Danger: 132.94, Upper Warning: 155.1, Upper Danger: 162.48",WATCHLIST,0.0089,-0.006,-0.0093,-0.0849,-0.6541,0.0115,0.02,0.0281,-0.6803,0.5,0.5,-0.0037,0.0146,-0.022,0.0089,-0.0189,-0.0053,17.8532,E,1,3.8941,8.5233,5.4358,0.6634,Speculative,Fragile,Speculative,Avoid / Too Fragile,Tactical Satellite Position,High Risk | Speculative | Fragile,16.04,Suitable only for high-risk tactical or speculative positioning. Current profile appears too fragile for normal allocation.
GE,MATURE,280.52,Downward,-1,-0.85,45,43.73,Neutral,-1.38,Low Risk,Mediate,50.8,17.7,D,Underweight,Conservative Allocation,1.029506518,"WATCHLIST: Reference return -1.4%, Safety 50.8/100, Risk: Low Risk","Risk Reference Prices (Current: 280.52) | Lower Warning: 266.49, Lower Danger: 252.47, Upper Warning: 294.55, Upper Danger: 308.57",WATCHLIST,-0.0209,-0.0064,-0.1179,-0.0219,0.3497,0.0172,0.0258,0.0284,-0.2085,0.56,0.44,0.0014,0.0139,-0.0145,-0.0209,-0.0143,-0.0325,44.4363,D,2,17.0856,17.644,9.7067,0.9553,Defensive,Weak,Moderately Conservative,Watch / DCA Only,Core Allocation,Low Risk | Defensive | Weak,37.09,"Suitable as a relatively stable core risk asset, but current conditions require caution. Current weakness suggests observation or gradual accumulation only."
GEHC,MATURE,61.0,Downward,-1,-1.31,30,44.39,Neutral,-0.66,Low Risk,Caution,31.8,7.5,D,Underweight,Conservative Allocation,-0.351287967,"WATCHLIST: Reference return -0.7%, Safety 31.8/100, Risk: Low Risk","Risk Reference Prices (Current: 61.00) | Lower Warning: 57.95, Lower Danger: 54.9, Upper Warning: 64.05, Upper Danger: 67.1",WATCHLIST,-0.0005,-0.1272,-0.1831,-0.1238,-0.1191,0.0535,0.038,0.0316,-0.3247,0.512,0.488,-0.0003,0.0141,-0.0153,-0.0005,-0.1138,0.0026,17.714,E,1,0.7126,9.6619,7.3395,0.9157,Caution,Fragile,Moderately Conservative,Avoid / Too Fragile,Core Allocation,Low Risk | Caution | Fragile,24.04,"Suitable as a relatively stable core risk asset, but current conditions require caution. Current profile appears too fragile for normal allocation."
GEV,MATURE,1073.95,Upward,1,1.57,75,61.66,Bullish,2.92,Low Risk,Mediate,47.1,51.6,C+,Watchlist,Double Check,2.228971664,"WATCHLIST: Reference return 2.9%, Safety 47.1/100, Risk: Low Risk","Risk Reference Prices (Current: 1073.95) | Lower Warning: 1020.25, Lower Danger: 966.56, Upper Warning: 1127.65, Upper Danger: 1181.35",WATCHLIST,0.0103,-0.0657,0.0875,0.2619,1.6834,0.019,0.0414,0.0356,-0.1751,0.54,0.452,0.0044,0.0239,-0.0188,0.0103,-0.0655,-0.0088,69.2848,C,3,37.7329,20.0446,11.5073,1.2709,Caution,Strong,Moderately Conservative,Selective Exposure,Core Allocation,Low Risk | Caution | Strong,58.31,"Suitable as a relatively stable core risk asset, but current conditions require caution. Current setup allows selective exposure under controlled sizing."
GEN,MATURE,19.63,Downward,-1,1.19,65,44.29,Neutral,-1.74,Low Risk,Caution,31.4,36.6,C,Caution,Risk Mitigation,-0.850543042,"WATCHLIST: Reference return -1.7%, Safety 31.4/100, Risk: Low Risk","Risk Reference Prices (Current: 19.63) | Lower Warning: 18.65, Lower Danger: 17.67, Upper Warning: 20.61, Upper Danger: 21.59",WATCHLIST,0.0134,0.0436,0.0381,-0.0639,-0.2242,0.0074,0.0228,0.0255,-0.4359,0.456,0.528,-0.0008,0.0134,-0.0132,0.0134,0.031,0.0176,25.6493,E,1,10.8489,8.9413,5.859,1.0178,Caution,Acceptable,Moderately Conservative,Watch / DCA Only,Core Allocation,Low Risk | Caution | Acceptable,44.12,"Suitable as a relatively stable core risk asset, but current conditions require caution. Current weakness suggests observation or gradual accumulation only."
GNRC,MATURE,257.07,Upward,1,1.67,75,52.45,Neutral,1.46,Low Risk,Caution,25.4,44.0,C,Caution,Risk Mitigation,1.722121358,"WATCHLIST: Reference return 1.5%, Safety 25.4/100, Risk: Low Risk","Risk Reference Prices (Current: 257.07) | Lower Warning: 244.22, Lower Danger: 231.36, Upper Warning: 269.92, Upper Danger: 282.78",WATCHLIST,-0.0088,0.1772,0.2133,0.2898,1.2047,0.063,0.0468,0.0391,-0.3277,0.548,0.452,0.0037,0.0234,-0.0202,-0.0088,0.1636,-0.0083,69.1367,C,3,49.7897,8.4959,10.8511,1.1562,Caution,Strong,Moderately Conservative,Selective Exposure,Core Allocation,Low Risk | Caution | Strong,47.76,"Suitable as a relatively stable core risk asset, but current conditions require caution. Current setup allows selective exposure under controlled sizing."
GD,MATURE,349.08,Downward,-1,1.81,70,41.48,Neutral,-1.27,Low Risk,Mediate,63.5,47.3,C+,Watchlist,Double Check,1.198043831,"WATCHLIST: Reference return -1.3%, Safety 63.5/100, Risk: Low Risk","Risk Reference Prices (Current: 349.08) | Lower Warning: 331.63, Lower Danger: 314.17, Upper Warning: 366.53, Upper Danger: 383.99",WATCHLIST,0.0094,0.0953,0.0271,0.0142,0.3063,0.0311,0.0248,0.0195,-0.1453,0.516,0.484,0.0012,0.0102,-0.0085,0.0094,0.1145,0.0139,61.8578,C,3,27.8563,24.1784,9.8231,1.2003,Defensive,Strong,Conservative,Defensive Hold,Core Allocation,Low Risk | Defensive | Strong,60.59,Suitable for lower-risk investors seeking relatively stable core exposure. Current conditions suggest a defensive stance rather than active accumulation.
GIS,MATURE,34.43,Downward,-1,-0.47,45,38.7,Bearish,-1.74,Low Risk,Mediate,52.5,20.7,D,Underweight,Conservative Allocation,-1.845265512,"WATCHLIST: Reference return -1.7%, Safety 52.5/100, Risk: Low Risk","Risk Reference Prices (Current: 34.43) | Lower Warning: 32.71, Lower Danger: 30.99, Upper Warning: 36.15, Upper Danger: 37.87",WATCHLIST,-0.0084,-0.0293,-0.0078,-0.054,-0.3391,0.0138,0.0126,0.0129,-0.34,0.452,0.536,-0.0015,0.0103,-0.0116,-0.0084,-0.0154,-0.0249,18.6287,E,1,3.1664,10.6573,4.805,0.8911,Defensive,Weak,Moderately Conservative,Watch / DCA Only,Core Allocation,Low Risk | Defensive | Weak,39.03,"Suitable as a relatively stable core risk asset, but current conditions require caution. Current weakness suggests observation or gradual accumulation only."
GM,MATURE,75.7,Downward,-1,1.31,50,48.37,Neutral,-1.33,Low Risk,Mediate,63.2,41.4,C,Caution,Risk Mitigation,1.599328482,"WATCHLIST: Reference return -1.3%, Safety 63.2/100, Risk: Low Risk","Risk Reference Prices (Current: 75.70) | Lower Warning: 71.92, Lower Danger: 68.13, Upper Warning: 79.48, Upper Danger: 83.27",WATCHLIST,-0.0009,-0.0359,-0.0473,0.0397,0.6851,0.0136,0.0172,0.0213,-0.16,0.528,0.468,0.0023,0.0154,-0.0125,-0.0009,-0.0301,-0.0155,53.9735,D,2,20.4045,22.885,10.684,1.2372,Defensive,Strong,Conservative,Defensive Hold,Core Allocation,Low Risk | Defensive | Strong,55.15,Suitable for lower-risk investors seeking relatively stable core exposure. Current conditions suggest a defensive stance rather than active accumulation.
GPC,MATURE,103.52,Downward,-1,-0.9,35,42.11,Neutral,-1.17,Low Risk,Mediate,45.4,14.0,D,Underweight,Conservative Allocation,-0.359839646,"WATCHLIST: Reference return -1.2%, Safety 45.4/100, Risk: Low Risk","Risk Reference Prices (Current: 103.52) | Lower Warning: 98.34, Lower Danger: 93.17, Upper Warning: 108.7, Upper Danger: 113.87",WATCHLIST,-0.014,-0.0571,-0.0581,0.0741,-0.099,0.021,0.02,0.0196,-0.3484,0.468,0.532,-0.0003,0.0131,-0.012,-0.014,-0.048,-0.0346,25.5486,E,1,8.4946,10.1706,6.8834,1.092,Caution,Weak,Moderately Conservative,High Risk Tactical Only,Core Allocation,Low Risk | Caution | Weak,32.3,"Suitable as a relatively stable core risk asset, but current conditions require caution. Current profile is only suitable for tactical, high-risk participation."
GILD,MATURE,132.69,Upward,1,-0.9,45,36.4,Bearish,-0.88,Low Risk,Mediate,69.6,19.9,D,Underweight,Conservative Allocation,1.010649701,"WATCHLIST: Reference return -0.9%, Safety 69.6/100, Risk: Low Risk","Risk Reference Prices (Current: 132.69) | Lower Warning: 126.06, Lower Danger: 119.42, Upper Warning: 139.32, Upper Danger: 145.96",WATCHLIST,0.0079,-0.0071,-0.0553,-0.0329,0.325,0.0157,0.0123,0.0125,-0.1754,0.52,0.472,0.0013,0.014,-0.0127,0.0079,0.0176,0.0141,47.8403,D,2,16.7553,21.9379,9.1471,1.1016,Defensive,Weak,Conservative,Watch / DCA Only,Core Allocation,Low Risk | Defensive | Weak,43.47,Suitable for lower-risk investors seeking relatively stable core exposure. Current weakness suggests observation or gradual accumulation only.
GPN,MATURE,71.8,Downward,-1,1.31,65,49.38,Neutral,-0.86,Low Risk,Mediate,46.5,41.2,C,Caution,Risk Mitigation,-0.142521631,"WATCHLIST: Reference return -0.9%, Safety 46.5/100, Risk: Low Risk","Risk Reference Prices (Current: 71.80) | Lower Warning: 68.21, Lower Danger: 64.62, Upper Warning: 75.39, Upper Danger: 78.98",WATCHLIST,-0.0077,0.0581,0.0466,0.0482,-0.0827,0.0182,0.0223,0.0248,-0.297,0.456,0.536,-0.0001,0.0185,-0.0158,-0.0077,0.0596,-0.0022,36.0092,E,1,17.5547,11.339,7.1155,1.1673,Caution,Strong,Moderately Conservative,Watch / DCA Only,Core Allocation,Low Risk | Caution | Strong,51.6,"Suitable as a relatively stable core risk asset, but current conditions require caution. Current weakness suggests observation or gradual accumulation only."
GL,MATURE,152.65,Upward,1,1.19,65,52.84,Neutral,0.4,Low Risk,Safe,79.2,48.1,C+,Watchlist,Double Check,1.08073378,"WATCHLIST: Reference return 0.4%, Safety 79.2/100, Risk: Low Risk","Risk Reference Prices (Current: 152.65) | Lower Warning: 145.02, Lower Danger: 137.39, Upper Warning: 160.28, Upper Danger: 167.92",WATCHLIST,-0.0005,-0.0086,0.03,0.1185,0.2672,0.0075,0.0083,0.011,-0.1087,0.54,0.452,0.001,0.0097,-0.0093,-0.0005,0.0006,-0.0107,64.8413,C,3,28.5054,26.8037,9.5322,1.0408,Defensive,Strong,Conservative,Selective Exposure,Core Allocation,Low Risk | Defensive | Strong,65.16,Suitable for lower-risk investors seeking relatively stable core exposure. Current setup allows selective exposure under controlled sizing.
GDDY,MATURE,88.28,Downward,-1,1.12,65,56.31,Neutral,-1.29,High Risk,Caution,19.8,35.6,C,Caution,Risk Mitigation,-2.046256648,"WATCHLIST: Reference return -1.3%, Safety 19.8/100, Risk: High Risk","Risk Reference Prices (Current: 88.28) | Lower Warning: 83.87, Lower Danger: 79.45, Upper Warning: 92.69, Upper Danger: 97.11",WATCHLIST,0.0175,0.0414,0.113,0.0399,-0.5155,0.0127,0.0195,0.0216,-0.584,0.496,0.504,-0.0027,0.012,-0.0171,0.0175,0.026,0.0172,33.2097,E,1,18.7055,9.0736,5.4306,0.7031,Risky,Acceptable,Balanced Aggressive,Watch / DCA Only,Growth Allocation,High Risk | Risky | Acceptable,40.79,Suitable for investors willing to accept higher volatility in exchange for stronger growth potential. Current weakness suggests observation or gradual accumulation only.
GS,MATURE,903.27,Upward,1,1.2,65,50.74,Neutral,-0.38,Low Risk,Mediate,62.3,43.8,C,Caution,Risk Mitigation,1.852350268,"WATCHLIST: Reference return -0.4%, Safety 62.3/100, Risk: Low Risk","Risk Reference Prices (Current: 903.27) | Lower Warning: 858.11, Lower Danger: 812.94, Upper Warning: 948.43, Upper Danger: 993.6",WATCHLIST,-0.0221,-0.0301,-0.007,0.1103,0.6477,0.0162,0.016,0.0189,-0.1942,0.58,0.42,0.0021,0.013,-0.0129,-0.0221,-0.0255,-0.0222,58.4798,C,3,27.7944,19.8128,10.8726,1.0115,Defensive,Strong,Conservative,Selective Exposure,Core Allocation,Low Risk | Defensive | Strong,57.77,Suitable for lower-risk investors seeking relatively stable core exposure. Current setup allows selective exposure under controlled sizing.
HAL,MATURE,41.98,Upward,1,2.63,65,54.89,Neutral,1.85,Low Risk,Mediate,67.3,55.1,B,Attention,Opportunity Confirmation,2.210600351,"WATCHLIST: Reference return 1.8%, Safety 67.3/100, Risk: Low Risk","Risk Reference Prices (Current: 41.98) | Lower Warning: 39.88, Lower Danger: 37.78, Upper Warning: 44.08, Upper Danger: 46.18",WATCHLIST,0.0077,0.0588,0.1192,0.1492,1.1717,0.0141,0.0181,0.0201,-0.131,0.548,0.444,0.0034,0.019,-0.0159,0.0077,0.0401,-0.0076,80.2993,B,4,43.9491,25.138,11.2122,1.1975,Defensive,Strong,Conservative,Selective Exposure,Core Allocation,Low Risk | Defensive | Strong,66.9,Suitable for lower-risk investors seeking relatively stable core exposure. Current setup allows selective exposure under controlled sizing.
HIG,MATURE,133.81,Upward,1,-0.67,35,47.29,Neutral,-0.14,Low Risk,Safe,76.1,22.9,D,Underweight,Conservative Allocation,0.307542718,"WATCHLIST: Reference return -0.1%, Safety 76.1/100, Risk: Low Risk","Risk Reference Prices (Current: 133.81) | Lower Warning: 127.12, Lower Danger: 120.43, Upper Warning: 140.5, Upper Danger: 147.19",WATCHLIST,-0.0147,-0.0415,-0.0357,0.0087,0.0823,0.0189,0.0143,0.0138,-0.0916,0.524,0.472,0.0004,0.0089,-0.0091,-0.0147,-0.0048,-0.0219,44.0152,D,2,8.2364,27.4246,8.3542,0.9813,Defensive,Weak,Conservative,Selective Exposure,Core Allocation,Low Risk | Defensive | Weak,46.81,Suitable for lower-risk investors seeking relatively stable core exposure. Current setup allows selective exposure under controlled sizing.
HAS,MATURE,93.97,Upward,1,2.77,80,44.47,Neutral,-0.68,Low Risk,Mediate,58.4,52.0,C+,Watchlist,Double Check,1.678460335,"ATTENTION: Reference return -0.7%, Safety 58.4/100, Risk: Low Risk","Risk Reference Prices (Current: 93.97) | Lower Warning: 89.27, Lower Danger: 84.57, Upper Warning: 98.67, Upper Danger: 103.37",ATTENTION,-0.0136,-0.027,0.0132,0.0314,0.5907,0.0134,0.0274,0.0252,-0.158,0.516,0.48,0.002,0.0142,-0.0111,-0.0136,-0.0117,-0.0195,55.3173,D,2,22.04,22.7556,10.5217,1.2807,Defensive,Strong,Moderately Conservative,Selective Exposure,Core Allocation,Low Risk | Defensive | Strong,64.41,"Suitable as a relatively stable core risk asset, but current conditions require caution. Current setup allows selective exposure under controlled sizing."
HCA,MATURE,427.18,Downward,-1,-1.25,40,38.86,Bearish,-0.78,Low Risk,Mediate,53.2,13.4,D,Underweight,Conservative Allocation,0.76416249,"WATCHLIST: Reference return -0.8%, Safety 53.2/100, Risk: Low Risk","Risk Reference Prices (Current: 427.18) | Lower Warning: 405.82, Lower Danger: 384.46, Upper Warning: 448.54, Upper Danger: 469.9",WATCHLIST,-0.0136,-0.0988,-0.1433,-0.1351,0.2309,0.0375,0.0271,0.0218,-0.2152,0.556,0.444,0.001,0.0117,-0.0125,-0.0136,-0.0122,-0.0167,38.0544,E,1,11.0873,17.5394,9.4277,0.9389,Defensive,Weak,Moderately Conservative,High Risk Tactical Only,Core Allocation,Low Risk | Defensive | Weak,34.4,"Suitable as a relatively stable core risk asset, but current conditions require caution. Current profile is only suitable for tactical, high-risk participation."
DOC,MATURE,16.29,Downward,-1,-0.78,35,49.25,Neutral,-0.16,Low Risk,Mediate,68.2,20.6,D,Underweight,Conservative Allocation,-0.079907029,"WATCHLIST: Reference return -0.2%, Safety 68.2/100, Risk: Low Risk","Risk Reference Prices (Current: 16.29) | Lower Warning: 15.48, Lower Danger: 14.66, Upper Warning: 17.1, Upper Danger: 17.92",WATCHLIST,-0.0079,-0.0073,-0.0286,-0.0389,-0.006,0.0109,0.0153,0.0135,-0.1709,0.492,0.48,0.0001,0.0114,-0.0115,-0.0079,-0.0085,0.0074,35.0619,E,1,5.7269,22.3233,7.0117,0.9906,Defensive,Weak,Conservative,Defensive Hold,Core Allocation,Low Risk | Defensive | Weak,43.27,Suitable for lower-risk investors seeking relatively stable core exposure. Current conditions suggest a defensive stance rather than active accumulation.
HSIC,MATURE,72.02,Downward,-1,-1.48,10,49.13,Neutral,-0.23,Low Risk,Mediate,69.3,10.6,D,Underweight,Conservative Allocation,0.278483526,"WATCHLIST: Reference return -0.2%, Safety 69.3/100, Risk: Low Risk","Risk Reference Prices (Current: 72.02) | Lower Warning: 68.42, Lower Danger: 64.82, Upper Warning: 75.62, Upper Danger: 79.22",WATCHLIST,-0.0258,-0.0793,-0.0671,-0.0037,0.0817,0.0137,0.0134,0.0142,-0.1693,0.492,0.5,0.0005,0.0131,-0.012,-0.0258,-0.0712,-0.0345,37.0298,E,1,6.7372,22.4409,7.8517,1.0943,Defensive,Weak,Conservative,High Risk Tactical Only,Core Allocation,Low Risk | Defensive | Weak,35.15,"Suitable for lower-risk investors seeking relatively stable core exposure. Current profile is only suitable for tactical, high-risk participation."
HSY,MATURE,182.01,Downward,-1,-1.23,40,33.87,Bearish,-2.07,Low Risk,Mediate,61.7,14.5,D,Underweight,Conservative Allocation,0.427132465,"WATCHLIST: Reference return -2.1%, Safety 61.7/100, Risk: Low Risk","Risk Reference Prices (Current: 182.01) | Lower Warning: 172.91, Lower Danger: 163.81, Upper Warning: 191.11, Upper Danger: 200.21",WATCHLIST,-0.0018,-0.0525,-0.0793,-0.1339,0.1256,0.0132,0.0138,0.0167,-0.2297,0.508,0.492,0.0006,0.0132,-0.0124,-0.0018,-0.0495,-0.0201,31.9942,E,1,7.213,16.464,8.3171,1.0668,Defensive,Weak,Conservative,High Risk Tactical Only,Core Allocation,Low Risk | Defensive | Weak,37.26,"Suitable for lower-risk investors seeking relatively stable core exposure. Current profile is only suitable for tactical, high-risk participation."
HPE,MATURE,28.71,Upward,1,3.06,75,59.84,Neutral,1.7,Low Risk,Mediate,55.7,56.1,B,Attention,Opportunity Confirmation,1.584051017,"ATTENTION: Reference return 1.7%, Safety 55.7/100, Risk: Low Risk","Risk Reference Prices (Current: 28.71) | Lower Warning: 27.27, Lower Danger: 25.84, Upper Warning: 30.15, Upper Danger: 31.58",ATTENTION,0.0049,0.0279,0.1733,0.3322,0.7658,0.0146,0.0231,0.0315,-0.2373,0.564,0.432,0.0026,0.0177,-0.0171,0.0049,0.0195,-0.0021,69.5711,C,3,44.5404,14.5763,10.4544,1.0321,Defensive,Strong,Moderately Conservative,Selective Exposure,Core Allocation,Low Risk | Defensive | Strong,66.21,"Suitable as a relatively stable core risk asset, but current conditions require caution. Current setup allows selective exposure under controlled sizing."
HLT,MATURE,311.38,Upward,1,1.48,75,49.84,Neutral,0.43,Low Risk,Mediate,69.0,49.6,C+,Watchlist,Double Check,1.106665778,"WATCHLIST: Reference return 0.4%, Safety 69.0/100, Risk: Low Risk","Risk Reference Prices (Current: 311.38) | Lower Warning: 295.81, Lower Danger: 280.24, Upper Warning: 326.95, Upper Danger: 342.52",WATCHLIST,-0.0227,-0.0685,-0.0604,0.0643,0.3059,0.021,0.0189,0.0193,-0.1029,0.5,0.496,0.0012,0.0122,-0.01,-0.0227,-0.0723,-0.0392,55.7565,D,2,19.7019,26.7052,9.3493,1.2274,Defensive,Strong,Conservative,Selective Exposure,Core Allocation,Low Risk | Defensive | Strong,63.96,Suitable for lower-risk investors seeking relatively stable core exposure. Current setup allows selective exposure under controlled sizing.
HOLX,MATURE,76.01,Upward,1,3.12,65,50.2,Neutral,0.15,Low Risk,Safe,90.0,57.1,B,Attention,Opportunity Confirmation,1.636268164,"WATCHLIST: Reference return 0.1%, Safety 90.0/100, Risk: Low Risk","Risk Reference Prices (Current: 76.01) | Lower Warning: 72.21, Lower Danger: 68.41, Upper Warning: 79.81, Upper Danger: 83.61",WATCHLIST,0.0,0.0042,0.0128,0.0076,0.4415,0.002,0.0017,0.0017,-0.0819,0.5152,0.4719,0.0017,0.0087,-0.0059,0.0048,0.0045,0.0056,62.0834,C,3,22.0204,28.072,11.991,1.4711,Safe,Strong,Safe / Defensive,Safe Hold,Defensive / Cash Position,Low Risk | Safe | Strong,76.2,"Best suited for capital preservation, portfolio stabilization, and low-volatility allocation. Current profile supports defensive holding."
HD,MATURE,312.42,Downward,-1,-2.38,20,41.13,Neutral,-1.61,Low Risk,Mediate,53.8,4.3,D,Underweight,Conservative Allocation,-0.586065794,"WATCHLIST: Reference return -1.6%, Safety 53.8/100, Risk: Low Risk","Risk Reference Prices (Current: 312.42) | Lower Warning: 296.8, Lower Danger: 281.18, Upper Warning: 328.04, Upper Danger: 343.66",WATCHLIST,-0.0354,-0.0815,-0.0884,-0.026,-0.1145,0.016,0.0176,0.0196,-0.2524,0.46,0.536,-0.0004,0.0116,-0.0106,-0.0354,-0.0699,-0.0498,22.8887,E,1,1.9455,14.3808,6.5624,1.0874,Defensive,Fragile,Moderately Conservative,Avoid / Too Fragile,Core Allocation,Low Risk | Defensive | Fragile,26.28,"Suitable as a relatively stable core risk asset, but current conditions require caution. Current profile appears too fragile for normal allocation."
HON,MATURE,209.59,Upward,1,-2.56,30,38.63,Bearish,-0.22,Low Risk,Mediate,67.3,8.1,D,Underweight,Conservative Allocation,0.194913658,"WATCHLIST: Reference return -0.2%, Safety 67.3/100, Risk: Low Risk","Risk Reference Prices (Current: 209.59) | Lower Warning: 199.11, Lower Danger: 188.63, Upper Warning: 220.07, Upper Danger: 230.55",WATCHLIST,-0.0137,-0.0222,-0.1014,-0.0538,0.0602,0.0114,0.0143,0.0148,-0.1603,0.484,0.516,0.0003,0.0105,-0.0093,-0.0137,-0.0168,-0.0221,36.9235,E,1,5.8128,23.2079,7.9028,1.139,Defensive,Fragile,Conservative,High Risk Tactical Only,Core Allocation,Low Risk | Defensive | Fragile,32.95,"Suitable for lower-risk investors seeking relatively stable core exposure. Current profile is only suitable for tactical, high-risk participation."
HRL,MATURE,20.66,Downward,-1,-0.25,35,44.57,Neutral,-1.37,Low Risk,Mediate,52.8,21.8,D,Underweight,Conservative Allocation,-1.132028829,"WATCHLIST: Reference return -1.4%, Safety 52.8/100, Risk: Low Risk","Risk Reference Prices (Current: 20.66) | Lower Warning: 19.63, Lower Danger: 18.59, Upper Warning: 21.69, Upper Danger: 22.73",WATCHLIST,-0.0314,-0.0506,-0.0048,-0.0536,-0.2574,0.0188,0.0157,0.0148,-0.3182,0.464,0.532,-0.001,0.0114,-0.0119,-0.0314,-0.0413,-0.0377,19.6384,E,1,2.8075,11.1548,5.6762,0.9583,Defensive,Weak,Moderately Conservative,Watch / DCA Only,Core Allocation,Low Risk | Defensive | Weak,39.1,"Suitable as a relatively stable core risk asset, but current conditions require caution. Current weakness suggests observation or gradual accumulation only."
HST,MATURE,20.86,Upward,1,1.52,75,52.72,Neutral,1.05,Low Risk,Safe,76.8,52.8,C+,Watchlist,Double Check,1.567148925,"WATCHLIST: Reference return 1.1%, Safety 76.8/100, Risk: Low Risk","Risk Reference Prices (Current: 20.86) | Lower Warning: 19.82, Lower Danger: 18.77, Upper Warning: 21.9, Upper Danger: 22.95",WATCHLIST,-0.0128,-0.01,-0.0024,0.1335,0.4931,0.0067,0.0109,0.0149,-0.0948,0.496,0.492,0.0017,0.014,-0.0106,-0.0128,-0.0019,-0.0128,67.5618,C,3,30.338,27.2556,9.9682,1.3196,Defensive,Strong,Conservative,Selective Exposure,Core Allocation,Low Risk | Defensive | Strong,68.04,Suitable for lower-risk investors seeking relatively stable core exposure. Current setup allows selective exposure under controlled sizing.
HWM,MATURE,239.7,Upward,1,-0.41,35,48.32,Neutral,-0.44,Low Risk,Mediate,61.5,22.5,D,Underweight,Conservative Allocation,1.5510911,"WATCHLIST: Reference return -0.4%, Safety 61.5/100, Risk: Low Risk","Risk Reference Prices (Current: 239.70) | Lower Warning: 227.71, Lower Danger: 215.73, Upper Warning: 251.68, Upper Danger: 263.67",WATCHLIST,0.0008,-0.0262,-0.071,0.0367,0.5569,0.0153,0.0202,0.0239,-0.1589,0.536,0.464,0.0019,0.0147,-0.0128,0.0008,-0.0113,-0.0137,53.2227,D,2,20.1676,22.7924,10.2627,1.1482,Defensive,Weak,Conservative,Selective Exposure,Core Allocation,Low Risk | Defensive | Weak,42.33,Suitable for lower-risk investors seeking relatively stable core exposure. Current setup allows selective exposure under controlled sizing.
HPQ,MATURE,20.8,Downward,-1,1.92,85,54.38,Neutral,0.81,Low Risk,Caution,36.3,48.7,C+,Watchlist,Double Check,-0.446399912,"WATCHLIST: Reference return 0.8%, Safety 36.3/100, Risk: Low Risk","Risk Reference Prices (Current: 20.80) | Lower Warning: 19.76, Lower Danger: 18.72, Upper Warning: 21.84, Upper Danger: 22.88",WATCHLIST,-0.0014,0.0328,0.0953,0.1385,-0.1563,0.0176,0.027,0.0247,-0.3662,0.468,0.532,-0.0004,0.0166,-0.0155,-0.0014,0.051,-0.0029,42.0111,D,2,25.7469,9.5254,6.7388,1.0748,Caution,Strong,Moderately Conservative,Watch / DCA Only,Core Allocation,Low Risk | Caution | Strong,55.3,"Suitable as a relatively stable core risk asset, but current conditions require caution. Current weakness suggests observation or gradual accumulation only."
HUBB,MATURE,516.0,Upward,1,1.53,75,54.21,Neutral,0.56,Low Risk,Mediate,61.6,49.3,C+,Watchlist,Double Check,1.368418263,"WATCHLIST: Reference return 0.6%, Safety 61.6/100, Risk: Low Risk","Risk Reference Prices (Current: 516.00) | Lower Warning: 490.2, Lower Danger: 464.4, Upper Warning: 541.8, Upper Danger: 567.6",WATCHLIST,0.0149,-0.075,-0.0543,0.0846,0.4778,0.0279,0.0246,0.0247,-0.138,0.552,0.448,0.0017,0.014,-0.0133,0.0149,-0.067,0.0154,57.7474,D,2,23.3116,24.348,10.0878,1.0463,Defensive,Strong,Conservative,Selective Exposure,Core Allocation,Low Risk | Defensive | Strong,61.85,Suitable for lower-risk investors seeking relatively stable core exposure. Current setup allows selective exposure under controlled sizing.
HUM,MATURE,237.96,Downward,-1,1.44,70,69.49,Bullish,1.72,Low Risk,Caution,25.7,44.8,C,Caution,Risk Mitigation,0.042761403,"WATCHLIST: Reference return 1.7%, Safety 25.7/100, Risk: Low Risk","Risk Reference Prices (Current: 237.96) | Lower Warning: 226.06, Lower Danger: 214.16, Upper Warning: 249.86, Upper Danger: 261.76",WATCHLIST,0.0185,0.107,0.2128,0.4077,-0.0583,0.0298,0.0228,0.0251,-0.4718,0.556,0.444,0.0002,0.0185,-0.0226,0.0185,0.1056,0.0064,52.9594,D,2,35.4269,8.8883,8.6441,0.8177,Caution,Strong,Moderately Conservative,Watch / DCA Only,Core Allocation,Low Risk | Caution | Strong,48.48,"Suitable as a relatively stable core risk asset, but current conditions require caution. Current weakness suggests observation or gradual accumulation only."
HBAN,MATURE,16.16,Downward,-1,0.93,50,47.76,Neutral,-0.55,Low Risk,Mediate,63.1,38.5,C,Caution,Risk Mitigation,0.405319955,"WATCHLIST: Reference return -0.5%, Safety 63.1/100, Risk: Low Risk","Risk Reference Prices (Current: 16.16) | Lower Warning: 15.35, Lower Danger: 14.54, Upper Warning: 16.97, Upper Danger: 17.78",WATCHLIST,-0.0283,-0.0398,-0.0259,0.0709,0.1173,0.0197,0.0155,0.0161,-0.2126,0.516,0.448,0.0006,0.0125,-0.0131,-0.0283,-0.0146,-0.0358,40.3404,E,1,14.4271,18.1235,7.7899,0.9538,Defensive,Acceptable,Conservative,Defensive Hold,Core Allocation,Low Risk | Defensive | Acceptable,53.24,Suitable for lower-risk investors seeking relatively stable core exposure. Current conditions suggest a defensive stance rather than active accumulation.
HII,MATURE,363.37,Downward,-1,-2.25,30,41.78,Neutral,-1.57,Low Risk,Mediate,63.7,8.8,D,Underweight,Conservative Allocation,1.481896999,"WATCHLIST: Reference return -1.6%, Safety 63.7/100, Risk: Low Risk","Risk Reference Prices (Current: 363.37) | Lower Warning: 345.2, Lower Danger: 327.03, Upper Warning: 381.54, Upper Danger: 399.71",WATCHLIST,0.0077,-0.0183,-0.0872,-0.1093,0.5874,0.0135,0.0149,0.0201,-0.2101,0.556,0.444,0.0021,0.015,-0.0142,0.0077,0.0114,-0.0025,45.2773,D,2,16.7705,18.1538,10.353,1.0586,Defensive,Fragile,Conservative,High Risk Tactical Only,Core Allocation,Low Risk | Defensive | Fragile,32.99,"Suitable for lower-risk investors seeking relatively stable core exposure. Current profile is only suitable for tactical, high-risk participation."
IBM,MATURE,229.48,Downward,-1,-1.1,45,50.32,Neutral,-1.72,Low Risk,Mediate,46.0,15.7,D,Underweight,Conservative Allocation,-0.130104289,"WATCHLIST: Reference return -1.7%, Safety 46.0/100, Risk: Low Risk","Risk Reference Prices (Current: 229.48) | Lower Warning: 218.01, Lower Danger: 206.53, Upper Warning: 240.95, Upper Danger: 252.43",WATCHLIST,-0.0117,-0.0069,-0.0449,-0.0508,-0.0562,0.0177,0.0277,0.0232,-0.2869,0.548,0.452,0.0,0.0131,-0.0159,-0.0117,-0.0108,-0.0065,24.7088,E,1,4.4171,11.9458,8.3459,0.8235,Caution,Weak,Moderately Conservative,Watch / DCA Only,Core Allocation,Low Risk | Caution | Weak,34.84,"Suitable as a relatively stable core risk asset, but current conditions require caution. Current weakness suggests observation or gradual accumulation only."
IEX,MATURE,214.33,Upward,1,3.86,90,48.9,Neutral,0.44,Low Risk,Mediate,64.5,58.1,B,Attention,Opportunity Confirmation,0.672545267,"ATTENTION: Reference return 0.4%, Safety 64.5/100, Risk: Low Risk","Risk Reference Prices (Current: 214.33) | Lower Warning: 203.61, Lower Danger: 192.9, Upper Warning: 225.05, Upper Danger: 235.76",ATTENTION,-0.0028,0.0372,0.046,0.1641,0.1978,0.0249,0.0206,0.0181,-0.1702,0.456,0.54,0.0009,0.0136,-0.0099,-0.0028,0.0468,-0.0162,64.3482,C,3,33.2928,22.1684,8.8871,1.3751,Defensive,Strong,Conservative,Selective Exposure,Core Allocation,Low Risk | Defensive | Strong,73.04,Suitable for lower-risk investors seeking relatively stable core exposure. Current setup allows selective exposure under controlled sizing.
IDXX,MATURE,563.12,Downward,-1,1.3,60,48.99,Neutral,-1.37,Low Risk,Mediate,51.7,41.1,C,Caution,Risk Mitigation,0.508576105,"WATCHLIST: Reference return -1.4%, Safety 51.7/100, Risk: Low Risk","Risk Reference Prices (Current: 563.12) | Lower Warning: 534.96, Lower Danger: 506.81, Upper Warning: 591.28, Upper Danger: 619.43",WATCHLIST,-0.0076,0.0039,-0.0358,-0.0245,0.1853,0.0158,0.0192,0.018,-0.2778,0.516,0.484,0.001,0.0142,-0.0131,-0.0076,-0.005,0.0041,35.2463,E,1,13.6629,12.7657,8.8177,1.0839,Defensive,Strong,Moderately Conservative,Watch / DCA Only,Core Allocation,Low Risk | Defensive | Strong,52.57,"Suitable as a relatively stable core risk asset, but current conditions require caution. Current weakness suggests observation or gradual accumulation only."
ITW,MATURE,251.65,Downward,-1,-2.12,20,43.11,Neutral,-1.04,Low Risk,Mediate,66.9,8.1,D,Underweight,Conservative Allocation,0.244637104,"WATCHLIST: Reference return -1.0%, Safety 66.9/100, Risk: Low Risk","Risk Reference Prices (Current: 251.65) | Lower Warning: 239.07, Lower Danger: 226.48, Upper Warning: 264.23, Upper Danger: 276.82",WATCHLIST,-0.015,-0.0786,-0.0757,-0.0172,0.0712,0.0095,0.0159,0.0162,-0.1547,0.512,0.488,0.0004,0.0096,-0.0093,-0.015,-0.0655,-0.0247,37.6494,E,1,5.8528,23.6156,8.181,1.0282,Defensive,Fragile,Conservative,High Risk Tactical Only,Core Allocation,Low Risk | Defensive | Fragile,32.86,"Suitable for lower-risk investors seeking relatively stable core exposure. Current profile is only suitable for tactical, high-risk participation."
INCY,MATURE,97.14,Downward,-1,2.79,65,48.2,Neutral,-0.31,Low Risk,Mediate,64.7,50.9,C+,Watchlist,Double Check,1.421694028,"WATCHLIST: Reference return -0.3%, Safety 64.7/100, Risk: Low Risk","Risk Reference Prices (Current: 97.14) | Lower Warning: 92.28, Lower Danger: 87.43, Upper Warning: 102.0, Upper Danger: 106.85",WATCHLIST,0.0024,0.0175,-0.0056,0.0701,0.564,0.0208,0.0176,0.0169,-0.1833,0.544,0.452,0.002,0.0155,-0.0142,0.0024,0.0263,0.0196,58.0822,C,3,26.9776,20.9916,10.1129,1.09,Defensive,Strong,Conservative,Defensive Hold,Core Allocation,Low Risk | Defensive | Strong,64.46,Suitable for lower-risk investors seeking relatively stable core exposure. Current conditions suggest a defensive stance rather than active accumulation.
IR,MATURE,75.56,Downward,-1,-1.63,10,40.37,Neutral,-1.84,Low Risk,Mediate,47.1,4.0,D,Underweight,Conservative Allocation,-0.008935126,"WATCHLIST: Reference return -1.8%, Safety 47.1/100, Risk: Low Risk","Risk Reference Prices (Current: 75.56) | Lower Warning: 71.78, Lower Danger: 68.0, Upper Warning: 79.34, Upper Danger: 83.12",WATCHLIST,-0.0312,-0.1105,-0.1445,-0.0716,-0.0171,0.026,0.0258,0.0271,-0.2347,0.476,0.52,0.0001,0.0162,-0.0145,-0.0312,-0.0984,-0.0538,24.8543,E,1,2.2125,15.274,7.3677,1.1137,Caution,Fragile,Moderately Conservative,Avoid / Too Fragile,Core Allocation,Low Risk | Caution | Fragile,24.15,"Suitable as a relatively stable core risk asset, but current conditions require caution. Current profile appears too fragile for normal allocation."
PODD,MATURE,171.39,Downward,-1,-2.88,30,40.22,Neutral,-2.91,High Risk,Caution,9.0,-4.0,D,Underweight,Conservative Allocation,-0.940588375,"WATCHLIST: Reference return -2.9%, Safety 9.0/100, Risk: High Risk","Risk Reference Prices (Current: 171.39) | Lower Warning: 162.82, Lower Danger: 154.25, Upper Warning: 179.96, Upper Danger: 188.53",WATCHLIST,-0.0209,-0.1083,-0.1494,-0.2453,-0.3377,0.06,0.0428,0.0313,-0.5465,0.484,0.516,-0.0013,0.0147,-0.0164,-0.0209,-0.0959,-0.0044,14.3451,E,1,0.1509,8.1856,6.0087,0.8973,Speculative,Fragile,Speculative,Avoid / Too Fragile,Tactical Satellite Position,High Risk | Speculative | Fragile,8.27,Suitable only for high-risk tactical or speculative positioning. Current profile appears too fragile for normal allocation.
INTC,MATURE,95.78,Upward,1,1.78,85,63.62,Bullish,1.84,Mediate Risk,Caution,11.8,46.2,C+,Watchlist,Double Check,2.565393933,"WATCHLIST: Reference return 1.8%, Safety 11.8/100, Risk: Mediate Risk","Risk Reference Prices (Current: 95.78) | Lower Warning: 90.99, Lower Danger: 86.2, Upper Warning: 100.57, Upper Danger: 105.36",WATCHLIST,-0.0385,0.4343,0.501,1.1833,3.7252,0.0944,0.0721,0.0601,-0.2417,0.528,0.468,0.0071,0.035,-0.0242,-0.0385,0.1604,0.0138,71.5101,C,3,50.0,9.1376,12.3725,1.4439,Risky,Strong,Balanced Growth,Selective Exposure,Growth Allocation,Mediate Risk | Risky | Strong,46.55,Suitable for investors seeking a balance between upside potential and manageable volatility. Current setup allows selective exposure under controlled sizing.
IBKR,MATURE,81.72,Upward,1,2.21,55,50.91,Neutral,-0.15,Low Risk,Mediate,57.2,46.1,C+,Watchlist,Double Check,1.727877536,"WATCHLIST: Reference return -0.1%, Safety 57.2/100, Risk: Low Risk","Risk Reference Prices (Current: 81.72) | Lower Warning: 77.63, Lower Danger: 73.55, Upper Warning: 85.81, Upper Danger: 89.89",WATCHLIST,0.0157,0.0767,0.0599,0.2482,0.83,0.0122,0.0197,0.0261,-0.187,0.552,0.448,0.0027,0.0183,-0.0166,0.0157,0.0666,0.0279,74.4706,B,4,43.8808,20.0107,10.5791,1.1051,Defensive,Strong,Moderately Conservative,Selective Exposure,Core Allocation,Low Risk | Defensive | Strong,57.72,"Suitable as a relatively stable core risk asset, but current conditions require caution. Current setup allows selective exposure under controlled sizing."
ICE,MATURE,156.44,Downward,-1,-0.88,35,50.09,Neutral,-0.27,Low Risk,Mediate,63.6,19.0,D,Underweight,Conservative Allocation,-0.52662477,"WATCHLIST: Reference return -0.3%, Safety 63.6/100, Risk: Low Risk","Risk Reference Prices (Current: 156.44) | Lower Warning: 148.62, Lower Danger: 140.8, Upper Warning: 164.26, Upper Danger: 172.08",WATCHLIST,0.0109,-0.0066,-0.0346,-0.0126,-0.0903,0.0119,0.0113,0.0152,-0.2253,0.5,0.496,-0.0003,0.0093,-0.0099,0.0109,-0.0127,-0.0104,28.9324,E,1,5.0513,16.9435,6.9376,0.9341,Defensive,Weak,Conservative,Watch / DCA Only,Core Allocation,Low Risk | Defensive | Weak,41.02,Suitable for lower-risk investors seeking relatively stable core exposure. Current weakness suggests observation or gradual accumulation only.
IFF,MATURE,70.09,Upward,1,-0.88,35,46.03,Neutral,-0.68,Low Risk,Mediate,53.3,16.3,D,Underweight,Conservative Allocation,-0.331726341,"WATCHLIST: Reference return -0.7%, Safety 53.3/100, Risk: Low Risk","Risk Reference Prices (Current: 70.09) | Lower Warning: 66.59, Lower Danger: 63.08, Upper Warning: 73.59, Upper Danger: 77.1",WATCHLIST,-0.0102,-0.012,-0.0344,0.0521,-0.093,0.0144,0.0209,0.0208,-0.2403,0.508,0.488,-0.0002,0.0133,-0.0143,-0.0102,-0.0148,-0.0016,30.9152,E,1,8.3612,15.2941,7.2599,0.9298,Defensive,Weak,Moderately Conservative,Watch / DCA Only,Core Allocation,Low Risk | Defensive | Weak,36.2,"Suitable as a relatively stable core risk asset, but current conditions require caution. Current weakness suggests observation or gradual accumulation only."
IP,MATURE,31.2,Downward,-1,-2.41,20,36.8,Bearish,-3.18,Low Risk,Caution,20.3,-3.1,D,Underweight,Conservative Allocation,-0.655338818,"WATCHLIST: Reference return -3.2%, Safety 20.3/100, Risk: Low Risk","Risk Reference Prices (Current: 31.20) | Lower Warning: 29.64, Lower Danger: 28.08, Upper Warning: 32.76, Upper Danger: 34.32",WATCHLIST,-0.0176,-0.0698,-0.1461,-0.0758,-0.2653,0.0468,0.0373,0.0322,-0.4359,0.452,0.536,-0.0009,0.018,-0.0169,-0.0176,-0.0444,0.0256,15.1025,E,1,0.724,8.2426,6.1359,1.0678,Risky,Fragile,Moderately Conservative,Avoid / Too Fragile,Core Allocation,Low Risk | Risky | Fragile,11.83,"Suitable as a relatively stable core risk asset, but current conditions require caution. Current profile appears too fragile for normal allocation."
INTU,MATURE,406.99,Downward,-1,0.29,50,52.47,Neutral,-1.62,High Risk,Caution,8.3,22.4,D,Underweight,Conservative Allocation,-1.109791714,"WATCHLIST: Reference return -1.6%, Safety 8.3/100, Risk: High Risk","Risk Reference Prices (Current: 406.99) | Lower Warning: 386.64, Lower Danger: 366.29, Upper Warning: 427.34, Upper Danger: 447.69",WATCHLIST,0.0199,0.0618,0.1096,-0.1039,-0.351,0.0227,0.0301,0.032,-0.5624,0.488,0.508,-0.0015,0.0152,-0.0175,0.0199,0.0279,0.0476,30.3745,E,1,16.2794,8.1022,5.993,0.8698,Speculative,Weak,Speculative,Watch / DCA Only,Tactical Satellite Position,High Risk | Speculative | Weak,28.1,Suitable only for high-risk tactical or speculative positioning. Current weakness suggests observation or gradual accumulation only.
ISRG,MATURE,452.35,Downward,-1,0.38,50,51.46,Neutral,-0.21,Low Risk,Mediate,52.5,32.0,D,Underweight,Conservative Allocation,-0.542099437,"WATCHLIST: Reference return -0.2%, Safety 52.5/100, Risk: Low Risk","Risk Reference Prices (Current: 452.35) | Lower Warning: 429.73, Lower Danger: 407.12, Upper Warning: 474.97, Upper Danger: 497.59",WATCHLIST,-0.0119,-0.0553,-0.0318,-0.0536,-0.1494,0.0141,0.0262,0.021,-0.2409,0.476,0.524,-0.0005,0.0128,-0.0126,-0.0119,-0.0619,-0.0115,24.0159,E,1,2.187,15.229,6.5999,1.0209,Defensive,Acceptable,Moderately Conservative,Watch / DCA Only,Core Allocation,Low Risk | Defensive | Acceptable,46.57,"Suitable as a relatively stable core risk asset, but current conditions require caution. Current weakness suggests observation or gradual accumulation only."
IVZ,MATURE,26.04,Downward,-1,2.8,65,49.25,Neutral,0.16,Low Risk,Mediate,56.7,49.7,C+,Watchlist,Double Check,1.905124786,"WATCHLIST: Reference return 0.2%, Safety 56.7/100, Risk: Low Risk","Risk Reference Prices (Current: 26.04) | Lower Warning: 24.74, Lower Danger: 23.44, Upper Warning: 27.34, Upper Danger: 28.64",WATCHLIST,0.0058,0.0264,0.0534,0.1219,0.8916,0.0123,0.0161,0.0235,-0.2203,0.572,0.428,0.0028,0.0159,-0.0148,0.0058,0.0208,-0.0065,64.0981,C,3,36.0454,16.9209,11.1318,1.0781,Defensive,Strong,Moderately Conservative,Watch / DCA Only,Core Allocation,Low Risk | Defensive | Strong,61.43,"Suitable as a relatively stable core risk asset, but current conditions require caution. Current weakness suggests observation or gradual accumulation only."
INVH,MATURE,28.55,Upward,1,0.57,85,52.87,Neutral,1.39,Low Risk,Mediate,57.6,44.3,C,Caution,Risk Mitigation,-0.881532938,"WATCHLIST: Reference return 1.4%, Safety 57.6/100, Risk: Low Risk","Risk Reference Prices (Current: 28.55) | Lower Warning: 27.12, Lower Danger: 25.7, Upper Warning: 29.98, Upper Danger: 31.41",WATCHLIST,0.0007,0.0458,0.0786,0.1848,-0.1491,0.0162,0.0166,0.0133,-0.28,0.452,0.532,-0.0006,0.0103,-0.0098,0.0007,0.0523,-0.0076,46.5991,D,2,27.7548,12.8553,5.989,1.05,Defensive,Strong,Moderately Conservative,Selective Exposure,Core Allocation,Low Risk | Defensive | Strong,57.91,"Suitable as a relatively stable core risk asset, but current conditions require caution. Current setup allows selective exposure under controlled sizing."
IQV,MATURE,160.94,Downward,-1,-1.08,45,54.89,Neutral,-1.45,Low Risk,Caution,38.4,15.1,D,Underweight,Conservative Allocation,0.241081849,"WATCHLIST: Reference return -1.5%, Safety 38.4/100, Risk: Low Risk","Risk Reference Prices (Current: 160.94) | Lower Warning: 152.89, Lower Danger: 144.85, Upper Warning: 168.99, Upper Danger: 177.03",WATCHLIST,0.0201,0.0016,-0.0818,-0.0309,0.0567,0.0174,0.0283,0.0232,-0.3587,0.492,0.504,0.0006,0.0178,-0.0163,0.0201,-0.0083,0.0162,25.0638,E,1,7.4655,9.7569,7.8414,1.0931,Caution,Weak,Moderately Conservative,Watch / DCA Only,Core Allocation,Low Risk | Caution | Weak,32.51,"Suitable as a relatively stable core risk asset, but current conditions require caution. Current weakness suggests observation or gradual accumulation only."
IRM,MATURE,128.22,Upward,1,1.63,85,54.72,Neutral,1.5,Low Risk,Mediate,48.6,50.9,C+,Watchlist,Double Check,1.033975235,"WATCHLIST: Reference return 1.5%, Safety 48.6/100, Risk: Low Risk","Risk Reference Prices (Current: 128.22) | Lower Warning: 121.81, Lower Danger: 115.4, Upper Warning: 134.63, Upper Danger: 141.04",WATCHLIST,0.0081,0.1042,0.1244,0.2872,0.3658,0.0402,0.0311,0.0243,-0.2515,0.544,0.452,0.0014,0.0142,-0.0139,0.0081,0.1051,0.0177,70.8852,C,3,47.2075,14.1262,9.5515,1.0216,Caution,Strong,Moderately Conservative,Selective Exposure,Core Allocation,Low Risk | Caution | Strong,59.58,"Suitable as a relatively stable core risk asset, but current conditions require caution. Current setup allows selective exposure under controlled sizing."
JBHT,MATURE,238.34,Upward,1,1.52,75,53.86,Neutral,1.13,Low Risk,Mediate,60.2,49.8,C+,Watchlist,Double Check,1.621084102,"WATCHLIST: Reference return 1.1%, Safety 60.2/100, Risk: Low Risk","Risk Reference Prices (Current: 238.34) | Lower Warning: 226.42, Lower Danger: 214.51, Upper Warning: 250.26, Upper Danger: 262.17",WATCHLIST,-0.0418,-0.0606,0.038,0.1921,0.8035,0.021,0.0279,0.0209,-0.1587,0.504,0.496,0.0026,0.0183,-0.0133,-0.0418,-0.0412,-0.0524,67.4717,C,3,33.6507,23.0226,10.7983,1.3786,Defensive,Strong,Conservative,Selective Exposure,Core Allocation,Low Risk | Defensive | Strong,61.45,Suitable for lower-risk investors seeking relatively stable core exposure. Current setup allows selective exposure under controlled sizing.
JBL,MATURE,340.8,Upward,1,-0.62,60,63.05,Bullish,3.19,Low Risk,Mediate,65.3,33.7,D,Underweight,Conservative Allocation,2.232164327,"WATCHLIST: Reference return 3.2%, Safety 65.3/100, Risk: Low Risk","Risk Reference Prices (Current: 340.80) | Lower Warning: 323.76, Lower Danger: 306.72, Upper Warning: 357.84, Upper Danger: 374.88",WATCHLIST,-0.0049,0.0067,0.1138,0.3437,1.2722,0.0152,0.0156,0.0284,-0.1786,0.588,0.412,0.0036,0.0185,-0.0177,-0.0049,-0.0025,0.0098,73.7536,B,4,41.7629,20.5904,11.4004,1.0446,Defensive,Acceptable,Conservative,Selective Exposure,Core Allocation,Low Risk | Defensive | Acceptable,51.72,Suitable for lower-risk investors seeking relatively stable core exposure. Current setup allows selective exposure under controlled sizing.
JKHY,MATURE,152.52,Downward,-1,0.55,60,48.92,Neutral,-1.26,Low Risk,Mediate,60.5,36.8,C,Caution,Risk Mitigation,-0.519108246,"WATCHLIST: Reference return -1.3%, Safety 60.5/100, Risk: Low Risk","Risk Reference Prices (Current: 152.52) | Lower Warning: 144.89, Lower Danger: 137.27, Upper Warning: 160.15, Upper Danger: 167.77",WATCHLIST,-0.0098,0.0127,0.0073,-0.0778,-0.1024,0.0067,0.0116,0.0159,-0.2329,0.512,0.48,-0.0003,0.0101,-0.0114,-0.0098,0.0091,-0.008,30.0046,E,1,6.684,16.2054,7.1152,0.8822,Defensive,Acceptable,Conservative,Defensive Hold,Core Allocation,Low Risk | Defensive | Acceptable,52.48,Suitable for lower-risk investors seeking relatively stable core exposure. Current conditions suggest a defensive stance rather than active accumulation.
J,MATURE,130.74,Downward,-1,2.45,65,45.31,Neutral,-1.13,Low Risk,Mediate,57.7,48.2,C+,Watchlist,Double Check,0.189013682,"WATCHLIST: Reference return -1.1%, Safety 57.7/100, Risk: Low Risk","Risk Reference Prices (Current: 130.74) | Lower Warning: 124.2, Lower Danger: 117.67, Upper Warning: 137.28, Upper Danger: 143.81",WATCHLIST,0.0141,0.0248,0.0425,0.0179,0.0529,0.0143,0.013,0.0158,-0.2491,0.5,0.496,0.0004,0.013,-0.0124,0.0141,0.0327,0.0103,37.87,E,1,15.1721,14.8446,7.8533,1.0533,Defensive,Strong,Moderately Conservative,Watch / DCA Only,Core Allocation,Low Risk | Defensive | Strong,60.06,"Suitable as a relatively stable core risk asset, but current conditions require caution. Current weakness suggests observation or gradual accumulation only."
JNJ,MATURE,224.2,Upward,1,-1.88,20,37.31,Bearish,-0.04,Low Risk,Safe,78.9,10.7,D,Underweight,Conservative Allocation,2.213519873,"WATCHLIST: Reference return -0.0%, Safety 78.9/100, Risk: Low Risk","Risk Reference Prices (Current: 224.20) | Lower Warning: 212.99, Lower Danger: 201.78, Upper Warning: 235.41, Upper Danger: 246.62",WATCHLIST,-0.0132,-0.028,-0.0662,-0.0475,0.4868,0.0109,0.0119,0.0106,-0.098,0.54,0.46,0.0016,0.0089,-0.0068,-0.0132,-0.0145,-0.0246,55.8169,D,2,16.7952,27.2891,11.7327,1.2972,Defensive,Weak,Conservative,High Risk Tactical Only,Core Allocation,Low Risk | Defensive | Weak,37.86,"Suitable for lower-risk investors seeking relatively stable core exposure. Current profile is only suitable for tactical, high-risk participation."
JCI,MATURE,144.4,Upward,1,2.8,80,50.56,Neutral,1.18,Low Risk,Safe,70.2,57.3,B,Attention,Opportunity Confirmation,1.876867122,"ATTENTION: Reference return 1.2%, Safety 70.2/100, Risk: Low Risk","Risk Reference Prices (Current: 144.40) | Lower Warning: 137.18, Lower Danger: 129.96, Upper Warning: 151.62, Upper Danger: 158.84",ATTENTION,-0.0047,0.0188,0.0165,0.1133,0.6273,0.0151,0.0162,0.0205,-0.1271,0.572,0.42,0.0021,0.0119,-0.0113,-0.0047,0.0175,-0.0112,68.4451,C,3,32.1254,25.3611,10.9585,1.0572,Defensive,Strong,Conservative,Selective Exposure,Core Allocation,Low Risk | Defensive | Strong,70.82,Suitable for lower-risk investors seeking relatively stable core exposure. Current setup allows selective exposure under controlled sizing.
JPM,MATURE,307.65,Upward,1,1.39,75,51.5,Neutral,-0.08,Low Risk,Safe,71.4,49.0,C+,Watchlist,Double Check,0.951444117,"WATCHLIST: Reference return -0.1%, Safety 71.4/100, Risk: Low Risk","Risk Reference Prices (Current: 307.65) | Lower Warning: 292.27, Lower Danger: 276.88, Upper Warning: 323.03, Upper Danger: 338.42",WATCHLIST,-0.0154,-0.013,-0.0112,0.0791,0.2418,0.0106,0.0117,0.0144,-0.1547,0.556,0.444,0.001,0.0099,-0.0102,-0.0154,-0.002,-0.0178,55.1974,D,2,21.8695,23.6949,9.633,0.967,Defensive,Strong,Conservative,Selective Exposure,Core Allocation,Low Risk | Defensive | Strong,64.56,Suitable for lower-risk investors seeking relatively stable core exposure. Current setup allows selective exposure under controlled sizing.
KVUE,MATURE,17.15,Downward,-1,1.11,65,47.69,Neutral,-0.23,Low Risk,Mediate,44.3,39.1,C,Caution,Risk Mitigation,-0.803444318,"WATCHLIST: Reference return -0.2%, Safety 44.3/100, Risk: Low Risk","Risk Reference Prices (Current: 17.15) | Lower Warning: 16.29, Lower Danger: 15.43, Upper Warning: 18.01, Upper Danger: 18.86",WATCHLIST,-0.0161,-0.0194,-0.0132,-0.0144,-0.2433,0.012,0.0105,0.0129,-0.412,0.484,0.496,-0.0009,0.0127,-0.0142,-0.0161,-0.0194,-0.0217,20.0218,E,1,4.2376,9.796,5.9882,0.8942,Caution,Acceptable,Moderately Conservative,Watch / DCA Only,Core Allocation,Low Risk | Caution | Acceptable,49.53,"Suitable as a relatively stable core risk asset, but current conditions require caution. Current weakness suggests observation or gradual accumulation only."
KDP,MATURE,28.87,Downward,-1,1.6,75,48.92,Neutral,0.56,Low Risk,Mediate,50.3,46.6,C+,Watchlist,Double Check,-0.524363206,"WATCHLIST: Reference return 0.6%, Safety 50.3/100, Risk: Low Risk","Risk Reference Prices (Current: 28.87) | Lower Warning: 27.43, Lower Danger: 25.98, Upper Warning: 30.31, Upper Danger: 31.76",WATCHLIST,-0.0076,0.0119,0.1095,0.0953,-0.1339,0.0219,0.0249,0.0197,-0.2748,0.496,0.496,-0.0004,0.0113,-0.0121,-0.0076,-0.012,-0.018,41.021,E,1,21.4347,12.8502,6.736,0.9301,Defensive,Strong,Moderately Conservative,Watch / DCA Only,Core Allocation,Low Risk | Defensive | Strong,56.73,"Suitable as a relatively stable core risk asset, but current conditions require caution. Current weakness suggests observation or gradual accumulation only."
KEY,MATURE,21.66,Upward,1,1.2,65,49.96,Neutral,0.15,Low Risk,Mediate,69.4,45.4,C+,Watchlist,Double Check,1.496397133,"WATCHLIST: Reference return 0.1%, Safety 69.4/100, Risk: Low Risk","Risk Reference Prices (Current: 21.66) | Lower Warning: 20.58, Lower Danger: 19.49, Upper Warning: 22.74, Upper Danger: 23.83",WATCHLIST,-0.0096,-0.0159,0.0014,0.1159,0.4557,0.0143,0.0114,0.0133,-0.1776,0.52,0.468,0.0016,0.0128,-0.0107,-0.0096,0.0014,-0.0204,60.4678,C,3,28.8428,21.6964,9.9286,1.1918,Defensive,Strong,Conservative,Selective Exposure,Core Allocation,Low Risk | Defensive | Strong,60.66,Suitable for lower-risk investors seeking relatively stable core exposure. Current setup allows selective exposure under controlled sizing.
KEYS,MATURE,351.35,Upward,1,0.47,50,61.54,Bullish,2.4,Low Risk,Mediate,66.3,41.1,C,Caution,Risk Mitigation,2.381090822,"WATCHLIST: Reference return 2.4%, Safety 66.3/100, Risk: Low Risk","Risk Reference Prices (Current: 351.35) | Lower Warning: 333.78, Lower Danger: 316.22, Upper Warning: 368.92, Upper Danger: 386.49",WATCHLIST,-0.003,0.0139,0.0632,0.266,1.3854,0.022,0.0174,0.0237,-0.14,0.588,0.408,0.0038,0.0159,-0.0136,-0.003,0.0127,0.0041,76.1461,B,4,39.4644,24.2863,12.3954,1.162,Defensive,Strong,Conservative,Selective Exposure,Core Allocation,Low Risk | Defensive | Strong,55.36,Suitable for lower-risk investors seeking relatively stable core exposure. Current setup allows selective exposure under controlled sizing.
KMB,MATURE,95.65,Downward,-1,1.08,65,45.53,Neutral,-0.19,Low Risk,Mediate,49.6,39.6,C,Caution,Risk Mitigation,-1.127031746,"WATCHLIST: Reference return -0.2%, Safety 49.6/100, Risk: Low Risk","Risk Reference Prices (Current: 95.65) | Lower Warning: 90.87, Lower Danger: 86.08, Upper Warning: 100.43, Upper Danger: 105.22",WATCHLIST,-0.0207,-0.0233,-0.0155,-0.026,-0.2368,0.0163,0.0137,0.0159,-0.3243,0.468,0.532,-0.001,0.0098,-0.0104,-0.0207,-0.0225,-0.0282,20.323,E,1,3.7032,10.9229,5.697,0.9414,Caution,Acceptable,Moderately Conservative,Watch / DCA Only,Core Allocation,Low Risk | Caution | Acceptable,51.24,"Suitable as a relatively stable core risk asset, but current conditions require caution. Current weakness suggests observation or gradual accumulation only."
KIM,MATURE,23.4,Upward,1,1.41,75,52.46,Neutral,0.63,Low Risk,Safe,77.5,51.6,C+,Watchlist,Double Check,0.797754914,"WATCHLIST: Reference return 0.6%, Safety 77.5/100, Risk: Low Risk","Risk Reference Prices (Current: 23.40) | Lower Warning: 22.23, Lower Danger: 21.06, Upper Warning: 24.57, Upper Danger: 25.74",WATCHLIST,0.0009,-0.0185,-0.0085,0.0474,0.1838,0.0062,0.0096,0.009,-0.127,0.508,0.48,0.0007,0.0097,-0.0087,0.0009,-0.0122,-0.0102,51.2003,D,2,16.6313,25.8683,8.7007,1.1123,Defensive,Strong,Conservative,Selective Exposure,Core Allocation,Low Risk | Defensive | Strong,67.63,Suitable for lower-risk investors seeking relatively stable core exposure. Current setup allows selective exposure under controlled sizing.
KMI,MATURE,32.47,Upward,1,1.39,60,47.9,Neutral,0.52,Low Risk,Safe,75.4,47.1,C+,Watchlist,Double Check,1.019617045,"WATCHLIST: Reference return 0.5%, Safety 75.4/100, Risk: Low Risk","Risk Reference Prices (Current: 32.47) | Lower Warning: 30.85, Lower Danger: 29.22, Upper Warning: 34.09, Upper Danger: 35.72",WATCHLIST,-0.0018,0.0233,0.0259,-0.0113,0.247,0.0201,0.0145,0.0129,-0.1111,0.528,0.456,0.001,0.0098,-0.0092,-0.0018,0.023,-0.0122,56.2975,D,2,20.5064,26.6202,9.1709,1.0615,Defensive,Strong,Conservative,Selective Exposure,Core Allocation,Low Risk | Defensive | Strong,62.78,Suitable for lower-risk investors seeking relatively stable core exposure. Current setup allows selective exposure under controlled sizing.
KKR,MATURE,103.33,Downward,-1,1.66,75,57.87,Neutral,0.12,Low Risk,Caution,28.3,43.2,C,Caution,Risk Mitigation,-0.185183711,"WATCHLIST: Reference return 0.1%, Safety 28.3/100, Risk: Low Risk","Risk Reference Prices (Current: 103.33) | Lower Warning: 98.16, Lower Danger: 93.0, Upper Warning: 108.5, Upper Danger: 113.66",WATCHLIST,-0.0034,0.0166,0.0289,0.1481,-0.0942,0.0229,0.0227,0.0237,-0.4462,0.492,0.508,-0.0001,0.0173,-0.017,-0.0034,0.0147,-0.0097,37.0571,E,1,20.7659,9.061,7.2302,1.0186,Caution,Strong,Moderately Conservative,Watch / DCA Only,Core Allocation,Low Risk | Caution | Strong,49.05,"Suitable as a relatively stable core risk asset, but current conditions require caution. Current weakness suggests observation or gradual accumulation only."
KLAC,MATURE,1713.32,Upward,1,1.39,65,59.89,Neutral,2.16,Low Risk,Mediate,46.7,46.9,C+,Watchlist,Double Check,2.186775953,"WATCHLIST: Reference return 2.2%, Safety 46.7/100, Risk: Low Risk","Risk Reference Prices (Current: 1713.32) | Lower Warning: 1627.65, Lower Danger: 1541.99, Upper Warning: 1798.99, Upper Danger: 1884.65",WATCHLIST,-0.0075,-0.0562,-0.046,0.1432,1.49,0.0368,0.0286,0.0325,-0.2241,0.608,0.392,0.0041,0.0201,-0.0209,-0.0075,-0.1146,-0.0212,55.4452,D,2,28.4371,15.6636,11.3445,0.9643,Caution,Strong,Moderately Conservative,Selective Exposure,Core Allocation,Low Risk | Caution | Strong,54.63,"Suitable as a relatively stable core risk asset, but current conditions require caution. Current setup allows selective exposure under controlled sizing."
KHC,MATURE,22.42,Downward,-1,0.32,50,47.33,Neutral,-0.57,Low Risk,Mediate,63.6,33.0,D,Underweight,Conservative Allocation,-0.766042945,"WATCHLIST: Reference return -0.6%, Safety 63.6/100, Risk: Low Risk","Risk Reference Prices (Current: 22.42) | Lower Warning: 21.3, Lower Danger: 20.18, Upper Warning: 23.54, Upper Danger: 24.66",WATCHLIST,-0.0031,0.0205,0.014,0.0394,-0.1657,0.0112,0.0118,0.0148,-0.2319,0.504,0.492,-0.0006,0.0111,-0.0126,-0.0031,0.0219,-0.0106,34.142,E,1,11.0334,16.3552,6.7534,0.8813,Defensive,Acceptable,Conservative,Defensive Hold,Core Allocation,Low Risk | Defensive | Acceptable,50.19,Suitable for lower-risk investors seeking relatively stable core exposure. Current conditions suggest a defensive stance rather than active accumulation.
KR,MATURE,67.55,Upward,1,0.53,60,45.87,Neutral,0.2,Low Risk,Mediate,65.7,37.5,C,Caution,Risk Mitigation,-0.224274932,"WATCHLIST: Reference return 0.2%, Safety 65.7/100, Risk: Low Risk","Risk Reference Prices (Current: 67.55) | Lower Warning: 64.17, Lower Danger: 60.8, Upper Warning: 70.93, Upper Danger: 74.31",WATCHLIST,-0.0032,-0.0224,0.0054,-0.0772,-0.0542,0.016,0.014,0.0161,-0.1944,0.468,0.528,-0.0001,0.0134,-0.012,-0.0032,0.0048,-0.0076,31.9428,E,1,4.9329,19.9412,7.0687,1.1138,Defensive,Acceptable,Conservative,Selective Exposure,Core Allocation,Low Risk | Defensive | Acceptable,54.16,Suitable for lower-risk investors seeking relatively stable core exposure. Current setup allows selective exposure under controlled sizing.
LHX,MATURE,308.62,Upward,1,-0.95,40,41.18,Neutral,-0.95,Low Risk,Mediate,67.2,18.8,D,Underweight,Conservative Allocation,1.455911474,"WATCHLIST: Reference return -0.9%, Safety 67.2/100, Risk: Low Risk","Risk Reference Prices (Current: 308.62) | Lower Warning: 293.19, Lower Danger: 277.76, Upper Warning: 324.05, Upper Danger: 339.48",WATCHLIST,-0.0152,-0.0654,-0.132,-0.1254,0.4359,0.0182,0.0141,0.0153,-0.1817,0.54,0.46,0.0016,0.0122,-0.011,-0.0152,-0.028,-0.0372,46.3841,D,2,15.0022,21.2216,10.1602,1.1159,Defensive,Weak,Conservative,Watch / DCA Only,Core Allocation,Low Risk | Defensive | Weak,41.9,Suitable for lower-risk investors seeking relatively stable core exposure. Current weakness suggests observation or gradual accumulation only.
LH,MATURE,253.01,Downward,-1,-1.72,10,44.12,Neutral,-0.08,Low Risk,Mediate,68.7,8.4,D,Underweight,Conservative Allocation,0.097392868,"WATCHLIST: Reference return -0.1%, Safety 68.7/100, Risk: Low Risk","Risk Reference Prices (Current: 253.01) | Lower Warning: 240.36, Lower Danger: 227.71, Upper Warning: 265.66, Upper Danger: 278.31",WATCHLIST,-0.0111,-0.045,-0.059,-0.038,0.0361,0.0052,0.0112,0.0146,-0.1522,0.528,0.468,0.0002,0.0106,-0.0114,-0.0111,-0.0409,-0.0148,36.8624,E,1,4.8356,23.8855,8.1413,0.9276,Defensive,Fragile,Conservative,High Risk Tactical Only,Core Allocation,Low Risk | Defensive | Fragile,33.18,"Suitable for lower-risk investors seeking relatively stable core exposure. Current profile is only suitable for tactical, high-risk participation."
LRCX,MATURE,258.57,Upward,1,1.21,65,51.13,Neutral,0.78,Low Risk,Mediate,47.2,42.2,C,Caution,Risk Mitigation,2.772309819,"WATCHLIST: Reference return 0.8%, Safety 47.2/100, Risk: Low Risk","Risk Reference Prices (Current: 258.57) | Lower Warning: 245.64, Lower Danger: 232.71, Upper Warning: 271.5, Upper Danger: 284.43",WATCHLIST,0.0072,0.0,-0.0508,0.1323,2.5241,0.0281,0.0252,0.0376,-0.2001,0.592,0.408,0.0055,0.0246,-0.0222,0.0072,-0.0344,0.0028,59.2216,C,3,29.8642,17.29,12.0675,1.1096,Caution,Strong,Moderately Conservative,Selective Exposure,Core Allocation,Low Risk | Caution | Strong,52.07,"Suitable as a relatively stable core risk asset, but current conditions require caution. Current setup allows selective exposure under controlled sizing."
LW,MATURE,42.54,Downward,-1,0.37,50,46.01,Neutral,-0.98,Low Risk,Mediate,40.0,28.6,D,Underweight,Conservative Allocation,-0.236134132,"WATCHLIST: Reference return -1.0%, Safety 40.0/100, Risk: Low Risk","Risk Reference Prices (Current: 42.54) | Lower Warning: 40.41, Lower Danger: 38.29, Upper Warning: 44.67, Upper Danger: 46.79",WATCHLIST,-0.0301,-0.0319,-0.0272,0.0635,-0.1532,0.0162,0.0188,0.0252,-0.4137,0.508,0.484,-0.0003,0.0162,-0.0175,-0.0301,-0.0402,-0.0232,24.5705,E,1,8.2861,9.0649,7.2195,0.9241,Caution,Acceptable,Moderately Conservative,Watch / DCA Only,Core Allocation,Low Risk | Caution | Acceptable,40.61,"Suitable as a relatively stable core risk asset, but current conditions require caution. Current weakness suggests observation or gradual accumulation only."
LVS,MATURE,51.86,Downward,-1,-1.35,10,50.73,Neutral,0.31,Low Risk,Mediate,48.9,8.1,D,Underweight,Conservative Allocation,0.959968326,"WATCHLIST: Reference return 0.3%, Safety 48.9/100, Risk: Low Risk","Risk Reference Prices (Current: 51.86) | Lower Warning: 49.27, Lower Danger: 46.67, Upper Warning: 54.45, Upper Danger: 57.05",WATCHLIST,-0.0359,-0.0017,-0.0659,-0.0202,0.3819,0.023,0.0292,0.0241,-0.2533,0.54,0.452,0.0016,0.0155,-0.015,-0.0359,-0.018,-0.0504,41.4899,E,1,18.035,14.009,9.446,1.0301,Caution,Fragile,Moderately Conservative,High Risk Tactical Only,Core Allocation,Low Risk | Caution | Fragile,27.74,"Suitable as a relatively stable core risk asset, but current conditions require caution. Current profile is only suitable for tactical, high-risk participation."
LDOS,MATURE,148.81,Downward,-1,0.0,45,43.0,Neutral,-1.78,Low Risk,Mediate,57.0,26.8,D,Underweight,Conservative Allocation,0.059589649,"WATCHLIST: Reference return -1.8%, Safety 57.0/100, Risk: Low Risk","Risk Reference Prices (Current: 148.81) | Lower Warning: 141.37, Lower Danger: 133.93, Upper Warning: 156.25, Upper Danger: 163.69",WATCHLIST,-0.0028,0.0082,-0.0471,-0.1029,0.0156,0.0126,0.0132,0.0145,-0.2737,0.52,0.472,0.0002,0.0118,-0.0125,-0.0028,0.0188,-0.0027,27.3993,E,1,6.3409,13.1705,7.8878,0.9425,Defensive,Acceptable,Moderately Conservative,Watch / DCA Only,Core Allocation,Low Risk | Defensive | Acceptable,44.04,"Suitable as a relatively stable core risk asset, but current conditions require caution. Current weakness suggests observation or gradual accumulation only."
LEN,MATURE,84.36,Downward,-1,-0.19,35,40.29,Neutral,-2.35,Low Risk,Caution,37.8,18.7,D,Underweight,Conservative Allocation,-0.577945049,"WATCHLIST: Reference return -2.4%, Safety 37.8/100, Risk: Low Risk","Risk Reference Prices (Current: 84.36) | Lower Warning: 80.14, Lower Danger: 75.92, Upper Warning: 88.58, Upper Danger: 92.8",WATCHLIST,-0.0462,-0.1043,-0.0453,-0.0634,-0.2132,0.0221,0.0228,0.0234,-0.3992,0.472,0.528,-0.0007,0.0176,-0.017,-0.0462,-0.103,-0.0658,17.075,E,1,1.2266,9.3049,6.5435,1.0329,Caution,Weak,Moderately Conservative,Watch / DCA Only,Core Allocation,Low Risk | Caution | Weak,32.64,"Suitable as a relatively stable core risk asset, but current conditions require caution. Current weakness suggests observation or gradual accumulation only."
LII,MATURE,514.86,Downward,-1,1.18,65,46.92,Neutral,0.51,Low Risk,Caution,38.0,39.1,C,Caution,Risk Mitigation,-0.173965656,"WATCHLIST: Reference return 0.5%, Safety 38.0/100, Risk: Low Risk","Risk Reference Prices (Current: 514.86) | Lower Warning: 489.12, Lower Danger: 463.37, Upper Warning: 540.6, Upper Danger: 566.35",WATCHLIST,-0.0218,0.0429,-0.0107,0.1036,-0.0759,0.0267,0.0278,0.0307,-0.3377,0.468,0.532,-0.0001,0.0167,-0.0149,-0.0218,0.0487,-0.0374,34.7047,E,1,18.0953,9.4415,7.1679,1.1254,Caution,Acceptable,Moderately Conservative,Watch / DCA Only,Core Allocation,Low Risk | Caution | Acceptable,47.42,"Suitable as a relatively stable core risk asset, but current conditions require caution. Current weakness suggests observation or gradual accumulation only."
LLY,MATURE,967.93,Downward,-1,0.93,50,45.1,Neutral,-0.65,Low Risk,Mediate,47.6,35.0,C,Caution,Risk Mitigation,0.53818673,"WATCHLIST: Reference return -0.7%, Safety 47.6/100, Risk: Low Risk","Risk Reference Prices (Current: 967.93) | Lower Warning: 919.53, Lower Danger: 871.14, Upper Warning: 1016.33, Upper Danger: 1064.72",WATCHLIST,0.0048,0.0548,0.0492,0.0675,0.187,0.0455,0.0335,0.0264,-0.2364,0.536,0.464,0.001,0.0166,-0.017,0.0048,0.095,0.0357,51.491,D,2,27.466,15.1965,8.8285,0.9732,Caution,Acceptable,Moderately Conservative,Watch / DCA Only,Core Allocation,Low Risk | Caution | Acceptable,46.5,"Suitable as a relatively stable core risk asset, but current conditions require caution. Current weakness suggests observation or gradual accumulation only."
LIN,MATURE,493.55,Upward,1,0.99,65,48.94,Neutral,0.86,Low Risk,Mediate,68.2,44.6,C,Caution,Risk Mitigation,0.448797463,"WATCHLIST: Reference return 0.9%, Safety 68.2/100, Risk: Low Risk","Risk Reference Prices (Current: 493.55) | Lower Warning: 468.87, Lower Danger: 444.2, Upper Warning: 518.23, Upper Danger: 542.91",WATCHLIST,-0.0283,-0.0286,-0.0122,0.0111,0.1055,0.0133,0.0133,0.0131,-0.1918,0.524,0.476,0.0005,0.0084,-0.0083,-0.0283,-0.0328,-0.0151,39.2184,E,1,10.294,20.3173,8.6071,1.0139,Defensive,Strong,Conservative,Selective Exposure,Core Allocation,Low Risk | Defensive | Strong,59.37,Suitable for lower-risk investors seeking relatively stable core exposure. Current setup allows selective exposure under controlled sizing.
LYV,MATURE,157.58,Upward,1,-0.64,35,49.44,Neutral,0.29,Low Risk,Mediate,48.8,18.5,D,Underweight,Conservative Allocation,0.505437129,"WATCHLIST: Reference return 0.3%, Safety 48.8/100, Risk: Low Risk","Risk Reference Prices (Current: 157.58) | Lower Warning: 149.7, Lower Danger: 141.82, Upper Warning: 165.46, Upper Danger: 173.34",WATCHLIST,-0.0042,0.0285,-0.0523,0.0586,0.1577,0.0165,0.0241,0.0227,-0.2784,0.504,0.492,0.0008,0.0148,-0.0136,-0.0042,0.006,-0.0023,39.463,E,1,18.7034,12.4393,8.3203,1.0884,Caution,Weak,Moderately Conservative,Watch / DCA Only,Core Allocation,Low Risk | Caution | Weak,36.22,"Suitable as a relatively stable core risk asset, but current conditions require caution. Current weakness suggests observation or gradual accumulation only."
LMT,MATURE,518.15,Downward,-1,-1.28,40,31.14,Bearish,-1.53,Low Risk,Mediate,60.1,13.4,D,Underweight,Conservative Allocation,0.441520275,"WATCHLIST: Reference return -1.5%, Safety 60.1/100, Risk: Low Risk","Risk Reference Prices (Current: 518.15) | Lower Warning: 492.24, Lower Danger: 466.34, Upper Warning: 544.06, Upper Danger: 569.96",WATCHLIST,0.0105,-0.022,-0.1528,-0.1742,0.1288,0.0152,0.0171,0.0173,-0.2466,0.536,0.464,0.0006,0.0118,-0.0123,0.0105,0.0092,0.0003,31.7026,E,1,7.9963,14.967,8.7392,0.9612,Defensive,Weak,Conservative,High Risk Tactical Only,Core Allocation,Low Risk | Defensive | Weak,35.97,"Suitable for lower-risk investors seeking relatively stable core exposure. Current profile is only suitable for tactical, high-risk participation."
L,MATURE,105.15,Upward,1,0.33,50,49.78,Neutral,0.23,Low Risk,Safe,76.0,36.3,C,Caution,Risk Mitigation,1.088029245,"WATCHLIST: Reference return 0.2%, Safety 76.0/100, Risk: Low Risk","Risk Reference Prices (Current: 105.15) | Lower Warning: 99.89, Lower Danger: 94.64, Upper Warning: 110.41, Upper Danger: 115.67",WATCHLIST,-0.0586,-0.0647,-0.0465,-0.0043,0.2178,0.0244,0.0188,0.0151,-0.0725,0.556,0.444,0.0008,0.0075,-0.0075,-0.0586,-0.0491,-0.0662,50.7423,D,2,12.8963,27.9727,9.8733,0.9987,Defensive,Acceptable,Conservative,Selective Exposure,Core Allocation,Low Risk | Defensive | Acceptable,55.79,Suitable for lower-risk investors seeking relatively stable core exposure. Current setup allows selective exposure under controlled sizing.
LOW,MATURE,223.72,Downward,-1,-2.19,20,43.23,Neutral,-1.96,Low Risk,Mediate,55.7,5.6,D,Underweight,Conservative Allocation,0.021756928,"WATCHLIST: Reference return -2.0%, Safety 55.7/100, Risk: Low Risk","Risk Reference Prices (Current: 223.72) | Lower Warning: 212.53, Lower Danger: 201.35, Upper Warning: 234.91, Upper Danger: 246.09",WATCHLIST,-0.0412,-0.0926,-0.0952,0.0007,0.013,0.0202,0.0204,0.0214,-0.2184,0.504,0.496,0.0002,0.0123,-0.0122,-0.0412,-0.0848,-0.0631,29.4784,E,1,4.5081,17.2604,7.7098,1.0136,Defensive,Fragile,Moderately Conservative,Avoid / Too Fragile,Core Allocation,Low Risk | Defensive | Fragile,28.02,"Suitable as a relatively stable core risk asset, but current conditions require caution. Current profile appears too fragile for normal allocation."
LULU,MATURE,128.98,Downward,-1,-1.56,30,45.0,Neutral,-0.64,High Risk,Caution,1.3,-0.1,D,Underweight,Conservative Allocation,-1.423307251,"WATCHLIST: Reference return -0.6%, Safety 1.3/100, Risk: High Risk","Risk Reference Prices (Current: 128.98) | Lower Warning: 122.53, Lower Danger: 116.08, Upper Warning: 135.43, Upper Danger: 141.88",WATCHLIST,-0.0344,-0.0895,-0.1969,-0.2078,-0.537,0.024,0.0399,0.0346,-0.6152,0.484,0.516,-0.0026,0.0187,-0.0225,-0.0344,-0.1031,-0.0633,13.4922,E,1,0.1715,7.7407,5.58,0.8292,Speculative,Fragile,Speculative,Avoid / Too Fragile,Tactical Satellite Position,High Risk | Speculative | Fragile,10.52,Suitable only for high-risk tactical or speculative positioning. Current profile appears too fragile for normal allocation.
LYB,MATURE,76.04,Upward,1,1.26,50,57.84,Neutral,3.02,Low Risk,Caution,25.6,39.9,C,Caution,Risk Mitigation,0.995967513,"WATCHLIST: Reference return 3.0%, Safety 25.6/100, Risk: Low Risk","Risk Reference Prices (Current: 76.04) | Lower Warning: 72.24, Lower Danger: 68.44, Upper Warning: 79.84, Upper Danger: 83.64",WATCHLIST,0.014,0.0752,0.0381,0.0371,0.4781,0.0121,0.0392,0.0371,-0.3545,0.488,0.512,0.002,0.0243,-0.0192,0.014,0.0883,0.0193,48.3272,D,2,30.9489,8.2476,9.1306,1.261,Caution,Acceptable,Moderately Conservative,Selective Exposure,Core Allocation,Low Risk | Caution | Acceptable,42.36,"Suitable as a relatively stable core risk asset, but current conditions require caution. Current setup allows selective exposure under controlled sizing."
MTB,MATURE,214.08,Upward,1,1.1,65,46.92,Neutral,-0.68,Low Risk,Mediate,69.9,44.0,C,Caution,Risk Mitigation,0.969730572,"WATCHLIST: Reference return -0.7%, Safety 69.9/100, Risk: Low Risk","Risk Reference Prices (Current: 214.08) | Lower Warning: 203.38, Lower Danger: 192.67, Upper Warning: 224.78, Upper Danger: 235.49",WATCHLIST,-0.0109,-0.0256,-0.0292,0.0804,0.2572,0.0135,0.0111,0.0132,-0.1698,0.516,0.484,0.001,0.0115,-0.0101,-0.0109,-0.0039,-0.0208,53.051,D,2,21.3903,22.4343,9.2263,1.1318,Defensive,Strong,Conservative,Selective Exposure,Core Allocation,Low Risk | Defensive | Strong,59.86,Suitable for lower-risk investors seeking relatively stable core exposure. Current setup allows selective exposure under controlled sizing.
MPC,MATURE,252.54,Upward,1,2.64,65,56.22,Neutral,2.17,Low Risk,Mediate,55.6,53.5,C+,Watchlist,Double Check,1.952835413,"WATCHLIST: Reference return 2.2%, Safety 55.6/100, Risk: Low Risk","Risk Reference Prices (Current: 252.54) | Lower Warning: 239.91, Lower Danger: 227.29, Upper Warning: 265.17, Upper Danger: 277.79",WATCHLIST,0.026,0.1422,0.1278,0.0861,0.7997,0.0151,0.0234,0.0248,-0.1833,0.584,0.412,0.0025,0.0145,-0.0143,0.026,0.1267,0.0171,73.4449,B,4,41.9827,20.4782,10.984,1.0086,Defensive,Strong,Moderately Conservative,Selective Exposure,Core Allocation,Low Risk | Defensive | Strong,62.48,"Suitable as a relatively stable core risk asset, but current conditions require caution. Current setup allows selective exposure under controlled sizing."
MAR,MATURE,347.24,Upward,1,1.2,65,49.29,Neutral,0.32,Low Risk,Mediate,66.4,45.0,C+,Watchlist,Double Check,1.305100226,"WATCHLIST: Reference return 0.3%, Safety 66.4/100, Risk: Low Risk","Risk Reference Prices (Current: 347.24) | Lower Warning: 329.88, Lower Danger: 312.52, Upper Warning: 364.6, Upper Danger: 381.96",WATCHLIST,-0.0218,-0.057,-0.0531,0.0859,0.4176,0.0149,0.0178,0.0192,-0.1265,0.492,0.504,0.0015,0.0143,-0.0109,-0.0218,-0.0542,-0.04,58.5527,C,3,23.3627,25.4791,9.7109,1.3093,Defensive,Strong,Conservative,Selective Exposure,Core Allocation,Low Risk | Defensive | Strong,59.42,Suitable for lower-risk investors seeking relatively stable core exposure. Current setup allows selective exposure under controlled sizing.
MRSH,MATURE,167.87,Downward,-1,-1.06,35,50.0,Neutral,0.01,Low Risk,Mediate,51.5,15.1,D,Underweight,Conservative Allocation,-1.297947989,"WATCHLIST: Reference return 0.0%, Safety 51.5/100, Risk: Low Risk","Risk Reference Prices (Current: 167.87) | Lower Warning: 159.48, Lower Danger: 151.08, Upper Warning: 176.26, Upper Danger: 184.66",WATCHLIST,0.0102,-0.0353,-0.0288,-0.0439,-0.2449,0.012,0.0207,0.0191,-0.2789,0.484,0.516,-0.001,0.009,-0.0105,0.0102,-0.0131,0.001,21.0034,E,1,2.5615,12.6438,5.7981,0.8649,Defensive,Weak,Moderately Conservative,Watch / DCA Only,Core Allocation,Low Risk | Defensive | Weak,35.16,"Suitable as a relatively stable core risk asset, but current conditions require caution. Current weakness suggests observation or gradual accumulation only."
MLM,MATURE,603.29,Downward,-1,0.93,50,47.04,Neutral,-1.07,Low Risk,Mediate,62.5,38.2,C,Caution,Risk Mitigation,0.426109552,"WATCHLIST: Reference return -1.1%, Safety 62.5/100, Risk: Low Risk","Risk Reference Prices (Current: 603.29) | Lower Warning: 573.13, Lower Danger: 542.96, Upper Warning: 633.45, Upper Danger: 663.62",WATCHLIST,-0.0182,-0.0252,-0.0436,0.076,0.1187,0.0097,0.0138,0.0168,-0.2072,0.532,0.464,0.0006,0.0111,-0.0115,-0.0182,-0.0195,-0.0255,42.2681,D,2,15.0632,18.6259,8.579,0.9635,Defensive,Acceptable,Conservative,Defensive Hold,Core Allocation,Low Risk | Defensive | Acceptable,52.86,Suitable for lower-risk investors seeking relatively stable core exposure. Current conditions suggest a defensive stance rather than active accumulation.
MAS,MATURE,68.49,Downward,-1,3.48,75,48.54,Neutral,-1.48,Low Risk,Mediate,42.2,49.5,C+,Watchlist,Double Check,0.411100867,"WATCHLIST: Reference return -1.5%, Safety 42.2/100, Risk: Low Risk","Risk Reference Prices (Current: 68.49) | Lower Warning: 65.07, Lower Danger: 61.64, Upper Warning: 71.91, Upper Danger: 75.34",WATCHLIST,-0.0386,-0.0916,0.0552,0.164,0.1299,0.0197,0.0373,0.0292,-0.2438,0.46,0.532,0.0007,0.0172,-0.0135,-0.0386,-0.0767,-0.0464,47.9293,D,2,25.4897,14.2914,8.1482,1.2704,Caution,Strong,Moderately Conservative,Watch / DCA Only,Core Allocation,Low Risk | Caution | Strong,59.42,"Suitable as a relatively stable core risk asset, but current conditions require caution. Current weakness suggests observation or gradual accumulation only."
MA,MATURE,504.74,Downward,-1,0.36,50,52.09,Neutral,-1.26,Low Risk,Mediate,64.5,34.3,D,Underweight,Conservative Allocation,-0.536745798,"WATCHLIST: Reference return -1.3%, Safety 64.5/100, Risk: Low Risk","Risk Reference Prices (Current: 504.74) | Lower Warning: 479.5, Lower Danger: 454.27, Upper Warning: 529.98, Upper Danger: 555.21",WATCHLIST,0.0187,0.0047,-0.0164,0.0187,-0.0952,0.0245,0.0181,0.0161,-0.1892,0.52,0.48,-0.0003,0.0093,-0.0107,0.0187,0.0011,0.0036,35.3706,E,1,7.5373,20.4491,7.3842,0.8682,Defensive,Acceptable,Conservative,Defensive Hold,Core Allocation,Low Risk | Defensive | Acceptable,51.47,Suitable for lower-risk investors seeking relatively stable core exposure. Current conditions suggest a defensive stance rather than active accumulation.
MTCH,MATURE,38.17,Upward,1,1.61,85,58.9,Neutral,1.79,Low Risk,Mediate,56.5,53.4,C+,Watchlist,Double Check,0.82619846,"WATCHLIST: Reference return 1.8%, Safety 56.5/100, Risk: Low Risk","Risk Reference Prices (Current: 38.17) | Lower Warning: 36.26, Lower Danger: 34.35, Upper Warning: 40.08, Upper Danger: 41.99",WATCHLIST,-0.0129,0.0704,0.1364,0.2366,0.2896,0.0169,0.0167,0.0189,-0.2461,0.52,0.476,0.0012,0.0154,-0.0143,-0.0129,0.0386,0.02,68.5905,C,3,44.6877,14.9285,8.9743,1.0811,Defensive,Strong,Moderately Conservative,Selective Exposure,Core Allocation,Low Risk | Defensive | Strong,63.46,"Suitable as a relatively stable core risk asset, but current conditions require caution. Current setup allows selective exposure under controlled sizing."
MKC,MATURE,48.02,Downward,-1,-3.01,30,40.65,Neutral,-2.62,Low Risk,Mediate,44.9,3.0,D,Underweight,Conservative Allocation,-1.529929844,"WATCHLIST: Reference return -2.6%, Safety 44.9/100, Risk: Low Risk","Risk Reference Prices (Current: 48.02) | Lower Warning: 45.62, Lower Danger: 43.22, Upper Warning: 50.42, Upper Danger: 52.82",WATCHLIST,-0.0442,-0.0746,-0.1001,-0.0898,-0.3437,0.0191,0.0164,0.0233,-0.3638,0.48,0.52,-0.0015,0.0122,-0.0142,-0.0442,-0.0681,-0.0555,15.8849,E,1,0.612,9.6734,5.5995,0.8589,Caution,Fragile,Moderately Conservative,Avoid / Too Fragile,Core Allocation,Low Risk | Caution | Fragile,22.66,"Suitable as a relatively stable core risk asset, but current conditions require caution. Current profile appears too fragile for normal allocation."
MCD,MATURE,284.1,Downward,-1,-2.38,20,40.35,Neutral,-0.56,Low Risk,Safe,71.1,7.7,D,Underweight,Conservative Allocation,-0.678619226,"WATCHLIST: Reference return -0.6%, Safety 71.1/100, Risk: Low Risk","Risk Reference Prices (Current: 284.10) | Lower Warning: 269.9, Lower Danger: 255.69, Upper Warning: 298.31, Upper Danger: 312.51",WATCHLIST,-0.0089,-0.0609,-0.0631,-0.0801,-0.0793,0.0153,0.014,0.0115,-0.1624,0.488,0.512,-0.0003,0.0079,-0.0081,-0.0089,-0.051,-0.0323,31.8001,E,1,1.8925,23.1565,6.7512,0.9784,Defensive,Fragile,Conservative,Avoid / Too Fragile,Core Allocation,Low Risk | Defensive | Fragile,33.28,Suitable for lower-risk investors seeking relatively stable core exposure. Current profile appears too fragile for normal allocation.
MCK,MATURE,807.85,Downward,-1,-1.3,40,40.02,Neutral,-0.85,Low Risk,Safe,72.2,17.0,D,Underweight,Conservative Allocation,0.484140206,"WATCHLIST: Reference return -0.9%, Safety 72.2/100, Risk: Low Risk","Risk Reference Prices (Current: 807.85) | Lower Warning: 767.46, Lower Danger: 727.06, Upper Warning: 848.24, Upper Danger: 888.64",WATCHLIST,-0.0076,-0.0338,-0.0637,-0.088,0.1472,0.0076,0.0088,0.0104,-0.1887,0.544,0.456,0.0007,0.011,-0.0116,-0.0076,-0.0245,-0.009,38.6125,E,1,8.882,20.7249,9.0056,0.95,Defensive,Weak,Conservative,Watch / DCA Only,Core Allocation,Low Risk | Defensive | Weak,42.12,Suitable for lower-risk investors seeking relatively stable core exposure. Current weakness suggests observation or gradual accumulation only.
MDT,MATURE,78.3,Downward,-1,-1.38,40,40.45,Neutral,-1.66,Low Risk,Mediate,59.7,14.0,D,Underweight,Conservative Allocation,-0.268334727,"WATCHLIST: Reference return -1.7%, Safety 59.7/100, Risk: Low Risk","Risk Reference Prices (Current: 78.30) | Lower Warning: 74.38, Lower Danger: 70.47, Upper Warning: 82.22, Upper Danger: 86.13",WATCHLIST,-0.0212,-0.0655,-0.1114,-0.0838,-0.0319,0.016,0.0161,0.0142,-0.2452,0.496,0.504,-0.0001,0.0094,-0.0094,-0.0212,-0.0602,-0.033,24.7027,E,1,2.1848,15.2253,7.2926,1.0049,Defensive,Weak,Moderately Conservative,High Risk Tactical Only,Core Allocation,Low Risk | Defensive | Weak,36.69,"Suitable as a relatively stable core risk asset, but current conditions require caution. Current profile is only suitable for tactical, high-risk participation."
MRK,MATURE,113.11,Upward,1,-0.74,45,43.09,Neutral,-0.15,Low Risk,Mediate,69.5,22.3,D,Underweight,Conservative Allocation,1.243521747,"WATCHLIST: Reference return -0.1%, Safety 69.5/100, Risk: Low Risk","Risk Reference Prices (Current: 113.11) | Lower Warning: 107.45, Lower Danger: 101.8, Upper Warning: 118.77, Upper Danger: 124.42",WATCHLIST,0.0085,-0.0132,-0.0571,-0.0094,0.415,0.0178,0.0204,0.0172,-0.1137,0.524,0.476,0.0015,0.0139,-0.012,0.0085,0.0108,0.036,54.1235,D,2,18.0464,26.3046,9.7725,1.1533,Defensive,Weak,Conservative,Selective Exposure,Core Allocation,Low Risk | Defensive | Weak,45.22,Suitable for lower-risk investors seeking relatively stable core exposure. Current setup allows selective exposure under controlled sizing.
META,MATURE,610.41,Downward,-1,1.15,60,47.22,Neutral,-1.04,Low Risk,Caution,37.2,36.9,C,Caution,Risk Mitigation,0.126574305,"WATCHLIST: Reference return -1.0%, Safety 37.2/100, Risk: Low Risk","Risk Reference Prices (Current: 610.41) | Lower Warning: 579.89, Lower Danger: 549.37, Upper Warning: 640.93, Upper Danger: 671.45",WATCHLIST,0.0027,-0.0739,-0.0786,0.0282,0.0218,0.0349,0.027,0.0324,-0.333,0.504,0.496,0.0003,0.0152,-0.0148,0.0027,-0.0957,-0.0025,23.5199,E,1,6.3397,9.3442,7.836,1.0295,Caution,Acceptable,Moderately Conservative,Watch / DCA Only,Core Allocation,Low Risk | Caution | Acceptable,45.69,"Suitable as a relatively stable core risk asset, but current conditions require caution. Current weakness suggests observation or gradual accumulation only."
MET,MATURE,78.95,Downward,-1,3.4,75,52.26,Neutral,0.86,Low Risk,Mediate,68.3,56.6,B,Attention,Opportunity Confirmation,0.156102647,"WATCHLIST: Reference return 0.9%, Safety 68.3/100, Risk: Low Risk","Risk Reference Prices (Current: 78.95) | Lower Warning: 75.0, Lower Danger: 71.06, Upper Warning: 82.9, Upper Danger: 86.85",WATCHLIST,-0.016,0.038,0.0383,0.1515,0.0502,0.012,0.0116,0.0148,-0.1746,0.532,0.468,0.0003,0.0105,-0.0113,-0.016,0.0161,-0.0144,56.412,D,2,26.1556,21.9206,8.3357,0.9298,Defensive,Strong,Conservative,Defensive Hold,Core Allocation,Low Risk | Defensive | Strong,70.86,Suitable for lower-risk investors seeking relatively stable core exposure. Current conditions suggest a defensive stance rather than active accumulation.
MTD,MATURE,1260.54,Downward,-1,-0.91,45,49.2,Neutral,-0.66,Low Risk,Mediate,57.8,19.4,D,Underweight,Conservative Allocation,0.504836654,"WATCHLIST: Reference return -0.7%, Safety 57.8/100, Risk: Low Risk","Risk Reference Prices (Current: 1260.54) | Lower Warning: 1197.51, Lower Danger: 1134.49, Upper Warning: 1323.57, Upper Danger: 1386.59",WATCHLIST,-0.0052,-0.003,-0.0604,0.0465,0.1553,0.0163,0.0197,0.0186,-0.2244,0.496,0.504,0.0007,0.0149,-0.0132,-0.0052,-0.0171,-0.0126,40.2022,E,1,15.0173,16.8539,8.331,1.1305,Defensive,Weak,Moderately Conservative,Watch / DCA Only,Core Allocation,Low Risk | Defensive | Weak,40.44,"Suitable as a relatively stable core risk asset, but current conditions require caution. Current weakness suggests observation or gradual accumulation only."
MGM,MATURE,38.24,Upward,1,1.13,65,54.21,Neutral,0.82,Low Risk,Mediate,60.9,44.9,C,Caution,Risk Mitigation,0.555874977,"WATCHLIST: Reference return 0.8%, Safety 60.9/100, Risk: Low Risk","Risk Reference Prices (Current: 38.24) | Lower Warning: 36.33, Lower Danger: 34.42, Upper Warning: 40.15, Upper Danger: 42.06",WATCHLIST,-0.0068,-0.018,0.0411,0.0811,0.1924,0.0165,0.0178,0.0192,-0.2276,0.476,0.516,0.001,0.0188,-0.0155,-0.0068,-0.0329,-0.018,47.6647,D,2,22.8839,16.5296,8.2512,1.2153,Defensive,Strong,Conservative,Selective Exposure,Core Allocation,Low Risk | Defensive | Strong,57.78,Suitable for lower-risk investors seeking relatively stable core exposure. Current setup allows selective exposure under controlled sizing.
MCHP,MATURE,95.3,Upward,1,1.89,85,53.33,Neutral,1.01,Low Risk,Caution,35.5,48.5,C+,Watchlist,Double Check,1.735070907,"WATCHLIST: Reference return 1.0%, Safety 35.5/100, Risk: Low Risk","Risk Reference Prices (Current: 95.30) | Lower Warning: 90.54, Lower Danger: 85.77, Upper Warning: 100.06, Upper Danger: 104.83",WATCHLIST,0.0144,0.0514,0.2792,0.5134,1.0542,0.0357,0.0347,0.0307,-0.3441,0.512,0.484,0.0033,0.0228,-0.0173,0.0144,0.0655,0.0257,66.7258,C,3,46.7796,9.3055,10.6407,1.3159,Caution,Strong,Moderately Conservative,Selective Exposure,Core Allocation,Low Risk | Caution | Strong,54.78,"Suitable as a relatively stable core risk asset, but current conditions require caution. Current setup allows selective exposure under controlled sizing."
MU,MATURE,576.45,Upward,1,1.52,75,53.97,Neutral,4.52,Low Risk,Caution,32.1,49.6,C+,Watchlist,Double Check,3.578293001,"WATCHLIST: Reference return 4.5%, Safety 32.1/100, Risk: Low Risk","Risk Reference Prices (Current: 576.45) | Lower Warning: 547.63, Lower Danger: 518.81, Upper Warning: 605.27, Upper Danger: 634.1",WATCHLIST,0.0631,0.1966,0.2379,0.3637,6.1852,0.0361,0.0363,0.0463,-0.3028,0.584,0.416,0.0086,0.0326,-0.0251,0.0631,0.1605,0.1146,71.3864,C,3,49.9228,7.9978,13.4658,1.3001,Caution,Strong,Moderately Conservative,Selective Exposure,Core Allocation,Low Risk | Caution | Strong,51.56,"Suitable as a relatively stable core risk asset, but current conditions require caution. Current setup allows selective exposure under controlled sizing."
MSFT,MATURE,413.62,Downward,-1,0.57,60,58.17,Neutral,-0.57,Low Risk,Mediate,44.6,35.2,C,Caution,Risk Mitigation,-0.244323098,"WATCHLIST: Reference return -0.6%, Safety 44.6/100, Risk: Low Risk","Risk Reference Prices (Current: 413.62) | Lower Warning: 392.94, Lower Danger: 372.26, Upper Warning: 434.3, Upper Danger: 454.98",WATCHLIST,-0.002,-0.0051,0.0522,0.0831,-0.0444,0.0204,0.0236,0.0202,-0.3391,0.524,0.476,-0.0001,0.0097,-0.0108,-0.002,-0.0259,0.0143,34.6123,E,1,16.5466,10.3204,7.7453,0.896,Caution,Acceptable,Moderately Conservative,Watch / DCA Only,Core Allocation,Low Risk | Caution | Acceptable,47.41,"Suitable as a relatively stable core risk asset, but current conditions require caution. Current weakness suggests observation or gradual accumulation only."
MAA,MATURE,129.06,Downward,-1,1.17,65,49.56,Neutral,-0.09,Low Risk,Mediate,59.6,42.9,C,Caution,Risk Mitigation,-1.21262655,"WATCHLIST: Reference return -0.1%, Safety 59.6/100, Risk: Low Risk","Risk Reference Prices (Current: 129.06) | Lower Warning: 122.61, Lower Danger: 116.15, Upper Warning: 135.51, Upper Danger: 141.97",WATCHLIST,0.0039,0.0243,0.0341,0.0727,-0.1836,0.0163,0.0184,0.0136,-0.2441,0.464,0.536,-0.0007,0.0089,-0.009,0.0039,0.0271,-0.0009,36.5787,E,1,15.4129,15.3387,5.8271,0.9785,Defensive,Strong,Moderately Conservative,Watch / DCA Only,Core Allocation,Low Risk | Defensive | Strong,56.36,"Suitable as a relatively stable core risk asset, but current conditions require caution. Current weakness suggests observation or gradual accumulation only."
MRNA,MATURE,47.3,Upward,1,-0.74,45,51.4,Neutral,-0.2,Low Risk,Caution,35.4,16.7,D,Underweight,Conservative Allocation,1.079069203,"WATCHLIST: Reference return -0.2%, Safety 35.4/100, Risk: Low Risk","Risk Reference Prices (Current: 47.30) | Lower Warning: 44.93, Lower Danger: 42.57, Upper Warning: 49.66, Upper Danger: 52.03",WATCHLIST,0.0425,-0.105,-0.1048,-0.0794,0.699,0.0302,0.0289,0.0308,-0.3551,0.5,0.5,0.0029,0.0332,-0.0273,0.0425,-0.0676,0.0296,33.7734,E,1,15.4361,9.0903,9.2469,1.2157,Caution,Weak,Moderately Conservative,Watch / DCA Only,Core Allocation,Low Risk | Caution | Weak,32.44,"Suitable as a relatively stable core risk asset, but current conditions require caution. Current weakness suggests observation or gradual accumulation only."
MOH,MATURE,195.53,Downward,-1,0.7,70,63.78,Bullish,1.94,High Risk,Caution,1.7,33.8,D,Underweight,Conservative Allocation,-0.581393121,"WATCHLIST: Reference return 1.9%, Safety 1.7/100, Risk: High Risk","Risk Reference Prices (Current: 195.53) | Lower Warning: 185.75, Lower Danger: 175.98, Upper Warning: 205.31, Upper Danger: 215.08",WATCHLIST,0.0147,0.1192,0.3255,0.4026,-0.3883,0.0247,0.0392,0.0334,-0.6257,0.532,0.468,-0.0012,0.0204,-0.0257,0.0147,0.1113,0.0047,49.9724,D,2,34.5945,7.9101,7.4678,0.7912,Speculative,Acceptable,Balanced Aggressive,Watch / DCA Only,Growth Allocation,High Risk | Speculative | Acceptable,34.36,Suitable for investors willing to accept higher volatility in exchange for stronger growth potential. Current weakness suggests observation or gradual accumulation only.
TAP,MATURE,40.73,Downward,-1,-2.54,20,42.24,Neutral,-1.32,Low Risk,Mediate,59.3,5.1,D,Underweight,Conservative Allocation,-1.219501595,"WATCHLIST: Reference return -1.3%, Safety 59.3/100, Risk: Low Risk","Risk Reference Prices (Current: 40.73) | Lower Warning: 38.69, Lower Danger: 36.66, Upper Warning: 42.77, Upper Danger: 44.8",WATCHLIST,-0.0335,-0.0499,-0.0671,-0.0162,-0.2626,0.0138,0.0131,0.0159,-0.2562,0.488,0.5,-0.0011,0.0119,-0.0138,-0.0335,-0.0403,-0.047,22.4526,E,1,2.2119,14.2908,5.9499,0.863,Defensive,Fragile,Moderately Conservative,Avoid / Too Fragile,Core Allocation,Low Risk | Defensive | Fragile,28.16,"Suitable as a relatively stable core risk asset, but current conditions require caution. Current profile appears too fragile for normal allocation."
MDLZ,MATURE,61.38,Upward,1,0.85,55,47.87,Neutral,0.6,Low Risk,Mediate,57.4,38.7,C,Caution,Risk Mitigation,-0.372139427,"WATCHLIST: Reference return 0.6%, Safety 57.4/100, Risk: Low Risk","Risk Reference Prices (Current: 61.38) | Lower Warning: 58.31, Lower Danger: 55.24, Upper Warning: 64.45, Upper Danger: 67.52",WATCHLIST,0.0002,0.0636,0.0612,0.1014,-0.0645,0.0168,0.0172,0.0141,-0.2593,0.496,0.5,-0.0002,0.0102,-0.0104,0.0002,0.0654,-0.001,45.206,D,2,23.9987,14.1412,7.066,0.9753,Defensive,Acceptable,Moderately Conservative,Selective Exposure,Core Allocation,Low Risk | Defensive | Acceptable,51.86,"Suitable as a relatively stable core risk asset, but current conditions require caution. Current setup allows selective exposure under controlled sizing."
MPWR,MATURE,1573.3,Upward,1,3.05,75,57.65,Neutral,1.5,Low Risk,Mediate,44.0,53.1,C+,Watchlist,Double Check,2.170574117,"ATTENTION: Reference return 1.5%, Safety 44.0/100, Risk: Low Risk","Risk Reference Prices (Current: 1573.30) | Lower Warning: 1494.64, Lower Danger: 1415.97, Upper Warning: 1651.96, Upper Danger: 1730.63",ATTENTION,-0.0064,-0.0119,0.1539,0.4749,1.5267,0.0366,0.0317,0.0365,-0.2245,0.532,0.468,0.0041,0.0242,-0.0187,-0.0064,-0.036,-0.0255,67.8778,C,3,41.4529,15.0633,11.3616,1.295,Caution,Strong,Moderately Conservative,Selective Exposure,Core Allocation,Low Risk | Caution | Strong,60.97,"Suitable as a relatively stable core risk asset, but current conditions require caution. Current setup allows selective exposure under controlled sizing."
MNST,MATURE,75.2,Downward,-1,2.66,65,47.25,Neutral,0.01,Low Risk,Mediate,66.4,50.8,C+,Watchlist,Double Check,0.878687579,"WATCHLIST: Reference return 0.0%, Safety 66.4/100, Risk: Low Risk","Risk Reference Prices (Current: 75.20) | Lower Warning: 71.44, Lower Danger: 67.68, Upper Warning: 78.96, Upper Danger: 82.72",WATCHLIST,-0.0249,-0.0304,0.0017,0.0205,0.2346,0.0123,0.0142,0.0147,-0.177,0.56,0.44,0.0009,0.0101,-0.0107,-0.0249,-0.0387,-0.0243,48.0738,D,2,16.7543,21.6988,9.6206,0.9434,Defensive,Strong,Conservative,Defensive Hold,Core Allocation,Low Risk | Defensive | Strong,64.6,Suitable for lower-risk investors seeking relatively stable core exposure. Current conditions suggest a defensive stance rather than active accumulation.
MCO,MATURE,449.56,Downward,-1,2.45,65,57.85,Neutral,-0.02,Low Risk,Mediate,60.0,50.5,C+,Watchlist,Double Check,-0.121073531,"WATCHLIST: Reference return -0.0%, Safety 60.0/100, Risk: Low Risk","Risk Reference Prices (Current: 449.56) | Lower Warning: 427.08, Lower Danger: 404.6, Upper Warning: 472.04, Upper Danger: 494.52",WATCHLIST,-0.0136,-0.0062,0.0263,0.0332,-0.0249,0.01,0.0138,0.0155,-0.2361,0.512,0.488,0.0,0.0111,-0.0116,-0.0136,-0.0142,-0.0266,34.2767,E,1,10.6806,15.9487,7.6474,0.9588,Defensive,Strong,Conservative,Defensive Hold,Core Allocation,Low Risk | Defensive | Strong,62.81,Suitable for lower-risk investors seeking relatively stable core exposure. Current conditions suggest a defensive stance rather than active accumulation.
MS,MATURE,188.01,Upward,1,1.73,85,54.77,Neutral,-0.5,Low Risk,Mediate,63.2,51.8,C+,Watchlist,Double Check,1.86570442,"WATCHLIST: Reference return -0.5%, Safety 63.2/100, Risk: Low Risk","Risk Reference Prices (Current: 188.01) | Lower Warning: 178.61, Lower Danger: 169.21, Upper Warning: 197.41, Upper Danger: 206.81",WATCHLIST,-0.0114,0.002,0.031,0.1706,0.6099,0.0139,0.0177,0.0179,-0.1883,0.584,0.416,0.002,0.0119,-0.0118,-0.0114,0.0051,-0.0135,66.2942,C,3,34.8674,20.4532,10.9736,1.0073,Defensive,Strong,Conservative,Selective Exposure,Core Allocation,Low Risk | Defensive | Strong,65.21,Suitable for lower-risk investors seeking relatively stable core exposure. Current setup allows selective exposure under controlled sizing.
MOS,MATURE,22.97,Downward,-1,-1.75,10,40.23,Neutral,-2.08,Low Risk,Mediate,43.4,2.6,D,Underweight,Conservative Allocation,-0.494735414,"WATCHLIST: Reference return -2.1%, Safety 43.4/100, Risk: Low Risk","Risk Reference Prices (Current: 22.97) | Lower Warning: 21.82, Lower Danger: 20.67, Upper Warning: 24.12, Upper Danger: 25.27",WATCHLIST,-0.0078,-0.054,-0.0405,-0.0263,-0.2262,0.0129,0.0172,0.0237,-0.3775,0.472,0.516,-0.0007,0.0192,-0.0189,-0.0078,-0.0429,-0.0129,18.1617,E,1,2.2692,9.4673,6.4252,1.0181,Caution,Fragile,Moderately Conservative,Avoid / Too Fragile,Core Allocation,Low Risk | Caution | Fragile,22.12,"Suitable as a relatively stable core risk asset, but current conditions require caution. Current profile appears too fragile for normal allocation."
MSI,MATURE,437.59,Upward,1,-1.0,45,44.3,Neutral,0.57,Low Risk,Mediate,63.3,20.0,D,Underweight,Conservative Allocation,0.339635243,"WATCHLIST: Reference return 0.6%, Safety 63.3/100, Risk: Low Risk","Risk Reference Prices (Current: 437.59) | Lower Warning: 415.71, Lower Danger: 393.83, Upper Warning: 459.47, Upper Danger: 481.35",WATCHLIST,0.0039,-0.0126,-0.0057,-0.0326,0.0913,0.0137,0.0107,0.0122,-0.2545,0.524,0.476,0.0004,0.0089,-0.0089,0.0039,-0.0015,-0.0033,32.2982,E,1,9.2317,14.5689,8.4976,0.9999,Defensive,Weak,Conservative,Selective Exposure,Core Allocation,Low Risk | Defensive | Weak,41.84,Suitable for lower-risk investors seeking relatively stable core exposure. Current setup allows selective exposure under controlled sizing.
MSCI,MATURE,582.27,Upward,1,2.8,80,58.48,Neutral,0.71,Low Risk,Mediate,63.3,56.3,B,Attention,Opportunity Confirmation,0.248116333,"ATTENTION: Reference return 0.7%, Safety 63.3/100, Risk: Low Risk","Risk Reference Prices (Current: 582.27) | Lower Warning: 553.16, Lower Danger: 524.04, Upper Warning: 611.38, Upper Danger: 640.5",ATTENTION,-0.0112,-0.0263,0.067,0.0536,0.0722,0.0074,0.0184,0.0173,-0.1807,0.528,0.472,0.0004,0.0116,-0.0121,-0.0112,-0.0176,-0.0155,46.4296,D,2,16.8183,21.2228,8.3885,0.9619,Defensive,Strong,Conservative,Selective Exposure,Core Allocation,Low Risk | Defensive | Strong,68.89,Suitable for lower-risk investors seeking relatively stable core exposure. Current setup allows selective exposure under controlled sizing.
NDAQ,MATURE,91.3,Downward,-1,2.9,65,59.04,Neutral,0.6,Low Risk,Mediate,60.3,52.8,C+,Watchlist,Double Check,0.660823281,"WATCHLIST: Reference return 0.6%, Safety 60.3/100, Risk: Low Risk","Risk Reference Prices (Current: 91.30) | Lower Warning: 86.74, Lower Danger: 82.17, Upper Warning: 95.86, Upper Danger: 100.43",WATCHLIST,-0.0002,0.0489,0.0529,0.0574,0.1819,0.0127,0.0122,0.0175,-0.2176,0.568,0.424,0.0008,0.0099,-0.0114,-0.0002,0.0156,-0.0066,53.1585,D,2,26.1762,17.5675,9.4149,0.8675,Defensive,Strong,Conservative,Defensive Hold,Core Allocation,Low Risk | Defensive | Strong,64.85,Suitable for lower-risk investors seeking relatively stable core exposure. Current conditions suggest a defensive stance rather than active accumulation.
NTAP,MATURE,110.94,Upward,1,3.55,90,57.08,Neutral,0.51,Low Risk,Mediate,54.1,57.1,B,Attention,Opportunity Confirmation,0.666504726,"ATTENTION: Reference return 0.5%, Safety 54.1/100, Risk: Low Risk","Risk Reference Prices (Current: 110.94) | Lower Warning: 105.39, Lower Danger: 99.85, Upper Warning: 116.49, Upper Danger: 122.03",ATTENTION,-0.0102,0.0234,0.1219,0.1028,0.2148,0.0098,0.0183,0.0197,-0.2483,0.512,0.488,0.001,0.0148,-0.0136,-0.0102,0.0205,0.0015,56.6507,D,2,33.2523,14.6982,8.7002,1.0912,Defensive,Strong,Moderately Conservative,Selective Exposure,Core Allocation,Low Risk | Defensive | Strong,69.15,"Suitable as a relatively stable core risk asset, but current conditions require caution. Current setup allows selective exposure under controlled sizing."
NFLX,MATURE,91.02,Upward,1,-2.28,20,56.61,Neutral,-0.4,Low Risk,Caution,30.2,2.2,D,Underweight,Conservative Allocation,-0.625896051,"WATCHLIST: Reference return -0.4%, Safety 30.2/100, Risk: Low Risk","Risk Reference Prices (Current: 91.02) | Lower Warning: 86.47, Lower Danger: 81.92, Upper Warning: 95.57, Upper Danger: 100.12",WATCHLIST,-0.0113,-0.0194,-0.1436,-0.0087,-0.1974,0.012,0.0281,0.0244,-0.4335,0.488,0.512,-0.0007,0.0136,-0.0143,-0.0113,-0.0154,-0.0277,18.8538,E,1,3.2384,9.0455,6.5698,0.954,Caution,Fragile,Moderately Conservative,Avoid / Too Fragile,Core Allocation,Low Risk | Caution | Fragile,19.19,"Suitable as a relatively stable core risk asset, but current conditions require caution. Current profile appears too fragile for normal allocation."
NEM,MATURE,108.33,Upward,1,-0.43,35,44.94,Neutral,0.24,Low Risk,Caution,37.4,17.4,D,Underweight,Conservative Allocation,1.742446782,"WATCHLIST: Reference return 0.2%, Safety 37.4/100, Risk: Low Risk","Risk Reference Prices (Current: 108.33) | Lower Warning: 102.91, Lower Danger: 97.5, Upper Warning: 113.75, Upper Danger: 119.16",WATCHLIST,-0.0027,-0.0246,-0.092,0.1308,1.069,0.0479,0.0391,0.0327,-0.2725,0.596,0.404,0.0033,0.0209,-0.0225,-0.0027,-0.1025,-0.0248,50.675,D,2,28.1393,11.794,10.7416,0.926,Caution,Weak,Moderately Conservative,Watch / DCA Only,Core Allocation,Low Risk | Caution | Weak,31.98,"Suitable as a relatively stable core risk asset, but current conditions require caution. Current weakness suggests observation or gradual accumulation only."
NWSA,MATURE,25.8,Upward,1,0.65,85,55.71,Neutral,0.96,Low Risk,Mediate,61.2,45.5,C+,Watchlist,Double Check,-0.333669396,"WATCHLIST: Reference return 1.0%, Safety 61.2/100, Risk: Low Risk","Risk Reference Prices (Current: 25.80) | Lower Warning: 24.51, Lower Danger: 23.22, Upper Warning: 27.09, Upper Danger: 28.38",WATCHLIST,-0.0168,-0.0194,0.0308,0.0728,-0.0622,0.0084,0.0107,0.0109,-0.2781,0.512,0.48,-0.0001,0.0101,-0.0111,-0.0168,-0.0153,-0.0198,33.3734,E,1,13.0176,13.047,7.3089,0.9112,Defensive,Strong,Conservative,Selective Exposure,Core Allocation,Low Risk | Defensive | Strong,60.02,Suitable for lower-risk investors seeking relatively stable core exposure. Current setup allows selective exposure under controlled sizing.
NWS,MATURE,29.82,Upward,1,0.65,85,56.82,Neutral,0.93,Low Risk,Mediate,61.5,45.7,C+,Watchlist,Double Check,-0.330947618,"WATCHLIST: Reference return 0.9%, Safety 61.5/100, Risk: Low Risk","Risk Reference Prices (Current: 29.82) | Lower Warning: 28.33, Lower Danger: 26.84, Upper Warning: 31.31, Upper Danger: 32.8",WATCHLIST,-0.0194,-0.0191,0.0343,0.0887,-0.0641,0.0109,0.0113,0.011,-0.2684,0.528,0.456,-0.0002,0.0098,-0.0116,-0.0194,-0.0139,-0.0217,35.9454,E,1,14.7491,13.6347,7.5616,0.8387,Defensive,Strong,Conservative,Selective Exposure,Core Allocation,Low Risk | Defensive | Strong,60.29,Suitable for lower-risk investors seeking relatively stable core exposure. Current setup allows selective exposure under controlled sizing.
NEE,MATURE,95.51,Upward,1,2.79,80,48.57,Neutral,0.81,Low Risk,Mediate,68.0,55.9,B,Attention,Opportunity Confirmation,1.587448698,"ATTENTION: Reference return 0.8%, Safety 68.0/100, Risk: Low Risk","Risk Reference Prices (Current: 95.51) | Lower Warning: 90.73, Lower Danger: 85.96, Upper Warning: 100.29, Upper Danger: 105.06",ATTENTION,-0.0149,-0.0077,0.046,0.0672,0.4879,0.0219,0.0246,0.0176,-0.1075,0.56,0.432,0.0017,0.0115,-0.0109,-0.0149,0.0024,-0.0242,64.905,C,3,27.8599,26.5864,10.4587,1.0519,Defensive,Strong,Conservative,Selective Exposure,Core Allocation,Low Risk | Defensive | Strong,69.4,Suitable for lower-risk investors seeking relatively stable core exposure. Current setup allows selective exposure under controlled sizing.
NKE,MATURE,43.09,Downward,-1,-0.21,45,36.05,Bearish,-2.61,Low Risk,Caution,36.8,19.7,D,Underweight,Conservative Allocation,-0.585013232,"WATCHLIST: Reference return -2.6%, Safety 36.8/100, Risk: Low Risk","Risk Reference Prices (Current: 43.09) | Lower Warning: 40.94, Lower Danger: 38.78, Upper Warning: 45.24, Upper Danger: 47.4",WATCHLIST,-0.0295,-0.0377,-0.0251,-0.1772,-0.2298,0.0128,0.0145,0.0327,-0.4523,0.456,0.54,-0.0007,0.017,-0.0157,-0.0295,-0.0358,-0.0286,16.4775,E,1,1.9846,8.1223,6.3706,1.0805,Caution,Weak,Moderately Conservative,Watch / DCA Only,Core Allocation,Low Risk | Caution | Weak,33.62,"Suitable as a relatively stable core risk asset, but current conditions require caution. Current weakness suggests observation or gradual accumulation only."
NI,MATURE,48.08,Upward,1,2.76,80,51.57,Neutral,1.06,Low Risk,Safe,79.5,59.0,B,Attention,Opportunity Confirmation,1.131051894,"ATTENTION: Reference return 1.1%, Safety 79.5/100, Risk: Low Risk","Risk Reference Prices (Current: 48.08) | Lower Warning: 45.68, Lower Danger: 43.27, Upper Warning: 50.48, Upper Danger: 52.89",ATTENTION,0.0,0.0019,0.0246,0.0747,0.2558,0.0061,0.0117,0.0101,-0.0914,0.564,0.42,0.001,0.0089,-0.0096,0.0,0.0082,-0.0041,61.8164,C,3,24.6125,27.5588,9.6451,0.9248,Defensive,Strong,Conservative,Selective Exposure,Core Allocation,Low Risk | Defensive | Strong,74.58,Suitable for lower-risk investors seeking relatively stable core exposure. Current setup allows selective exposure under controlled sizing.
NDSN,MATURE,280.42,Upward,1,2.78,80,46.4,Neutral,0.14,Low Risk,Safe,72.2,55.3,B,Attention,Opportunity Confirmation,1.731785493,"ATTENTION: Reference return 0.1%, Safety 72.2/100, Risk: Low Risk","Risk Reference Prices (Current: 280.42) | Lower Warning: 266.4, Lower Danger: 252.38, Upper Warning: 294.44, Upper Danger: 308.46",ATTENTION,-0.0098,-0.012,0.0051,0.0673,0.4894,0.015,0.0135,0.0155,-0.1415,0.556,0.444,0.0017,0.0112,-0.0102,-0.0098,-0.0069,-0.0278,60.3554,C,3,25.0011,24.6712,10.6831,1.0981,Defensive,Strong,Conservative,Selective Exposure,Core Allocation,Low Risk | Defensive | Strong,70.45,Suitable for lower-risk investors seeking relatively stable core exposure. Current setup allows selective exposure under controlled sizing.
NSC,MATURE,311.66,Upward,1,3.7,90,50.7,Neutral,0.77,Low Risk,Mediate,67.9,59.5,B,Attention,Opportunity Confirmation,1.668155434,"ATTENTION: Reference return 0.8%, Safety 67.9/100, Risk: Low Risk","Risk Reference Prices (Current: 311.66) | Lower Warning: 296.08, Lower Danger: 280.49, Upper Warning: 327.24, Upper Danger: 342.83",ATTENTION,-0.0134,-0.0304,0.0399,0.1088,0.422,0.0089,0.0233,0.0164,-0.1247,0.552,0.444,0.0015,0.0091,-0.008,-0.0134,-0.0252,-0.0132,66.4734,C,3,29.8582,25.7318,10.8835,1.1406,Defensive,Strong,Conservative,Selective Exposure,Core Allocation,Low Risk | Defensive | Strong,74.44,Suitable for lower-risk investors seeking relatively stable core exposure. Current setup allows selective exposure under controlled sizing.
NTRS,MATURE,161.24,Upward,1,1.73,85,54.42,Neutral,-0.09,Low Risk,Mediate,64.2,52.0,C+,Watchlist,Double Check,1.977001297,"WATCHLIST: Reference return -0.1%, Safety 64.2/100, Risk: Low Risk","Risk Reference Prices (Current: 161.24) | Lower Warning: 153.18, Lower Danger: 145.12, Upper Warning: 169.3, Upper Danger: 177.36",WATCHLIST,-0.0197,-0.0251,0.0348,0.1879,0.7012,0.0147,0.0259,0.0206,-0.1239,0.552,0.448,0.0023,0.0133,-0.0113,-0.0197,-0.0169,-0.0307,70.9244,C,3,34.1798,25.5483,11.1963,1.1765,Defensive,Strong,Conservative,Selective Exposure,Core Allocation,Low Risk | Defensive | Strong,65.59,Suitable for lower-risk investors seeking relatively stable core exposure. Current setup allows selective exposure under controlled sizing.
NOC,MATURE,567.0,Downward,-1,-1.2,40,34.2,Bearish,-1.42,Low Risk,Mediate,55.5,13.5,D,Underweight,Conservative Allocation,0.575741649,"WATCHLIST: Reference return -1.4%, Safety 55.5/100, Risk: Low Risk","Risk Reference Prices (Current: 567.00) | Lower Warning: 538.65, Lower Danger: 510.3, Upper Warning: 595.35, Upper Danger: 623.7",WATCHLIST,-0.002,-0.0352,-0.1663,-0.198,0.1678,0.0124,0.0202,0.0184,-0.2617,0.508,0.488,0.0008,0.0118,-0.0108,-0.002,-0.0141,-0.0215,31.6024,E,1,9.2551,13.7661,8.5812,1.0983,Defensive,Weak,Moderately Conservative,High Risk Tactical Only,Core Allocation,Low Risk | Defensive | Weak,34.89,"Suitable as a relatively stable core risk asset, but current conditions require caution. Current profile is only suitable for tactical, high-risk participation."
NCLH,MATURE,17.2,Downward,-1,-1.58,10,42.74,Neutral,-0.94,Low Risk,Caution,25.6,0.4,D,Underweight,Conservative Allocation,0.167149783,"WATCHLIST: Reference return -0.9%, Safety 25.6/100, Risk: Low Risk","Risk Reference Prices (Current: 17.20) | Lower Warning: 16.34, Lower Danger: 15.48, Upper Warning: 18.06, Upper Danger: 18.92",WATCHLIST,-0.0856,-0.0662,-0.1844,-0.0923,-0.0098,0.0394,0.0359,0.04,-0.3615,0.468,0.52,0.0005,0.0262,-0.0226,-0.0856,-0.0708,-0.0539,17.5877,E,1,2.4632,7.6647,7.4598,1.1591,Caution,Fragile,Moderately Conservative,Avoid / Too Fragile,Core Allocation,Low Risk | Caution | Fragile,15.9,"Suitable as a relatively stable core risk asset, but current conditions require caution. Current profile appears too fragile for normal allocation."
NRG,MATURE,154.82,Downward,-1,-0.6,35,45.49,Neutral,0.72,Low Risk,Mediate,46.3,18.5,D,Underweight,Conservative Allocation,0.76377028,"WATCHLIST: Reference return 0.7%, Safety 46.3/100, Risk: Low Risk","Risk Reference Prices (Current: 154.82) | Lower Warning: 147.08, Lower Danger: 139.34, Upper Warning: 162.56, Upper Danger: 170.3",WATCHLIST,0.0095,0.0049,-0.0916,0.0651,0.3472,0.0312,0.0313,0.0293,-0.2326,0.52,0.48,0.0017,0.0213,-0.0196,0.0095,-0.0283,-0.0018,47.1841,D,2,22.9137,15.249,9.0214,1.0867,Caution,Weak,Moderately Conservative,Watch / DCA Only,Core Allocation,Low Risk | Caution | Weak,35.05,"Suitable as a relatively stable core risk asset, but current conditions require caution. Current weakness suggests observation or gradual accumulation only."
NUE,MATURE,225.81,Upward,1,1.9,85,54.3,Neutral,2.5,Low Risk,Mediate,64.6,57.0,B,Attention,Opportunity Confirmation,2.113178005,"WATCHLIST: Reference return 2.5%, Safety 64.6/100, Risk: Low Risk","Risk Reference Prices (Current: 225.81) | Lower Warning: 214.52, Lower Danger: 203.23, Upper Warning: 237.1, Upper Danger: 248.39",WATCHLIST,-0.001,0.0604,0.1882,0.4288,0.9025,0.0186,0.0171,0.0168,-0.1843,0.54,0.46,0.0028,0.0164,-0.0132,-0.001,0.0538,0.0023,79.4021,B,4,47.2739,20.8967,11.2315,1.239,Defensive,Strong,Conservative,Selective Exposure,Core Allocation,Low Risk | Defensive | Strong,67.64,Suitable for lower-risk investors seeking relatively stable core exposure. Current setup allows selective exposure under controlled sizing.
NVDA,MATURE,198.48,Upward,1,1.52,75,53.17,Neutral,0.5,Low Risk,Mediate,57.8,48.2,C+,Watchlist,Double Check,1.707698307,"WATCHLIST: Reference return 0.5%, Safety 57.8/100, Risk: Low Risk","Risk Reference Prices (Current: 198.48) | Lower Warning: 188.56, Lower Danger: 178.63, Upper Warning: 208.4, Upper Danger: 218.33",WATCHLIST,0.0002,-0.0058,0.01,0.1493,0.7442,0.0322,0.0234,0.0231,-0.2021,0.548,0.452,0.0025,0.0173,-0.0156,0.0002,-0.047,-0.0055,61.4843,C,3,32.2701,18.7413,10.4729,1.1123,Defensive,Strong,Moderately Conservative,Selective Exposure,Core Allocation,Low Risk | Defensive | Strong,60.06,"Suitable as a relatively stable core risk asset, but current conditions require caution. Current setup allows selective exposure under controlled sizing."
NVR,MATURE,5932.12,Downward,-1,-1.79,10,41.99,Neutral,-0.75,Low Risk,Mediate,44.7,3.0,D,Underweight,Conservative Allocation,-0.653360658,"WATCHLIST: Reference return -0.8%, Safety 44.7/100, Risk: Low Risk","Risk Reference Prices (Current: 5932.12) | Lower Warning: 5635.51, Lower Danger: 5338.91, Upper Warning: 6228.73, Upper Danger: 6525.33",WATCHLIST,-0.0361,-0.1105,-0.1332,-0.0687,-0.1617,0.0199,0.0249,0.0216,-0.3056,0.476,0.524,-0.0006,0.0132,-0.0131,-0.0361,-0.0879,-0.0608,18.5669,E,1,0.8176,11.2233,6.5261,1.0116,Caution,Fragile,Moderately Conservative,Avoid / Too Fragile,Core Allocation,Low Risk | Caution | Fragile,22.77,"Suitable as a relatively stable core risk asset, but current conditions require caution. Current profile appears too fragile for normal allocation."
NXPI,MATURE,290.76,Upward,1,1.88,85,52.22,Neutral,0.77,Mediate Risk,Caution,15.8,44.0,C,Caution,Risk Mitigation,1.181792148,"WATCHLIST: Reference return 0.8%, Safety 15.8/100, Risk: Mediate Risk","Risk Reference Prices (Current: 290.76) | Lower Warning: 276.22, Lower Danger: 261.68, Upper Warning: 305.3, Upper Danger: 319.84",WATCHLIST,-0.0152,0.2057,0.3853,0.5272,0.6021,0.1007,0.0704,0.0505,-0.2458,0.488,0.512,0.0023,0.0209,-0.0155,-0.0152,0.1914,-0.0096,70.4099,C,3,49.9122,10.6253,9.8723,1.3489,Risky,Strong,Balanced Growth,Selective Exposure,Growth Allocation,Mediate Risk | Risky | Strong,46.4,Suitable for investors seeking a balance between upside potential and manageable volatility. Current setup allows selective exposure under controlled sizing.
ORLY,MATURE,93.98,Downward,-1,1.72,65,51.11,Neutral,-0.03,Low Risk,Mediate,57.8,46.2,C+,Watchlist,Double Check,0.006183165,"WATCHLIST: Reference return -0.0%, Safety 57.8/100, Risk: Low Risk","Risk Reference Prices (Current: 93.98) | Lower Warning: 89.28, Lower Danger: 84.58, Upper Warning: 98.68, Upper Danger: 103.38",WATCHLIST,-0.0278,0.0079,0.0049,0.0765,0.0163,0.0382,0.0266,0.0211,-0.1903,0.516,0.484,0.0002,0.0104,-0.0108,-0.0278,0.0091,-0.0545,42.852,D,2,14.8981,20.0624,7.8915,0.9676,Defensive,Strong,Moderately Conservative,Watch / DCA Only,Core Allocation,Low Risk | Defensive | Strong,58.25,"Suitable as a relatively stable core risk asset, but current conditions require caution. Current weakness suggests observation or gradual accumulation only."
OXY,MATURE,60.27,Upward,1,1.25,50,58.3,Neutral,3.06,Low Risk,Mediate,54.2,45.7,C+,Watchlist,Double Check,1.42945799,"WATCHLIST: Reference return 3.1%, Safety 54.2/100, Risk: Low Risk","Risk Reference Prices (Current: 60.27) | Lower Warning: 57.26, Lower Danger: 54.24, Upper Warning: 63.28, Upper Danger: 66.3",WATCHLIST,0.0266,0.0422,0.0883,-0.0072,0.5866,0.024,0.0251,0.0254,-0.188,0.52,0.48,0.0021,0.0175,-0.0146,0.0266,0.0551,-0.0051,60.02,C,3,30.0868,19.9745,9.9587,1.1953,Defensive,Strong,Moderately Conservative,Selective Exposure,Core Allocation,Low Risk | Defensive | Strong,54.14,"Suitable as a relatively stable core risk asset, but current conditions require caution. Current setup allows selective exposure under controlled sizing."
ODFL,MATURE,192.18,Upward,1,0.22,50,53.53,Neutral,1.75,Low Risk,Mediate,43.7,31.9,D,Underweight,Conservative Allocation,0.639821575,"WATCHLIST: Reference return 1.8%, Safety 43.7/100, Risk: Low Risk","Risk Reference Prices (Current: 192.18) | Lower Warning: 182.57, Lower Danger: 172.96, Upper Warning: 201.79, Upper Danger: 211.4",WATCHLIST,-0.0662,-0.1374,-0.0866,0.0449,0.2387,0.0316,0.0308,0.0251,-0.2801,0.52,0.48,0.0012,0.0183,-0.0174,-0.0662,-0.1264,-0.0953,36.6361,E,1,15.7512,12.1537,8.7312,1.0518,Caution,Acceptable,Moderately Conservative,Selective Exposure,Core Allocation,Low Risk | Caution | Acceptable,43.27,"Suitable as a relatively stable core risk asset, but current conditions require caution. Current setup allows selective exposure under controlled sizing."
OMC,MATURE,76.27,Downward,-1,-0.72,35,52.51,Neutral,-0.42,Low Risk,Safe,70.5,22.1,D,Underweight,Conservative Allocation,0.134932132,"WATCHLIST: Reference return -0.4%, Safety 70.5/100, Risk: Low Risk","Risk Reference Prices (Current: 76.27) | Lower Warning: 72.46, Lower Danger: 68.64, Upper Warning: 80.08, Upper Danger: 83.9",WATCHLIST,-0.0085,-0.0072,-0.0027,0.0161,0.0287,0.0095,0.01,0.0114,-0.1785,0.496,0.496,0.0003,0.015,-0.0143,-0.0085,0.007,-0.0059,38.5265,E,1,9.2079,21.6798,7.6389,1.0482,Defensive,Weak,Conservative,Defensive Hold,Core Allocation,Low Risk | Defensive | Weak,45.01,Suitable for lower-risk investors seeking relatively stable core exposure. Current conditions suggest a defensive stance rather than active accumulation.
ON,MATURE,102.04,Upward,1,1.93,85,58.86,Neutral,3.03,Low Risk,Caution,35.5,52.8,C+,Watchlist,Double Check,2.089820178,"WATCHLIST: Reference return 3.0%, Safety 35.5/100, Risk: Low Risk","Risk Reference Prices (Current: 102.04) | Lower Warning: 96.94, Lower Danger: 91.84, Upper Warning: 107.14, Upper Danger: 112.24",WATCHLIST,-0.0096,0.0436,0.4162,0.7219,1.6566,0.0332,0.0405,0.0401,-0.281,0.516,0.48,0.0044,0.027,-0.0198,-0.0096,0.037,0.0122,67.5778,C,3,46.1651,10.192,11.2206,1.3645,Caution,Strong,Moderately Conservative,Selective Exposure,Core Allocation,Low Risk | Caution | Strong,56.73,"Suitable as a relatively stable core risk asset, but current conditions require caution. Current setup allows selective exposure under controlled sizing."
OKE,MATURE,90.63,Upward,1,2.59,80,47.48,Neutral,2.25,Low Risk,Mediate,58.4,55.7,B,Attention,Opportunity Confirmation,0.63372608,"ATTENTION: Reference return 2.2%, Safety 58.4/100, Risk: Low Risk","Risk Reference Prices (Current: 90.63) | Lower Warning: 86.1, Lower Danger: 81.57, Upper Warning: 95.16, Upper Danger: 99.69",ATTENTION,0.003,0.0392,0.0682,0.0159,0.1789,0.0188,0.0158,0.0175,-0.2363,0.54,0.452,0.0008,0.0118,-0.0124,0.003,0.0358,-0.0198,48.1301,D,2,23.439,15.8301,8.861,0.9539,Defensive,Strong,Moderately Conservative,Selective Exposure,Core Allocation,Low Risk | Defensive | Strong,65.37,"Suitable as a relatively stable core risk asset, but current conditions require caution. Current setup allows selective exposure under controlled sizing."
ORCL,MATURE,180.29,Downward,-1,1.37,60,59.99,Neutral,-0.47,High Risk,Caution,0.0,32.9,D,Underweight,Conservative Allocation,0.546614222,"WATCHLIST: Reference return -0.5%, Safety 0.0/100, Risk: High Risk","Risk Reference Prices (Current: 180.29) | Lower Warning: 171.28, Lower Danger: 162.26, Upper Warning: 189.3, Upper Danger: 198.32",WATCHLIST,0.0492,0.0227,0.1061,0.2087,0.2198,0.0383,0.0373,0.0396,-0.5825,0.512,0.488,0.0015,0.0259,-0.0241,0.0492,0.0405,0.1171,53.231,D,2,37.6913,6.9724,8.5672,1.0754,Speculative,Acceptable,Balanced Aggressive,Watch / DCA Only,Growth Allocation,High Risk | Speculative | Acceptable,33.29,Suitable for investors willing to accept higher volatility in exchange for stronger growth potential. Current weakness suggests observation or gradual accumulation only.
OTIS,MATURE,75.88,Downward,-1,-2.43,20,43.75,Neutral,-1.22,Low Risk,Mediate,61.2,6.0,D,Underweight,Conservative Allocation,-1.065403438,"WATCHLIST: Reference return -1.2%, Safety 61.2/100, Risk: Low Risk","Risk Reference Prices (Current: 75.88) | Lower Warning: 72.09, Lower Danger: 68.29, Upper Warning: 79.67, Upper Danger: 83.47",WATCHLIST,-0.0156,-0.0454,-0.0735,-0.046,-0.2066,0.0118,0.0128,0.0135,-0.2386,0.5,0.488,-0.0008,0.0092,-0.0111,-0.0156,-0.0266,-0.0257,23.7895,E,1,1.7276,15.806,6.2559,0.8294,Defensive,Fragile,Conservative,Avoid / Too Fragile,Core Allocation,Low Risk | Defensive | Fragile,29.52,Suitable for lower-risk investors seeking relatively stable core exposure. Current profile appears too fragile for normal allocation.
PCAR,MATURE,114.37,Upward,1,-1.82,20,45.84,Neutral,-0.62,Low Risk,Mediate,64.1,9.3,D,Underweight,Conservative Allocation,1.011883667,"WATCHLIST: Reference return -0.6%, Safety 64.1/100, Risk: Low Risk","Risk Reference Prices (Current: 114.37) | Lower Warning: 108.65, Lower Danger: 102.93, Upper Warning: 120.09, Upper Danger: 125.81",WATCHLIST,-0.0147,-0.0992,-0.0882,0.028,0.3114,0.0223,0.02,0.0201,-0.1407,0.456,0.536,0.0012,0.015,-0.0105,-0.0147,-0.0994,-0.0373,50.3839,D,2,16.5825,24.4813,9.3201,1.4311,Defensive,Fragile,Conservative,High Risk Tactical Only,Core Allocation,Low Risk | Defensive | Fragile,33.26,"Suitable for lower-risk investors seeking relatively stable core exposure. Current profile is only suitable for tactical, high-risk participation."
PKG,MATURE,218.06,Downward,-1,2.63,65,44.26,Neutral,-0.66,Low Risk,Mediate,60.1,49.0,C+,Watchlist,Double Check,0.777194995,"WATCHLIST: Reference return -0.7%, Safety 60.1/100, Risk: Low Risk","Risk Reference Prices (Current: 218.06) | Lower Warning: 207.16, Lower Danger: 196.25, Upper Warning: 228.96, Upper Danger: 239.87",WATCHLIST,0.0,0.0141,0.0387,0.0756,0.2329,0.0251,0.0244,0.021,-0.1721,0.512,0.484,0.001,0.0126,-0.0113,0.0,0.0244,0.0216,56.5705,D,2,25.8482,21.8271,8.8952,1.1142,Defensive,Strong,Conservative,Defensive Hold,Core Allocation,Low Risk | Defensive | Strong,61.49,Suitable for lower-risk investors seeking relatively stable core exposure. Current conditions suggest a defensive stance rather than active accumulation.
PLTR,MATURE,146.03,Downward,-1,1.07,50,55.59,Neutral,-0.6,Low Risk,Caution,26.2,33.4,D,Underweight,Conservative Allocation,0.506107106,"WATCHLIST: Reference return -0.6%, Safety 26.2/100, Risk: Low Risk","Risk Reference Prices (Current: 146.03) | Lower Warning: 138.73, Lower Danger: 131.43, Upper Warning: 153.33, Upper Danger: 160.63",WATCHLIST,0.0136,0.0315,0.0761,-0.0309,0.1798,0.0191,0.0306,0.0367,-0.3819,0.552,0.448,0.0012,0.0232,-0.0258,0.0136,0.0205,0.0497,38.6325,E,1,21.7087,7.9541,8.9698,0.8964,Caution,Acceptable,Moderately Conservative,Watch / DCA Only,Core Allocation,Low Risk | Caution | Acceptable,39.92,"Suitable as a relatively stable core risk asset, but current conditions require caution. Current weakness suggests observation or gradual accumulation only."
PANW,MATURE,184.56,Downward,-1,2.49,65,59.75,Neutral,1.42,Low Risk,Caution,34.0,48.1,C+,Watchlist,Double Check,0.003735641,"WATCHLIST: Reference return 1.4%, Safety 34.0/100, Risk: Low Risk","Risk Reference Prices (Current: 184.56) | Lower Warning: 175.33, Lower Danger: 166.1, Upper Warning: 193.79, Upper Danger: 203.02",WATCHLIST,0.0192,0.0655,0.1421,0.1326,-0.019,0.0167,0.0212,0.0312,-0.3601,0.54,0.452,0.0002,0.015,-0.0175,0.0192,0.0337,0.0292,47.8956,D,2,30.7401,8.9676,8.1879,0.8544,Caution,Strong,Moderately Conservative,Watch / DCA Only,Core Allocation,Low Risk | Caution | Strong,53.28,"Suitable as a relatively stable core risk asset, but current conditions require caution. Current weakness suggests observation or gradual accumulation only."
PSKY,MATURE,11.13,Downward,-1,-0.98,45,52.29,Neutral,-0.21,High Risk,Caution,7.3,9.2,D,Underweight,Conservative Allocation,0.257388505,"WATCHLIST: Reference return -0.2%, Safety 7.3/100, Risk: High Risk","Risk Reference Prices (Current: 11.13) | Lower Warning: 10.57, Lower Danger: 10.02, Upper Warning: 11.69, Upper Danger: 12.24",WATCHLIST,0.0036,-0.0124,0.0045,0.2164,0.0051,0.0392,0.0337,0.0327,-0.5505,0.48,0.52,0.0008,0.0259,-0.0222,0.0036,0.0146,0.0869,36.6106,E,1,20.6452,8.0185,7.9469,1.1626,Speculative,Fragile,Speculative,High Risk Tactical Only,Tactical Satellite Position,High Risk | Speculative | Fragile,19.84,"Suitable only for high-risk tactical or speculative positioning. Current profile is only suitable for tactical, high-risk participation."
PH,MATURE,867.75,Upward,1,-0.73,10,47.27,Neutral,0.2,Low Risk,Mediate,61.5,14.7,D,Underweight,Conservative Allocation,1.39670465,"WATCHLIST: Reference return 0.2%, Safety 61.5/100, Risk: Low Risk","Risk Reference Prices (Current: 867.75) | Lower Warning: 824.36, Lower Danger: 780.98, Upper Warning: 911.14, Upper Danger: 954.53",WATCHLIST,-0.0164,-0.109,-0.119,-0.0298,0.4204,0.0148,0.0198,0.0225,-0.1579,0.548,0.452,0.0015,0.0118,-0.011,-0.0164,-0.1095,-0.0458,48.6466,D,2,15.4816,22.9806,10.1844,1.0782,Defensive,Weak,Conservative,High Risk Tactical Only,Core Allocation,Low Risk | Defensive | Weak,35.34,"Suitable for lower-risk investors seeking relatively stable core exposure. Current profile is only suitable for tactical, high-risk participation."
PAYX,MATURE,92.48,Downward,-1,1.02,65,53.49,Neutral,-1.31,Low Risk,Caution,36.2,37.7,C,Caution,Risk Mitigation,-1.824727226,"WATCHLIST: Reference return -1.3%, Safety 36.2/100, Risk: Low Risk","Risk Reference Prices (Current: 92.48) | Lower Warning: 87.86, Lower Danger: 83.23, Upper Warning: 97.1, Upper Danger: 101.73",WATCHLIST,-0.0058,0.0168,0.0409,-0.0008,-0.3594,0.0166,0.0156,0.0184,-0.4495,0.472,0.524,-0.0017,0.0103,-0.0124,-0.0058,0.0296,-0.0016,24.4762,E,1,9.977,9.3966,5.1026,0.8279,Caution,Acceptable,Moderately Conservative,Watch / DCA Only,Core Allocation,Low Risk | Caution | Acceptable,46.63,"Suitable as a relatively stable core risk asset, but current conditions require caution. Current weakness suggests observation or gradual accumulation only."
PAYC,MATURE,132.23,Downward,-1,1.06,65,55.99,Neutral,-0.81,High Risk,Caution,15.8,34.3,D,Underweight,Conservative Allocation,-1.4168135,"WATCHLIST: Reference return -0.8%, Safety 15.8/100, Risk: High Risk","Risk Reference Prices (Current: 132.23) | Lower Warning: 125.62, Lower Danger: 119.01, Upper Warning: 138.84, Upper Danger: 145.45",WATCHLIST,0.002,0.0536,0.1034,0.0594,-0.4135,0.0193,0.0237,0.0281,-0.5697,0.5,0.5,-0.0019,0.0148,-0.0185,0.002,0.0688,0.0432,35.5119,E,1,20.9041,8.533,6.0749,0.7977,Risky,Acceptable,Balanced Aggressive,Watch / DCA Only,Growth Allocation,High Risk | Risky | Acceptable,38.82,Suitable for investors willing to accept higher volatility in exchange for stronger growth potential. Current weakness suggests observation or gradual accumulation only.
PYPL,MATURE,50.39,Downward,-1,0.53,60,63.24,Bullish,0.23,Low Risk,Caution,30.8,33.2,D,Underweight,Conservative Allocation,-0.695129087,"WATCHLIST: Reference return 0.2%, Safety 30.8/100, Risk: Low Risk","Risk Reference Prices (Current: 50.39) | Lower Warning: 47.87, Lower Danger: 45.35, Upper Warning: 52.91, Upper Danger: 55.43",WATCHLIST,-0.001,0.0129,0.0504,0.145,-0.2609,0.0151,0.0173,0.02,-0.4992,0.504,0.496,-0.0009,0.0153,-0.0174,-0.001,-0.0018,0.005,37.1861,E,1,21.2157,9.2171,6.7533,0.8813,Caution,Acceptable,Moderately Conservative,Watch / DCA Only,Core Allocation,Low Risk | Caution | Acceptable,42.39,"Suitable as a relatively stable core risk asset, but current conditions require caution. Current weakness suggests observation or gradual accumulation only."
PNR,MATURE,77.08,Downward,-1,-1.37,30,45.66,Neutral,-0.82,Low Risk,Mediate,40.6,9.1,D,Underweight,Conservative Allocation,-0.661141931,"WATCHLIST: Reference return -0.8%, Safety 40.6/100, Risk: Low Risk","Risk Reference Prices (Current: 77.08) | Lower Warning: 73.23, Lower Danger: 69.37, Upper Warning: 80.93, Upper Danger: 84.79",WATCHLIST,-0.0255,-0.1481,-0.1486,-0.1061,-0.1631,0.0385,0.0309,0.0251,-0.31,0.484,0.504,-0.0006,0.0117,-0.0123,-0.0255,-0.1599,-0.045,17.6777,E,1,0.5295,10.7906,6.3576,0.9474,Caution,Fragile,Moderately Conservative,High Risk Tactical Only,Core Allocation,Low Risk | Caution | Fragile,27.58,"Suitable as a relatively stable core risk asset, but current conditions require caution. Current profile is only suitable for tactical, high-risk participation."
PEP,MATURE,154.59,Upward,1,2.73,80,44.98,Neutral,-0.29,Low Risk,Safe,76.1,55.5,B,Attention,Opportunity Confirmation,0.853263823,"ATTENTION: Reference return -0.3%, Safety 76.1/100, Risk: Low Risk","Risk Reference Prices (Current: 154.59) | Lower Warning: 146.86, Lower Danger: 139.13, Upper Warning: 162.32, Upper Danger: 170.05",ATTENTION,-0.0179,-0.0071,-0.0073,0.0303,0.2181,0.0136,0.0126,0.0122,-0.1121,0.46,0.536,0.0009,0.0118,-0.0085,-0.0179,-0.0055,-0.0246,53.1612,D,2,17.432,26.5958,9.1334,1.3893,Defensive,Strong,Conservative,Selective Exposure,Core Allocation,Low Risk | Defensive | Strong,71.61,Suitable for lower-risk investors seeking relatively stable core exposure. Current setup allows selective exposure under controlled sizing.
PFE,MATURE,26.3,Upward,1,-0.58,35,48.38,Neutral,0.02,Low Risk,Safe,76.5,24.0,D,Underweight,Conservative Allocation,0.635585862,"WATCHLIST: Reference return 0.0%, Safety 76.5/100, Risk: Low Risk","Risk Reference Prices (Current: 26.30) | Lower Warning: 24.98, Lower Danger: 23.67, Upper Warning: 27.62, Upper Danger: 28.93",WATCHLIST,-0.0011,-0.0139,-0.0299,-0.0248,0.1818,0.012,0.0105,0.0133,-0.1147,0.504,0.472,0.0008,0.0122,-0.0113,-0.0011,-0.0259,-0.015,47.1689,D,2,12.5362,26.4229,8.2098,1.0752,Defensive,Weak,Conservative,Selective Exposure,Core Allocation,Low Risk | Defensive | Weak,47.61,Suitable for lower-risk investors seeking relatively stable core exposure. Current setup allows selective exposure under controlled sizing.
PCG,MATURE,16.21,Upward,1,-2.2,20,48.8,Neutral,0.46,Low Risk,Mediate,56.0,7.3,D,Underweight,Conservative Allocation,-0.134292406,"WATCHLIST: Reference return 0.5%, Safety 56.0/100, Risk: Low Risk","Risk Reference Prices (Current: 16.21) | Lower Warning: 15.4, Lower Danger: 14.59, Upper Warning: 17.02, Upper Danger: 17.83",WATCHLIST,-0.0146,-0.0368,-0.0769,-0.0614,-0.0329,0.0116,0.0097,0.0148,-0.2712,0.492,0.496,0.0,0.0129,-0.0128,-0.0146,-0.0241,-0.0247,23.5037,E,1,3.0251,13.3145,7.1642,1.0103,Defensive,Fragile,Moderately Conservative,Avoid / Too Fragile,Core Allocation,Low Risk | Defensive | Fragile,29.17,"Suitable as a relatively stable core risk asset, but current conditions require caution. Current profile appears too fragile for normal allocation."
PM,MATURE,169.19,Downward,-1,3.62,75,40.96,Neutral,-0.02,Low Risk,Mediate,54.9,51.1,C+,Watchlist,Double Check,0.027032561,"WATCHLIST: Reference return -0.0%, Safety 54.9/100, Risk: Low Risk","Risk Reference Prices (Current: 169.19) | Lower Warning: 160.73, Lower Danger: 152.27, Upper Warning: 177.65, Upper Danger: 186.11",WATCHLIST,0.0169,0.0,0.061,0.0373,0.0115,0.023,0.0275,0.0225,-0.2064,0.544,0.452,0.0002,0.0115,-0.0134,0.0169,0.0304,0.025,41.3791,E,1,14.6356,18.3689,8.3746,0.8566,Defensive,Strong,Moderately Conservative,Watch / DCA Only,Core Allocation,Low Risk | Defensive | Strong,63.94,"Suitable as a relatively stable core risk asset, but current conditions require caution. Current weakness suggests observation or gradual accumulation only."
PSX,MATURE,178.47,Upward,1,3.71,90,52.13,Neutral,1.73,Low Risk,Mediate,58.5,59.4,B,Attention,Opportunity Confirmation,1.805924043,"ATTENTION: Reference return 1.7%, Safety 58.5/100, Risk: Low Risk","Risk Reference Prices (Current: 178.47) | Lower Warning: 169.55, Lower Danger: 160.62, Upper Warning: 187.39, Upper Danger: 196.32",ATTENTION,0.0129,0.1187,0.1241,0.0171,0.7308,0.0213,0.0223,0.0234,-0.1728,0.556,0.444,0.0024,0.0151,-0.0135,0.0129,0.0959,-0.0038,68.6018,C,3,36.1591,21.5957,10.847,1.1173,Defensive,Strong,Moderately Conservative,Selective Exposure,Core Allocation,Low Risk | Defensive | Strong,71.28,"Suitable as a relatively stable core risk asset, but current conditions require caution. Current setup allows selective exposure under controlled sizing."
PNW,MATURE,101.82,Upward,1,1.04,65,50.53,Neutral,0.99,Low Risk,Safe,79.4,47.7,C+,Watchlist,Double Check,0.524459009,"WATCHLIST: Reference return 1.0%, Safety 79.4/100, Risk: Low Risk","Risk Reference Prices (Current: 101.82) | Lower Warning: 96.73, Lower Danger: 91.64, Upper Warning: 106.91, Upper Danger: 112.0",WATCHLIST,-0.0166,-0.0158,-0.0085,0.0468,0.1173,0.0131,0.0136,0.0106,-0.0843,0.512,0.488,0.0005,0.0085,-0.0079,-0.0166,-0.0047,-0.0183,50.1062,D,2,13.7523,27.7901,8.5638,1.075,Defensive,Strong,Conservative,Selective Exposure,Core Allocation,Low Risk | Defensive | Strong,64.5,Suitable for lower-risk investors seeking relatively stable core exposure. Current setup allows selective exposure under controlled sizing.
PNC,MATURE,218.04,Upward,1,1.19,65,48.23,Neutral,-0.84,Low Risk,Mediate,69.3,44.8,C,Caution,Risk Mitigation,1.345902041,"WATCHLIST: Reference return -0.8%, Safety 69.3/100, Risk: Low Risk","Risk Reference Prices (Current: 218.04) | Lower Warning: 207.14, Lower Danger: 196.24, Upper Warning: 228.94, Upper Danger: 239.84",WATCHLIST,-0.0121,-0.0313,-0.0143,0.0893,0.3601,0.014,0.0129,0.0131,-0.1721,0.524,0.468,0.0013,0.0111,-0.0096,-0.0121,-0.0083,-0.0222,56.5862,D,2,24.565,22.2239,9.7973,1.1562,Defensive,Strong,Conservative,Selective Exposure,Core Allocation,Low Risk | Defensive | Strong,60.24,Suitable for lower-risk investors seeking relatively stable core exposure. Current setup allows selective exposure under controlled sizing.
POOL,MATURE,203.23,Downward,-1,-2.48,20,47.36,Neutral,-0.62,Low Risk,Caution,37.0,1.6,D,Underweight,Conservative Allocation,-1.148734256,"WATCHLIST: Reference return -0.6%, Safety 37.0/100, Risk: Low Risk","Risk Reference Prices (Current: 203.23) | Lower Warning: 193.07, Lower Danger: 182.91, Upper Warning: 213.39, Upper Danger: 223.55",WATCHLIST,-0.0234,-0.1113,-0.0677,0.0144,-0.3238,0.0237,0.0242,0.0201,-0.3978,0.436,0.564,-0.0013,0.0158,-0.0146,-0.0234,-0.1261,-0.0473,18.1757,E,1,2.8444,9.5378,5.7935,1.0826,Caution,Fragile,Moderately Conservative,Avoid / Too Fragile,Core Allocation,Low Risk | Caution | Fragile,19.97,"Suitable as a relatively stable core risk asset, but current conditions require caution. Current profile appears too fragile for normal allocation."
PPG,MATURE,104.08,Downward,-1,-0.82,35,44.87,Neutral,-1.65,Low Risk,Mediate,46.4,15.2,D,Underweight,Conservative Allocation,-0.110339607,"WATCHLIST: Reference return -1.7%, Safety 46.4/100, Risk: Low Risk","Risk Reference Prices (Current: 104.08) | Lower Warning: 98.88, Lower Danger: 93.67, Upper Warning: 109.28, Upper Danger: 114.49",WATCHLIST,-0.0319,-0.0563,-0.0584,0.0706,-0.0308,0.0236,0.0245,0.0266,-0.2568,0.492,0.5,0.0,0.0134,-0.0132,-0.0319,-0.0521,-0.0407,29.7775,E,1,8.994,13.5301,7.2534,1.0216,Caution,Weak,Moderately Conservative,Watch / DCA Only,Core Allocation,Low Risk | Caution | Weak,33.49,"Suitable as a relatively stable core risk asset, but current conditions require caution. Current weakness suggests observation or gradual accumulation only."
PPL,MATURE,37.8,Upward,1,-0.65,35,51.84,Neutral,1.07,Low Risk,Safe,77.0,25.7,D,Underweight,Conservative Allocation,0.279703501,"WATCHLIST: Reference return 1.1%, Safety 77.0/100, Risk: Low Risk","Risk Reference Prices (Current: 37.80) | Lower Warning: 35.91, Lower Danger: 34.02, Upper Warning: 39.69, Upper Danger: 41.58",WATCHLIST,0.0053,-0.0192,-0.0457,0.0342,0.0751,0.0138,0.0121,0.0099,-0.1169,0.532,0.464,0.0003,0.0083,-0.0088,0.0053,-0.0245,0.0096,44.8848,D,2,10.011,26.4213,8.4526,0.9462,Defensive,Acceptable,Conservative,Selective Exposure,Core Allocation,Low Risk | Defensive | Acceptable,48.47,Suitable for lower-risk investors seeking relatively stable core exposure. Current setup allows selective exposure under controlled sizing.
PFG,MATURE,99.46,Upward,1,4.31,100,54.52,Neutral,1.73,Low Risk,Safe,74.1,65.3,B+,Potential,Selective Planning,1.288031234,"ATTENTION: Reference return 1.7%, Safety 74.1/100, Risk: Low Risk","Risk Reference Prices (Current: 99.46) | Lower Warning: 94.49, Lower Danger: 89.51, Upper Warning: 104.43, Upper Danger: 109.41",ATTENTION,-0.0161,0.0254,0.0565,0.1692,0.3494,0.0127,0.0118,0.0132,-0.1196,0.528,0.46,0.0013,0.0113,-0.0102,-0.0161,0.0012,-0.0144,73.1298,B,4,37.3676,26.1585,9.6037,1.113,Defensive,Strong,Conservative,Selective Exposure,Core Allocation,Low Risk | Defensive | Strong,81.75,Suitable for lower-risk investors seeking relatively stable core exposure. Current setup allows selective exposure under controlled sizing.
PG,MATURE,143.42,Downward,-1,1.59,75,46.11,Neutral,-0.11,Low Risk,Mediate,67.0,48.5,C+,Watchlist,Double Check,-0.550091865,"WATCHLIST: Reference return -0.1%, Safety 67.0/100, Risk: Low Risk","Risk Reference Prices (Current: 143.42) | Lower Warning: 136.25, Lower Danger: 129.08, Upper Warning: 150.59, Upper Danger: 157.76",WATCHLIST,-0.0261,-0.0083,0.0008,0.0015,-0.071,0.0166,0.016,0.013,-0.1762,0.484,0.512,-0.0002,0.0089,-0.0088,-0.0261,-0.0321,-0.025,35.3948,E,1,6.7722,21.8418,6.7808,1.0036,Defensive,Strong,Conservative,Defensive Hold,Core Allocation,Low Risk | Defensive | Strong,62.84,Suitable for lower-risk investors seeking relatively stable core exposure. Current conditions suggest a defensive stance rather than active accumulation.
PGR,MATURE,199.24,Downward,-1,0.27,50,50.04,Neutral,-0.56,Low Risk,Mediate,55.2,31.2,D,Underweight,Conservative Allocation,-1.360555468,"WATCHLIST: Reference return -0.6%, Safety 55.2/100, Risk: Low Risk","Risk Reference Prices (Current: 199.24) | Lower Warning: 189.28, Lower Danger: 179.32, Upper Warning: 209.2, Upper Danger: 219.16",WATCHLIST,-0.0004,-0.0297,0.0135,-0.0323,-0.248,0.0103,0.0139,0.0148,-0.294,0.484,0.516,-0.001,0.0101,-0.0115,-0.0004,-0.0082,-0.0101,22.5562,E,1,4.5871,12.0856,5.8836,0.8783,Defensive,Acceptable,Moderately Conservative,Watch / DCA Only,Core Allocation,Low Risk | Defensive | Acceptable,46.86,"Suitable as a relatively stable core risk asset, but current conditions require caution. Current weakness suggests observation or gradual accumulation only."
PLD,MATURE,138.76,Upward,1,1.5,75,50.79,Neutral,0.24,Low Risk,Safe,75.9,50.9,C+,Watchlist,Double Check,1.366450343,"WATCHLIST: Reference return 0.2%, Safety 75.9/100, Risk: Low Risk","Risk Reference Prices (Current: 138.76) | Lower Warning: 131.82, Lower Danger: 124.88, Upper Warning: 145.7, Upper Danger: 152.64",WATCHLIST,-0.0187,-0.0252,0.0029,0.084,0.3632,0.0159,0.015,0.0133,-0.0959,0.536,0.46,0.0013,0.0108,-0.0096,-0.0187,-0.0235,-0.023,62.2818,C,3,25.0184,27.2792,9.9842,1.1159,Defensive,Strong,Conservative,Selective Exposure,Core Allocation,Low Risk | Defensive | Strong,66.91,Suitable for lower-risk investors seeking relatively stable core exposure. Current setup allows selective exposure under controlled sizing.
PRU,MATURE,97.65,Downward,-1,0.83,50,50.77,Neutral,-0.1,Low Risk,Mediate,61.3,37.7,C,Caution,Risk Mitigation,-0.052067641,"WATCHLIST: Reference return -0.1%, Safety 61.3/100, Risk: Low Risk","Risk Reference Prices (Current: 97.65) | Lower Warning: 92.77, Lower Danger: 87.88, Upper Warning: 102.53, Upper Danger: 107.42",WATCHLIST,-0.0098,0.035,-0.0112,0.0497,0.0018,0.0107,0.0201,0.0161,-0.2146,0.544,0.456,0.0001,0.0099,-0.0116,-0.0098,0.0365,-0.0047,40.0607,E,1,13.7603,17.9298,8.3706,0.8559,Defensive,Acceptable,Conservative,Defensive Hold,Core Allocation,Low Risk | Defensive | Acceptable,52.42,Suitable for lower-risk investors seeking relatively stable core exposure. Current conditions suggest a defensive stance rather than active accumulation.
PEG,MATURE,80.45,Downward,-1,0.88,50,45.92,Neutral,0.26,Low Risk,Safe,72.5,40.1,C,Caution,Risk Mitigation,0.193177941,"WATCHLIST: Reference return 0.3%, Safety 72.5/100, Risk: Low Risk","Risk Reference Prices (Current: 80.45) | Lower Warning: 76.43, Lower Danger: 72.4, Upper Warning: 84.47, Upper Danger: 88.5",WATCHLIST,0.0037,0.0036,-0.0195,0.0127,0.0599,0.0149,0.0152,0.0126,-0.1273,0.54,0.456,0.0003,0.009,-0.01,0.0037,-0.0036,-0.0148,44.3228,D,2,10.1006,25.7356,8.4866,0.9006,Defensive,Strong,Conservative,Defensive Hold,Core Allocation,Low Risk | Defensive | Strong,56.7,Suitable for lower-risk investors seeking relatively stable core exposure. Current conditions suggest a defensive stance rather than active accumulation.
PTC,MATURE,138.19,Downward,-1,0.5,60,47.77,Neutral,-0.92,Low Risk,Mediate,44.9,33.0,D,Underweight,Conservative Allocation,-0.446520833,"WATCHLIST: Reference return -0.9%, Safety 44.9/100, Risk: Low Risk","Risk Reference Prices (Current: 138.19) | Lower Warning: 131.28, Lower Danger: 124.37, Upper Warning: 145.1, Upper Danger: 152.01",WATCHLIST,0.0122,0.0174,0.034,-0.0776,-0.1434,0.0076,0.0132,0.0183,-0.3837,0.52,0.48,-0.0004,0.0115,-0.0134,0.0122,0.0074,0.0139,25.5617,E,1,8.4504,9.7588,7.3526,0.8632,Caution,Acceptable,Moderately Conservative,Watch / DCA Only,Core Allocation,Low Risk | Caution | Acceptable,45.64,"Suitable as a relatively stable core risk asset, but current conditions require caution. Current weakness suggests observation or gradual accumulation only."
PSA,MATURE,295.36,Upward,1,1.18,75,52.5,Neutral,1.26,Low Risk,Mediate,65.9,48.7,C+,Watchlist,Double Check,0.043378448,"WATCHLIST: Reference return 1.3%, Safety 65.9/100, Risk: Low Risk","Risk Reference Prices (Current: 295.36) | Lower Warning: 280.59, Lower Danger: 265.82, Upper Warning: 310.13, Upper Danger: 324.9",WATCHLIST,-0.0205,-0.0497,-0.0284,0.1113,0.025,0.0177,0.0171,0.0162,-0.162,0.472,0.528,0.0002,0.0117,-0.0101,-0.0205,-0.0419,-0.0234,45.0953,D,2,14.4773,23.0021,7.6159,1.16,Defensive,Strong,Conservative,Selective Exposure,Core Allocation,Low Risk | Defensive | Strong,62.12,Suitable for lower-risk investors seeking relatively stable core exposure. Current setup allows selective exposure under controlled sizing.
PHM,MATURE,115.15,Downward,-1,0.14,35,45.31,Neutral,-0.55,Low Risk,Mediate,54.5,26.1,D,Underweight,Conservative Allocation,0.384091256,"WATCHLIST: Reference return -0.5%, Safety 54.5/100, Risk: Low Risk","Risk Reference Prices (Current: 115.15) | Lower Warning: 109.39, Lower Danger: 103.64, Upper Warning: 120.91, Upper Danger: 126.67",WATCHLIST,-0.0341,-0.1186,-0.0614,0.0052,0.1196,0.0193,0.0244,0.0234,-0.2006,0.468,0.524,0.0007,0.0176,-0.0144,-0.0341,-0.0973,-0.0589,35.4235,E,1,8.5495,18.8741,7.9998,1.2209,Defensive,Acceptable,Moderately Conservative,Watch / DCA Only,Core Allocation,Low Risk | Defensive | Acceptable,42.04,"Suitable as a relatively stable core risk asset, but current conditions require caution. Current weakness suggests observation or gradual accumulation only."
PWR,MATURE,757.34,Upward,1,1.75,85,57.52,Neutral,2.74,Low Risk,Mediate,52.2,54.7,C+,Watchlist,Double Check,2.524304123,"WATCHLIST: Reference return 2.7%, Safety 52.2/100, Risk: Low Risk","Risk Reference Prices (Current: 757.34) | Lower Warning: 719.47, Lower Danger: 681.61, Upper Warning: 795.21, Upper Danger: 833.07",WATCHLIST,0.0204,0.1956,0.2741,0.3639,1.3497,0.0594,0.0426,0.0333,-0.1166,0.568,0.432,0.0037,0.0168,-0.0136,0.0204,0.2121,0.0406,87.0327,A,5,49.9453,24.7441,12.3434,1.2353,Defensive,Strong,Moderately Conservative,Selective Exposure,Core Allocation,Low Risk | Defensive | Strong,62.56,"Suitable as a relatively stable core risk asset, but current conditions require caution. Current setup allows selective exposure under controlled sizing."
QCOM,MATURE,168.38,Downward,-1,1.57,70,59.56,Neutral,-0.02,Low Risk,Caution,22.6,40.6,C,Caution,Risk Mitigation,0.654398635,"WATCHLIST: Reference return -0.0%, Safety 22.6/100, Risk: Low Risk","Risk Reference Prices (Current: 168.38) | Lower Warning: 159.96, Lower Danger: 151.54, Upper Warning: 176.8, Upper Danger: 185.22",WATCHLIST,-0.0488,0.257,0.2675,0.2962,0.2358,0.0716,0.0524,0.0375,-0.3313,0.532,0.468,0.0011,0.0147,-0.0144,-0.0488,0.1312,-0.0624,63.6689,C,3,45.9687,8.6554,9.0449,1.024,Risky,Strong,Moderately Conservative,Watch / DCA Only,Core Allocation,Low Risk | Risky | Strong,45.47,"Suitable as a relatively stable core risk asset, but current conditions require caution. Current weakness suggests observation or gradual accumulation only."
DGX,MATURE,191.5,Upward,1,-0.68,35,44.84,Neutral,0.15,Low Risk,Safe,71.5,21.7,D,Underweight,Conservative Allocation,0.349475512,"WATCHLIST: Reference return 0.1%, Safety 71.5/100, Risk: Low Risk","Risk Reference Prices (Current: 191.50) | Lower Warning: 181.92, Lower Danger: 172.35, Upper Warning: 201.08, Upper Danger: 210.65",WATCHLIST,-0.0061,-0.0402,-0.0137,-0.015,0.0979,0.017,0.0197,0.0154,-0.1027,0.508,0.492,0.0005,0.0105,-0.0098,-0.0061,-0.0243,-0.0139,43.7845,D,2,8.5828,26.9071,8.2946,1.0641,Defensive,Weak,Conservative,Selective Exposure,Core Allocation,Low Risk | Defensive | Weak,44.57,Suitable for lower-risk investors seeking relatively stable core exposure. Current setup allows selective exposure under controlled sizing.
Q,MATURE,141.06,Upward,1,1.56,75,60.27,Neutral,2.85,Low Risk,Mediate,44.8,50.7,C+,Watchlist,Double Check,1.619605063,"WATCHLIST: Reference return 2.9%, Safety 44.8/100, Risk: Low Risk","Risk Reference Prices (Current: 141.06) | Lower Warning: 134.01, Lower Danger: 126.95, Upper Warning: 148.11, Upper Danger: 155.17",WATCHLIST,-0.0158,0.0066,0.0624,0.3111,0.4822,0.0265,0.0237,0.0336,-0.2712,0.5659,0.4341,0.0036,0.0275,-0.0275,-0.0158,-0.0158,0.0028,60.7002,C,3,38.6651,11.7586,10.2765,1.0004,Caution,Strong,Moderately Conservative,Selective Exposure,Core Allocation,Low Risk | Caution | Strong,57.07,"Suitable as a relatively stable core risk asset, but current conditions require caution. Current setup allows selective exposure under controlled sizing."
RL,MATURE,354.29,Upward,1,-0.4,35,50.39,Neutral,-0.15,Low Risk,Mediate,60.4,22.7,D,Underweight,Conservative Allocation,1.357360779,"WATCHLIST: Reference return -0.1%, Safety 60.4/100, Risk: Low Risk","Risk Reference Prices (Current: 354.29) | Lower Warning: 336.58, Lower Danger: 318.86, Upper Warning: 372.0, Upper Danger: 389.72",WATCHLIST,-0.0219,-0.0454,-0.0502,0.077,0.5072,0.0114,0.0181,0.0253,-0.1494,0.504,0.496,0.0018,0.0168,-0.0133,-0.0219,-0.0457,-0.0121,56.3826,D,2,23.152,23.4525,9.7781,1.2565,Defensive,Weak,Conservative,Selective Exposure,Core Allocation,Low Risk | Defensive | Weak,42.24,Suitable for lower-risk investors seeking relatively stable core exposure. Current setup allows selective exposure under controlled sizing.
RJF,MATURE,156.81,Downward,-1,3.44,75,50.32,Neutral,0.09,Low Risk,Mediate,64.9,54.4,C+,Watchlist,Double Check,0.421078599,"WATCHLIST: Reference return 0.1%, Safety 64.9/100, Risk: Low Risk","Risk Reference Prices (Current: 156.81) | Lower Warning: 148.97, Lower Danger: 141.13, Upper Warning: 164.65, Upper Danger: 172.49",WATCHLIST,0.0039,0.0222,0.0234,0.0945,0.118,0.0096,0.0129,0.0148,-0.1964,0.548,0.448,0.0006,0.0108,-0.0119,0.0039,0.0221,-0.0095,50.9889,D,2,22.342,19.7953,8.8517,0.9038,Defensive,Strong,Conservative,Defensive Hold,Core Allocation,Low Risk | Defensive | Strong,68.92,Suitable for lower-risk investors seeking relatively stable core exposure. Current conditions suggest a defensive stance rather than active accumulation.
RTX,MATURE,172.9,Downward,-1,-0.95,40,41.74,Neutral,-1.13,Low Risk,Mediate,64.3,18.3,D,Underweight,Conservative Allocation,1.290239703,"WATCHLIST: Reference return -1.1%, Safety 64.3/100, Risk: Low Risk","Risk Reference Prices (Current: 172.90) | Lower Warning: 164.26, Lower Danger: 155.61, Upper Warning: 181.54, Upper Danger: 190.19",WATCHLIST,-0.0063,-0.0357,-0.1475,-0.1275,0.3673,0.0164,0.0172,0.0166,-0.1856,0.548,0.444,0.0014,0.011,-0.0105,-0.0063,-0.0078,-0.018,45.6913,D,2,14.9919,20.7844,9.915,1.0456,Defensive,Weak,Conservative,Watch / DCA Only,Core Allocation,Low Risk | Defensive | Weak,40.79,Suitable for lower-risk investors seeking relatively stable core exposure. Current weakness suggests observation or gradual accumulation only.
O,MATURE,63.45,Upward,1,1.1,65,48.24,Neutral,1.3,Low Risk,Safe,79.3,48.3,C+,Watchlist,Double Check,0.874159602,"WATCHLIST: Reference return 1.3%, Safety 79.3/100, Risk: Low Risk","Risk Reference Prices (Current: 63.45) | Lower Warning: 60.28, Lower Danger: 57.1, Upper Warning: 66.62, Upper Danger: 69.8",WATCHLIST,-0.0056,-0.0056,-0.0014,0.0501,0.177,0.0119,0.0106,0.0086,-0.111,0.528,0.472,0.0007,0.0082,-0.0077,-0.0056,0.0062,-0.0123,53.5036,D,2,17.527,26.7609,9.2157,1.0669,Defensive,Strong,Conservative,Selective Exposure,Core Allocation,Low Risk | Defensive | Strong,64.57,Suitable for lower-risk investors seeking relatively stable core exposure. Current setup allows selective exposure under controlled sizing.
REG,MATURE,78.75,Upward,1,1.36,75,51.18,Neutral,0.84,Low Risk,Safe,81.1,52.1,C+,Watchlist,Double Check,0.606112197,"WATCHLIST: Reference return 0.8%, Safety 81.1/100, Risk: Low Risk","Risk Reference Prices (Current: 78.75) | Lower Warning: 74.81, Lower Danger: 70.88, Upper Warning: 82.69, Upper Danger: 86.62",WATCHLIST,0.0013,-0.0246,-0.0103,0.0518,0.1314,0.01,0.0117,0.0093,-0.0817,0.484,0.504,0.0005,0.0087,-0.0073,0.0013,-0.018,0.0116,50.6317,D,2,14.3232,27.9133,8.3953,1.1955,Safe,Strong,Conservative,Selective Exposure,Core Allocation,Low Risk | Safe | Strong,68.78,Suitable for lower-risk investors seeking relatively stable core exposure. Current setup allows selective exposure under controlled sizing.
REGN,MATURE,709.21,Downward,-1,-2.11,20,41.2,Neutral,-0.69,Low Risk,Mediate,58.6,6.2,D,Underweight,Conservative Allocation,0.528652479,"WATCHLIST: Reference return -0.7%, Safety 58.6/100, Risk: Low Risk","Risk Reference Prices (Current: 709.21) | Lower Warning: 673.75, Lower Danger: 638.29, Upper Warning: 744.67, Upper Danger: 780.13",WATCHLIST,0.0111,-0.0742,-0.0613,-0.0323,0.1814,0.0286,0.022,0.0189,-0.2143,0.492,0.5,0.001,0.0174,-0.0152,0.0111,-0.0564,0.003,36.4692,E,1,10.3489,17.8184,8.3019,1.1468,Defensive,Fragile,Moderately Conservative,Avoid / Too Fragile,Core Allocation,Low Risk | Defensive | Fragile,29.22,"Suitable as a relatively stable core risk asset, but current conditions require caution. Current profile appears too fragile for normal allocation."
RF,MATURE,27.66,Downward,-1,1.44,60,47.83,Neutral,-0.31,Low Risk,Mediate,66.4,44.8,C,Caution,Risk Mitigation,1.211766912,"WATCHLIST: Reference return -0.3%, Safety 66.4/100, Risk: Low Risk","Risk Reference Prices (Current: 27.66) | Lower Warning: 26.28, Lower Danger: 24.89, Upper Warning: 29.04, Upper Danger: 30.43",WATCHLIST,-0.0188,-0.0261,-0.0032,0.0907,0.3658,0.0171,0.0125,0.0143,-0.1845,0.556,0.416,0.0014,0.0117,-0.0123,-0.0188,-0.0036,-0.0312,55.8598,D,2,25.3654,20.9959,9.4985,0.9487,Defensive,Strong,Conservative,Defensive Hold,Core Allocation,Low Risk | Defensive | Strong,59.06,Suitable for lower-risk investors seeking relatively stable core exposure. Current conditions suggest a defensive stance rather than active accumulation.
RSG,MATURE,206.55,Downward,-1,0.26,50,41.97,Neutral,-0.83,Low Risk,Mediate,65.9,32.1,D,Underweight,Conservative Allocation,-1.175846689,"WATCHLIST: Reference return -0.8%, Safety 65.9/100, Risk: Low Risk","Risk Reference Prices (Current: 206.55) | Lower Warning: 196.22, Lower Danger: 185.9, Upper Warning: 216.88, Upper Danger: 227.21",WATCHLIST,0.0,-0.035,-0.0245,-0.0555,-0.1672,0.0116,0.0155,0.0133,-0.205,0.496,0.5,-0.0007,0.0076,-0.0089,0.0,-0.0154,-0.0128,27.959,E,1,2.7168,18.9965,6.2457,0.8562,Defensive,Acceptable,Conservative,Defensive Hold,Core Allocation,Low Risk | Defensive | Acceptable,50.04,Suitable for lower-risk investors seeking relatively stable core exposure. Current conditions suggest a defensive stance rather than active accumulation.
RMD,MATURE,209.43,Downward,-1,-2.79,30,39.52,Bearish,-1.63,Low Risk,Mediate,53.7,5.0,D,Underweight,Conservative Allocation,-0.662446356,"WATCHLIST: Reference return -1.6%, Safety 53.7/100, Risk: Low Risk","Risk Reference Prices (Current: 209.43) | Lower Warning: 198.96, Lower Danger: 188.49, Upper Warning: 219.9, Upper Danger: 230.37",WATCHLIST,0.0215,-0.0459,-0.0922,-0.0733,-0.122,0.0227,0.0177,0.0146,-0.2987,0.508,0.492,-0.0004,0.0099,-0.0111,0.0215,-0.0474,-0.0205,20.5586,E,1,1.6649,11.8815,7.0122,0.8937,Defensive,Fragile,Moderately Conservative,Avoid / Too Fragile,Core Allocation,Low Risk | Defensive | Fragile,26.77,"Suitable as a relatively stable core risk asset, but current conditions require caution. Current profile appears too fragile for normal allocation."
RVTY,MATURE,86.51,Downward,-1,-1.12,45,45.29,Neutral,-0.75,Low Risk,Mediate,40.6,13.8,D,Underweight,Conservative Allocation,-0.092671826,"WATCHLIST: Reference return -0.8%, Safety 40.6/100, Risk: Low Risk","Risk Reference Prices (Current: 86.51) | Lower Warning: 82.18, Lower Danger: 77.86, Upper Warning: 90.84, Upper Danger: 95.16",WATCHLIST,-0.002,-0.0073,-0.0741,0.0074,-0.0654,0.0269,0.0327,0.0259,-0.3009,0.504,0.496,0.0,0.0183,-0.0186,-0.002,-0.003,-0.0013,24.0973,E,1,5.5187,11.0826,7.4959,0.9861,Caution,Weak,Moderately Conservative,High Risk Tactical Only,Core Allocation,Low Risk | Caution | Weak,31.83,"Suitable as a relatively stable core risk asset, but current conditions require caution. Current profile is only suitable for tactical, high-risk participation."
HOOD,MATURE,76.55,Downward,-1,1.58,60,58.08,Neutral,-2.65,High Risk,Caution,0.0,33.9,D,Underweight,Conservative Allocation,0.971656357,"WATCHLIST: Reference return -2.6%, Safety 0.0/100, Risk: High Risk","Risk Reference Prices (Current: 76.55) | Lower Warning: 72.72, Lower Danger: 68.9, Upper Warning: 80.38, Upper Danger: 84.2",WATCHLIST,0.0392,-0.0837,-0.0321,0.0798,0.5931,0.0573,0.0554,0.0484,-0.5726,0.532,0.468,0.0028,0.0322,-0.0308,0.0392,-0.0963,0.0502,37.9537,E,1,23.3803,5.3333,9.2401,1.0482,Speculative,Acceptable,Balanced Aggressive,Watch / DCA Only,Growth Allocation,High Risk | Speculative | Acceptable,33.93,Suitable for investors willing to accept higher volatility in exchange for stronger growth potential. Current weakness suggests observation or gradual accumulation only.
ROK,MATURE,400.31,Downward,-1,1.5,60,50.59,Neutral,-1.19,Low Risk,Mediate,61.9,44.7,C,Caution,Risk Mitigation,1.665689883,"WATCHLIST: Reference return -1.2%, Safety 61.9/100, Risk: Low Risk","Risk Reference Prices (Current: 400.31) | Lower Warning: 380.29, Lower Danger: 360.28, Upper Warning: 420.33, Upper Danger: 440.34",WATCHLIST,-0.0175,-0.021,-0.0122,0.1273,0.6012,0.0158,0.016,0.018,-0.1873,0.536,0.464,0.002,0.0139,-0.0116,-0.0175,-0.0022,-0.021,60.3999,C,3,29.1876,20.5457,10.6665,1.1945,Defensive,Strong,Conservative,Defensive Hold,Core Allocation,Low Risk | Defensive | Strong,57.88,Suitable for lower-risk investors seeking relatively stable core exposure. Current conditions suggest a defensive stance rather than active accumulation.
ROL,MATURE,54.15,Downward,-1,1.63,75,45.49,Neutral,-0.52,Low Risk,Mediate,66.5,48.6,C+,Watchlist,Double Check,-0.231565097,"WATCHLIST: Reference return -0.5%, Safety 66.5/100, Risk: Low Risk","Risk Reference Prices (Current: 54.15) | Lower Warning: 51.44, Lower Danger: 48.74, Upper Warning: 56.86, Upper Danger: 59.57",WATCHLIST,-0.0115,-0.0498,-0.0119,0.0167,-0.0383,0.0076,0.0121,0.0118,-0.1979,0.516,0.484,-0.0001,0.0091,-0.0098,-0.0115,-0.0433,-0.0284,33.2696,E,1,5.9033,19.7626,7.6038,0.9278,Defensive,Strong,Conservative,Defensive Hold,Core Allocation,Low Risk | Defensive | Strong,62.73,Suitable for lower-risk investors seeking relatively stable core exposure. Current conditions suggest a defensive stance rather than active accumulation.
ROP,MATURE,355.23,Downward,-1,-1.12,35,62.99,Bullish,0.18,Low Risk,Mediate,40.5,14.7,D,Underweight,Conservative Allocation,-2.058948127,"WATCHLIST: Reference return 0.2%, Safety 40.5/100, Risk: Low Risk","Risk Reference Prices (Current: 355.23) | Lower Warning: 337.47, Lower Danger: 319.71, Upper Warning: 372.99, Upper Danger: 390.75",WATCHLIST,-0.0083,-0.0234,0.0035,0.0069,-0.3732,0.0127,0.0105,0.0136,-0.4559,0.512,0.488,-0.0018,0.0083,-0.0123,-0.0083,0.0052,0.0012,21.0464,E,1,5.4275,9.6052,6.0137,0.6749,Caution,Weak,Moderately Conservative,High Risk Tactical Only,Core Allocation,Low Risk | Caution | Weak,32.33,"Suitable as a relatively stable core risk asset, but current conditions require caution. Current profile is only suitable for tactical, high-risk participation."
ROST,MATURE,226.02,Upward,1,1.24,65,56.85,Neutral,1.64,Low Risk,Mediate,68.6,49.0,C+,Watchlist,Double Check,1.924538926,"WATCHLIST: Reference return 1.6%, Safety 68.6/100, Risk: Low Risk","Risk Reference Prices (Current: 226.02) | Lower Warning: 214.72, Lower Danger: 203.42, Upper Warning: 237.32, Upper Danger: 248.62",WATCHLIST,-0.0123,-0.004,0.0122,0.0702,0.6136,0.0075,0.0099,0.0141,-0.1768,0.568,0.42,0.002,0.0107,-0.0096,-0.0123,-0.0015,-0.0078,59.3119,C,3,26.3008,21.7417,11.2694,1.1118,Defensive,Strong,Conservative,Selective Exposure,Core Allocation,Low Risk | Defensive | Strong,62.24,Suitable for lower-risk investors seeking relatively stable core exposure. Current setup allows selective exposure under controlled sizing.
RCL,MATURE,259.48,Downward,-1,-0.7,35,39.21,Bearish,-1.72,Low Risk,Caution,37.1,13.6,D,Underweight,Conservative Allocation,0.446245221,"WATCHLIST: Reference return -1.7%, Safety 37.1/100, Risk: Low Risk","Risk Reference Prices (Current: 259.48) | Lower Warning: 246.51, Lower Danger: 233.53, Upper Warning: 272.45, Upper Danger: 285.43",WATCHLIST,-0.0229,-0.0036,-0.0783,-0.0158,0.151,0.0236,0.033,0.0314,-0.3236,0.5,0.5,0.0009,0.021,-0.0191,-0.0229,-0.0239,-0.0162,29.3073,E,1,11.3618,9.7097,8.2357,1.0991,Caution,Weak,Moderately Conservative,High Risk Tactical Only,Core Allocation,Low Risk | Caution | Weak,29.49,"Suitable as a relatively stable core risk asset, but current conditions require caution. Current profile is only suitable for tactical, high-risk participation."
SPGI,MATURE,424.75,Downward,-1,-0.93,35,59.99,Neutral,-0.56,Low Risk,Mediate,54.3,18.2,D,Underweight,Conservative Allocation,-0.645808857,"WATCHLIST: Reference return -0.6%, Safety 54.3/100, Risk: Low Risk","Risk Reference Prices (Current: 424.75) | Lower Warning: 403.51, Lower Danger: 382.28, Upper Warning: 445.99, Upper Danger: 467.22",WATCHLIST,-0.0031,-0.0325,-0.0012,0.0008,-0.1538,0.0045,0.0105,0.0166,-0.3048,0.536,0.46,-0.0005,0.0096,-0.0123,-0.0031,-0.0276,-0.015,24.1044,E,1,4.981,11.5455,7.5779,0.7788,Defensive,Weak,Moderately Conservative,Watch / DCA Only,Core Allocation,Low Risk | Defensive | Weak,38.39,"Suitable as a relatively stable core risk asset, but current conditions require caution. Current weakness suggests observation or gradual accumulation only."
CRM,MATURE,185.48,Downward,-1,1.1,65,54.38,Neutral,-0.4,Low Risk,Caution,25.2,36.2,C,Caution,Risk Mitigation,-1.0341021,"WATCHLIST: Reference return -0.4%, Safety 25.2/100, Risk: Low Risk","Risk Reference Prices (Current: 185.48) | Lower Warning: 176.21, Lower Danger: 166.93, Upper Warning: 194.75, Upper Danger: 204.03",WATCHLIST,0.009,0.0703,0.0827,-0.0483,-0.3146,0.0213,0.0316,0.0299,-0.4292,0.512,0.488,-0.0013,0.0147,-0.018,0.009,0.0411,0.0507,31.1861,E,1,15.9515,8.5292,6.7055,0.8154,Caution,Acceptable,Moderately Conservative,Watch / DCA Only,Core Allocation,Low Risk | Caution | Acceptable,42.62,"Suitable as a relatively stable core risk asset, but current conditions require caution. Current weakness suggests observation or gradual accumulation only."
SNDK,MATURE,1255.86,Upward,1,1.97,85,64.87,Bullish,7.38,Mediate Risk,Caution,13.4,55.9,B,Attention,Opportunity Confirmation,4.237611539,"WATCHLIST: Reference return 7.4%, Safety 13.4/100, Risk: Mediate Risk","Risk Reference Prices (Current: 1255.86) | Lower Warning: 1193.07, Lower Danger: 1130.27, Upper Warning: 1318.65, Upper Danger: 1381.45",WATCHLIST,0.058,0.3469,0.3297,0.7695,35.286,0.0507,0.0527,0.0594,-0.3134,0.592,0.408,0.0162,0.0516,-0.0351,0.058,0.2687,0.1453,70.1239,C,3,49.9976,5.0766,15.0497,1.4696,Risky,Strong,Balanced Growth,Selective Exposure,Growth Allocation,Mediate Risk | Risky | Strong,50.62,Suitable for investors seeking a balance between upside potential and manageable volatility. Current setup allows selective exposure under controlled sizing.
SBAC,MATURE,217.91,Upward,1,0.64,85,52.97,Neutral,-0.37,Low Risk,Mediate,45.1,40.2,C,Caution,Risk Mitigation,-0.238154695,"WATCHLIST: Reference return -0.4%, Safety 45.1/100, Risk: Low Risk","Risk Reference Prices (Current: 217.91) | Lower Warning: 207.01, Lower Danger: 196.12, Upper Warning: 228.81, Upper Danger: 239.7",WATCHLIST,-0.0031,-0.0077,-0.0008,0.2513,-0.0793,0.015,0.0207,0.0409,-0.3047,0.448,0.548,-0.0001,0.0139,-0.0116,-0.0031,-0.0071,-0.0149,35.6454,E,1,19.5949,8.9346,7.1159,1.1963,Caution,Strong,Moderately Conservative,Selective Exposure,Core Allocation,Low Risk | Caution | Strong,52.49,"Suitable as a relatively stable core risk asset, but current conditions require caution. Current setup allows selective exposure under controlled sizing."
SLB,MATURE,55.63,Upward,1,4.31,100,52.41,Neutral,1.08,Low Risk,Mediate,70.0,63.1,B,Attention,Opportunity Confirmation,1.65554042,"ATTENTION: Reference return 1.1%, Safety 70.0/100, Risk: Low Risk","Risk Reference Prices (Current: 55.63) | Lower Warning: 52.85, Lower Danger: 50.07, Upper Warning: 58.41, Upper Danger: 61.19",ATTENTION,-0.0227,0.0163,0.0804,0.193,0.6982,0.0178,0.0163,0.02,-0.143,0.504,0.484,0.0023,0.0179,-0.0138,-0.0227,-0.0093,-0.022,74.5272,B,4,40.0941,24.3191,10.114,1.2956,Defensive,Strong,Conservative,Selective Exposure,Core Allocation,Low Risk | Defensive | Strong,79.45,Suitable for lower-risk investors seeking relatively stable core exposure. Current setup allows selective exposure under controlled sizing.
STX,MATURE,738.54,Upward,1,1.77,85,61.95,Bullish,4.83,Low Risk,Mediate,45.5,57.4,B,Attention,Opportunity Confirmation,3.635574735,"WATCHLIST: Reference return 4.8%, Safety 45.5/100, Risk: Low Risk","Risk Reference Prices (Current: 738.54) | Lower Warning: 701.61, Lower Danger: 664.69, Upper Warning: 775.47, Upper Danger: 812.39",WATCHLIST,0.016,0.2568,0.3845,0.7991,6.9938,0.0482,0.0384,0.0417,-0.21,0.588,0.408,0.0091,0.0324,-0.0244,0.016,0.2598,0.0963,79.4398,B,4,49.996,15.6153,13.8285,1.3279,Caution,Strong,Moderately Conservative,Selective Exposure,Core Allocation,Low Risk | Caution | Strong,61.52,"Suitable as a relatively stable core risk asset, but current conditions require caution. Current setup allows selective exposure under controlled sizing."
SRE,MATURE,94.38,Upward,1,-0.42,35,50.35,Neutral,1.2,Low Risk,Safe,79.7,28.3,D,Underweight,Conservative Allocation,1.215980225,"WATCHLIST: Reference return 1.2%, Safety 79.7/100, Risk: Low Risk","Risk Reference Prices (Current: 94.38) | Lower Warning: 89.66, Lower Danger: 84.94, Upper Warning: 99.1, Upper Danger: 103.82",WATCHLIST,-0.0031,0.005,-0.0185,0.029,0.2906,0.0122,0.0114,0.0114,-0.0881,0.544,0.452,0.0011,0.0097,-0.0092,-0.0031,0.0127,-0.0078,57.4182,D,2,20.0113,27.6348,9.7721,1.049,Defensive,Acceptable,Conservative,Selective Exposure,Core Allocation,Low Risk | Defensive | Acceptable,50.62,Suitable for lower-risk investors seeking relatively stable core exposure. Current setup allows selective exposure under controlled sizing.
NOW,MATURE,91.97,Downward,-1,0.41,60,47.74,Neutral,-1.62,High Risk,Caution,0.0,23.2,D,Underweight,Conservative Allocation,-1.644339702,"WATCHLIST: Reference return -1.6%, Safety 0.0/100, Risk: High Risk","Risk Reference Prices (Current: 91.97) | Lower Warning: 87.37, Lower Danger: 82.77, Upper Warning: 96.57, Upper Danger: 101.17",WATCHLIST,0.0089,0.0848,0.0476,-0.1668,-0.5298,0.0274,0.0585,0.0497,-0.6028,0.484,0.516,-0.0026,0.0162,-0.0203,0.0089,0.02,0.0414,24.0489,E,1,13.5762,5.0706,5.4021,0.7981,Speculative,Weak,Speculative,Watch / DCA Only,Tactical Satellite Position,High Risk | Speculative | Weak,26.76,Suitable only for high-risk tactical or speculative positioning. Current weakness suggests observation or gradual accumulation only.
SHW,MATURE,310.49,Downward,-1,-1.76,10,45.21,Neutral,-0.79,Low Risk,Mediate,58.4,6.3,D,Underweight,Conservative Allocation,-0.621843195,"WATCHLIST: Reference return -0.8%, Safety 58.4/100, Risk: Low Risk","Risk Reference Prices (Current: 310.49) | Lower Warning: 294.97, Lower Danger: 279.44, Upper Warning: 326.01, Upper Danger: 341.54",WATCHLIST,-0.0236,-0.0805,-0.0693,0.0229,-0.1294,0.0158,0.019,0.0212,-0.1874,0.46,0.54,-0.0004,0.0116,-0.0107,-0.0236,-0.0806,-0.0346,30.7737,E,1,3.8879,20.3457,6.54,1.0847,Defensive,Fragile,Moderately Conservative,Avoid / Too Fragile,Core Allocation,Low Risk | Defensive | Fragile,28.95,"Suitable as a relatively stable core risk asset, but current conditions require caution. Current profile appears too fragile for normal allocation."
SPG,MATURE,201.51,Upward,1,1.21,65,51.04,Neutral,0.78,Low Risk,Safe,76.0,48.0,C+,Watchlist,Double Check,1.289962298,"WATCHLIST: Reference return 0.8%, Safety 76.0/100, Risk: Low Risk","Risk Reference Prices (Current: 201.51) | Lower Warning: 191.43, Lower Danger: 181.36, Upper Warning: 211.59, Upper Danger: 221.66",WATCHLIST,-0.0046,-0.0106,-0.0071,0.0921,0.3151,0.0112,0.0122,0.0127,-0.1154,0.524,0.476,0.0012,0.0099,-0.0085,-0.0046,0.0017,-0.0108,61.6325,C,3,25.2787,26.4093,9.9445,1.1731,Defensive,Strong,Conservative,Selective Exposure,Core Allocation,Low Risk | Defensive | Strong,63.88,Suitable for lower-risk investors seeking relatively stable core exposure. Current setup allows selective exposure under controlled sizing.
SWKS,MATURE,68.85,Upward,1,1.43,85,54.43,Neutral,0.68,Low Risk,Caution,34.3,45.4,C+,Watchlist,Double Check,0.300074234,"WATCHLIST: Reference return 0.7%, Safety 34.3/100, Risk: Low Risk","Risk Reference Prices (Current: 68.85) | Lower Warning: 65.41, Lower Danger: 61.96, Upper Warning: 72.29, Upper Danger: 75.74",WATCHLIST,-0.0079,0.1186,0.202,0.2647,0.0865,0.0505,0.0352,0.0286,-0.3524,0.496,0.504,0.0006,0.0165,-0.0151,-0.0079,0.0817,-0.0188,56.4898,D,2,39.0936,9.3736,8.0226,1.0944,Caution,Strong,Moderately Conservative,Selective Exposure,Core Allocation,Low Risk | Caution | Strong,52.39,"Suitable as a relatively stable core risk asset, but current conditions require caution. Current setup allows selective exposure under controlled sizing."
SJM,MATURE,96.91,Downward,-1,1.6,75,43.62,Neutral,-0.24,Low Risk,Mediate,63.0,47.4,C+,Watchlist,Double Check,-0.398230276,"WATCHLIST: Reference return -0.2%, Safety 63.0/100, Risk: Low Risk","Risk Reference Prices (Current: 96.91) | Lower Warning: 92.06, Lower Danger: 87.22, Upper Warning: 101.76, Upper Danger: 106.6",WATCHLIST,-0.0006,0.0075,0.051,-0.0248,-0.1149,0.0148,0.0121,0.0127,-0.2282,0.48,0.516,-0.0003,0.0125,-0.0123,-0.0006,0.0087,-0.0114,33.3568,E,1,9.8171,16.7715,6.7682,1.0224,Defensive,Strong,Conservative,Defensive Hold,Core Allocation,Low Risk | Defensive | Strong,60.88,Suitable for lower-risk investors seeking relatively stable core exposure. Current conditions suggest a defensive stance rather than active accumulation.
SW,MATURE,37.97,Downward,-1,-2.2,20,42.64,Neutral,-1.63,Low Risk,Mediate,40.2,2.4,D,Underweight,Conservative Allocation,0.062150678,"WATCHLIST: Reference return -1.6%, Safety 40.2/100, Risk: Low Risk","Risk Reference Prices (Current: 37.97) | Lower Warning: 36.07, Lower Danger: 34.17, Upper Warning: 39.87, Upper Danger: 41.77",WATCHLIST,-0.037,-0.0629,-0.0981,0.0486,-0.0144,0.0239,0.0238,0.0292,-0.3221,0.48,0.52,0.0003,0.0188,-0.0169,-0.037,-0.0498,-0.0109,24.562,E,1,7.0183,10.0073,7.5364,1.1151,Caution,Fragile,Moderately Conservative,Avoid / Too Fragile,Core Allocation,Low Risk | Caution | Fragile,21.55,"Suitable as a relatively stable core risk asset, but current conditions require caution. Current profile appears too fragile for normal allocation."
SNA,MATURE,372.12,Upward,1,1.14,65,50.12,Neutral,0.09,Low Risk,Safe,72.5,45.5,C+,Watchlist,Double Check,0.864218466,"WATCHLIST: Reference return 0.1%, Safety 72.5/100, Risk: Low Risk","Risk Reference Prices (Current: 372.12) | Lower Warning: 353.51, Lower Danger: 334.91, Upper Warning: 390.73, Upper Danger: 409.33",WATCHLIST,-0.0217,-0.0477,-0.0152,0.0426,0.2183,0.0181,0.0199,0.0167,-0.0847,0.5,0.5,0.0009,0.0106,-0.0088,-0.0217,-0.0166,-0.0294,53.1341,D,2,16.5011,27.5369,9.0961,1.1985,Defensive,Strong,Conservative,Selective Exposure,Core Allocation,Low Risk | Defensive | Strong,61.64,Suitable for lower-risk investors seeking relatively stable core exposure. Current setup allows selective exposure under controlled sizing.
SOLV,MATURE,67.44,Downward,-1,0.83,50,46.98,Neutral,-1.49,Low Risk,Mediate,54.5,35.8,C,Caution,Risk Mitigation,0.02866297,"WATCHLIST: Reference return -1.5%, Safety 54.5/100, Risk: Low Risk","Risk Reference Prices (Current: 67.44) | Lower Warning: 64.07, Lower Danger: 60.7, Upper Warning: 70.81, Upper Danger: 74.18",WATCHLIST,0.0122,-0.022,-0.0229,0.0252,0.0082,0.0184,0.0149,0.018,-0.2746,0.496,0.504,0.0002,0.0134,-0.0128,0.0122,-0.0158,0.0012,28.3365,E,1,7.7579,12.957,7.6217,1.0461,Defensive,Acceptable,Moderately Conservative,Watch / DCA Only,Core Allocation,Low Risk | Defensive | Acceptable,49.09,"Suitable as a relatively stable core risk asset, but current conditions require caution. Current weakness suggests observation or gradual accumulation only."
SO,MATURE,95.99,Upward,1,0.96,50,48.7,Neutral,0.77,Low Risk,Safe,73.1,42.1,C,Caution,Risk Mitigation,0.361129447,"WATCHLIST: Reference return 0.8%, Safety 73.1/100, Risk: Low Risk","Risk Reference Prices (Current: 95.99) | Lower Warning: 91.19, Lower Danger: 86.39, Upper Warning: 100.79, Upper Danger: 105.59",WATCHLIST,-0.0074,0.0221,0.0003,0.0278,0.0889,0.0148,0.0138,0.0104,-0.1499,0.528,0.468,0.0004,0.0078,-0.0079,-0.0074,0.0267,-0.0073,46.9764,D,2,14.2236,24.2259,8.5269,0.9804,Defensive,Strong,Conservative,Selective Exposure,Core Allocation,Low Risk | Defensive | Strong,57.98,Suitable for lower-risk investors seeking relatively stable core exposure. Current setup allows selective exposure under controlled sizing.
LUV,MATURE,38.35,Downward,-1,-0.63,35,38.48,Bearish,-3.17,Low Risk,Caution,35.1,13.7,D,Underweight,Conservative Allocation,0.72924085,"WATCHLIST: Reference return -3.2%, Safety 35.1/100, Risk: Low Risk","Risk Reference Prices (Current: 38.35) | Lower Warning: 36.43, Lower Danger: 34.52, Upper Warning: 40.27, Upper Danger: 42.18",WATCHLIST,-0.0106,0.0159,-0.0705,-0.0269,0.3007,0.0271,0.0297,0.0298,-0.3349,0.52,0.48,0.0014,0.0196,-0.0182,-0.0106,-0.0279,0.0113,36.4225,E,1,17.9086,9.6056,8.9083,1.0732,Caution,Weak,Moderately Conservative,High Risk Tactical Only,Core Allocation,Low Risk | Caution | Weak,28.92,"Suitable as a relatively stable core risk asset, but current conditions require caution. Current profile is only suitable for tactical, high-risk participation."
SWK,MATURE,74.87,Downward,-1,2.64,65,45.72,Neutral,-0.98,Low Risk,Mediate,41.4,45.5,C+,Watchlist,Double Check,0.762278461,"WATCHLIST: Reference return -1.0%, Safety 41.4/100, Risk: Low Risk","Risk Reference Prices (Current: 74.87) | Lower Warning: 71.13, Lower Danger: 67.38, Upper Warning: 78.61, Upper Danger: 82.36",WATCHLIST,-0.0466,-0.015,0.0371,0.1128,0.3059,0.0322,0.0353,0.031,-0.2614,0.484,0.512,0.0014,0.0207,-0.0169,-0.0466,-0.0231,-0.0421,50.5926,D,2,29.175,12.7349,8.6827,1.2284,Caution,Strong,Moderately Conservative,Watch / DCA Only,Core Allocation,Low Risk | Caution | Strong,54.06,"Suitable as a relatively stable core risk asset, but current conditions require caution. Current weakness suggests observation or gradual accumulation only."
SBUX,MATURE,104.97,Upward,1,2.81,65,51.7,Neutral,1.11,Low Risk,Mediate,60.5,52.4,C+,Watchlist,Double Check,0.95707832,"WATCHLIST: Reference return 1.1%, Safety 60.5/100, Risk: Low Risk","Risk Reference Prices (Current: 104.97) | Lower Warning: 99.72, Lower Danger: 94.47, Upper Warning: 110.22, Upper Danger: 115.47",WATCHLIST,-0.0088,0.0546,0.066,0.1342,0.3209,0.0341,0.0247,0.0228,-0.1853,0.492,0.508,0.0013,0.0157,-0.0127,-0.0088,0.0638,-0.0034,67.9589,C,3,38.4181,20.4377,9.103,1.2386,Defensive,Strong,Conservative,Selective Exposure,Core Allocation,Low Risk | Defensive | Strong,63.84,Suitable for lower-risk investors seeking relatively stable core exposure. Current setup allows selective exposure under controlled sizing.
STT,MATURE,148.08,Upward,1,1.75,85,58.28,Neutral,0.94,Low Risk,Safe,71.7,55.7,B,Attention,Opportunity Confirmation,2.079350647,"WATCHLIST: Reference return 0.9%, Safety 71.7/100, Risk: Low Risk","Risk Reference Prices (Current: 148.08) | Lower Warning: 140.68, Lower Danger: 133.27, Upper Warning: 155.48, Upper Danger: 162.89",WATCHLIST,-0.0258,-0.021,0.0444,0.2222,0.6808,0.0161,0.0172,0.016,-0.1179,0.616,0.384,0.0022,0.0115,-0.0127,-0.0258,-0.0176,-0.0311,72.8331,B,4,35.5796,26.1397,11.1138,0.9044,Defensive,Strong,Conservative,Selective Exposure,Core Allocation,Low Risk | Defensive | Strong,69.76,Suitable for lower-risk investors seeking relatively stable core exposure. Current setup allows selective exposure under controlled sizing.
STLD,MATURE,229.82,Upward,1,1.89,85,53.27,Neutral,2.8,Low Risk,Mediate,59.3,56.2,B,Attention,Opportunity Confirmation,1.695660735,"WATCHLIST: Reference return 2.8%, Safety 59.3/100, Risk: Low Risk","Risk Reference Prices (Current: 229.82) | Lower Warning: 218.33, Lower Danger: 206.84, Upper Warning: 241.31, Upper Danger: 252.8",WATCHLIST,0.0024,0.0212,0.1768,0.4061,0.7498,0.0103,0.0202,0.0208,-0.2033,0.54,0.46,0.0025,0.0176,-0.0153,0.0024,0.0134,0.0051,73.2608,B,4,44.0018,18.7919,10.467,1.1515,Defensive,Strong,Moderately Conservative,Selective Exposure,Core Allocation,Low Risk | Defensive | Strong,65.42,"Suitable as a relatively stable core risk asset, but current conditions require caution. Current setup allows selective exposure under controlled sizing."
STE,MATURE,212.25,Downward,-1,-2.23,20,49.14,Neutral,-0.28,Low Risk,Mediate,63.1,7.9,D,Underweight,Conservative Allocation,-0.235740491,"WATCHLIST: Reference return -0.3%, Safety 63.1/100, Risk: Low Risk","Risk Reference Prices (Current: 212.25) | Lower Warning: 201.64, Lower Danger: 191.02, Upper Warning: 222.86, Upper Danger: 233.48",WATCHLIST,-0.01,-0.0504,-0.056,-0.0354,-0.0466,0.0157,0.0173,0.0138,-0.2079,0.484,0.512,-0.0001,0.0107,-0.0102,-0.01,-0.0431,-0.0213,28.8361,E,1,3.0544,18.6848,7.0969,1.0433,Defensive,Fragile,Conservative,Avoid / Too Fragile,Core Allocation,Low Risk | Defensive | Fragile,31.79,Suitable for lower-risk investors seeking relatively stable core exposure. Current profile appears too fragile for normal allocation.
SYK,MATURE,290.88,Downward,-1,-1.42,30,44.61,Neutral,-0.28,Low Risk,Mediate,52.8,11.0,D,Underweight,Conservative Allocation,-1.335261351,"WATCHLIST: Reference return -0.3%, Safety 52.8/100, Risk: Low Risk","Risk Reference Prices (Current: 290.88) | Lower Warning: 276.34, Lower Danger: 261.79, Upper Warning: 305.42, Upper Danger: 319.97",WATCHLIST,-0.0131,-0.1176,-0.159,-0.1311,-0.2299,0.0231,0.0197,0.0172,-0.2738,0.456,0.54,-0.001,0.0095,-0.0098,-0.0131,-0.1118,-0.077,18.8474,E,1,0.3073,13.0474,5.4927,0.9702,Defensive,Weak,Moderately Conservative,High Risk Tactical Only,Core Allocation,Low Risk | Defensive | Weak,32.19,"Suitable as a relatively stable core risk asset, but current conditions require caution. Current profile is only suitable for tactical, high-risk participation."
SMCI,MATURE,27.92,Downward,-1,2.44,65,47.98,Neutral,0.31,High Risk,Caution,0.0,37.5,C,Caution,Risk Mitigation,0.1579832,"WATCHLIST: Reference return 0.3%, Safety 0.0/100, Risk: High Risk","Risk Reference Prices (Current: 27.92) | Lower Warning: 26.52, Lower Danger: 25.13, Upper Warning: 29.32, Upper Danger: 30.71",WATCHLIST,0.0306,0.0437,0.0265,0.36,-0.1321,0.0473,0.0423,0.0456,-0.6618,0.48,0.516,0.0006,0.0346,-0.0309,0.0306,-0.0399,0.019,38.4015,E,1,24.9622,5.8798,7.5595,1.1178,Speculative,Acceptable,Balanced Aggressive,Watch / DCA Only,Growth Allocation,High Risk | Speculative | Acceptable,36.9,Suitable for investors willing to accept higher volatility in exchange for stronger growth potential. Current weakness suggests observation or gradual accumulation only.
SYF,MATURE,74.24,Downward,-1,1.44,60,56.33,Neutral,-0.2,Low Risk,Mediate,53.6,43.5,C,Caution,Risk Mitigation,1.105027512,"WATCHLIST: Reference return -0.2%, Safety 53.6/100, Risk: Low Risk","Risk Reference Prices (Current: 74.24) | Lower Warning: 70.53, Lower Danger: 66.82, Upper Warning: 77.95, Upper Danger: 81.66",WATCHLIST,-0.0201,-0.0311,-0.0173,0.1216,0.387,0.0117,0.0173,0.0171,-0.2761,0.544,0.456,0.0015,0.0144,-0.0139,-0.0201,-0.027,-0.0257,50.0589,D,2,27.4854,12.9083,9.6652,1.0358,Defensive,Strong,Moderately Conservative,Watch / DCA Only,Core Allocation,Low Risk | Defensive | Strong,55.04,"Suitable as a relatively stable core risk asset, but current conditions require caution. Current weakness suggests observation or gradual accumulation only."
SNPS,MATURE,497.5,Downward,-1,2.58,50,60.66,Neutral,1.55,Low Risk,Caution,26.6,44.2,C,Caution,Risk Mitigation,0.32111153,"WATCHLIST: Reference return 1.6%, Safety 26.6/100, Risk: Low Risk","Risk Reference Prices (Current: 497.50) | Lower Warning: 472.62, Lower Danger: 447.75, Upper Warning: 522.38, Upper Danger: 547.25",WATCHLIST,0.0173,0.089,0.1879,0.1836,0.0421,0.0398,0.0329,0.0314,-0.4104,0.524,0.476,0.0009,0.0205,-0.0207,0.0173,-0.0066,0.0309,52.7588,D,2,35.8955,8.4467,8.4165,0.9894,Caution,Strong,Moderately Conservative,Watch / DCA Only,Core Allocation,Low Risk | Caution | Strong,47.59,"Suitable as a relatively stable core risk asset, but current conditions require caution. Current weakness suggests observation or gradual accumulation only."
SYY,MATURE,72.49,Downward,-1,2.21,50,39.73,Bearish,-0.08,Low Risk,Mediate,60.2,44.0,C,Caution,Risk Mitigation,0.192208873,"WATCHLIST: Reference return -0.1%, Safety 60.2/100, Risk: Low Risk","Risk Reference Prices (Current: 72.49) | Lower Warning: 68.87, Lower Danger: 65.24, Upper Warning: 76.11, Upper Danger: 79.74",WATCHLIST,-0.0211,-0.0438,-0.0209,-0.102,0.0558,0.0156,0.0154,0.0322,-0.2398,0.5,0.496,0.0004,0.0109,-0.0102,-0.0211,-0.0532,-0.0297,27.8037,E,1,5.5863,14.2836,7.9338,1.0631,Defensive,Strong,Conservative,Defensive Hold,Core Allocation,Low Risk | Defensive | Strong,56.27,Suitable for lower-risk investors seeking relatively stable core exposure. Current conditions suggest a defensive stance rather than active accumulation.
TMUS,MATURE,194.42,Downward,-1,0.29,50,41.21,Neutral,-0.06,Low Risk,Mediate,47.9,28.6,D,Underweight,Conservative Allocation,-0.966372076,"WATCHLIST: Reference return -0.1%, Safety 47.9/100, Risk: Low Risk","Risk Reference Prices (Current: 194.42) | Lower Warning: 184.7, Lower Danger: 174.98, Upper Warning: 204.14, Upper Danger: 213.86",WATCHLIST,-0.0084,0.0018,0.0233,-0.0674,-0.2036,0.0325,0.0273,0.0206,-0.2851,0.496,0.504,-0.0008,0.011,-0.0124,-0.0084,0.0243,-0.0055,25.0515,E,1,6.3906,12.2129,6.4479,0.8878,Caution,Acceptable,Moderately Conservative,Watch / DCA Only,Core Allocation,Low Risk | Caution | Acceptable,42.69,"Suitable as a relatively stable core risk asset, but current conditions require caution. Current weakness suggests observation or gradual accumulation only."
TROW,MATURE,103.08,Downward,-1,1.58,70,59.01,Neutral,0.66,Low Risk,Mediate,67.9,50.7,C+,Watchlist,Double Check,0.67277736,"WATCHLIST: Reference return 0.7%, Safety 67.9/100, Risk: Low Risk","Risk Reference Prices (Current: 103.08) | Lower Warning: 97.93, Lower Danger: 92.77, Upper Warning: 108.23, Upper Danger: 113.39",WATCHLIST,-0.0033,0.0361,0.0755,0.196,0.1883,0.0131,0.0105,0.0121,-0.1976,0.532,0.468,0.0008,0.0115,-0.0113,-0.0033,0.0406,0.0019,64.5141,C,3,35.7676,19.7852,8.9613,1.0135,Defensive,Strong,Conservative,Defensive Hold,Core Allocation,Low Risk | Defensive | Strong,64.33,Suitable for lower-risk investors seeking relatively stable core exposure. Current conditions suggest a defensive stance rather than active accumulation.
TTWO,MATURE,225.18,Downward,-1,1.7,40,60.38,Neutral,-0.22,Low Risk,Mediate,53.1,41.5,C,Caution,Risk Mitigation,0.002220616,"WATCHLIST: Reference return -0.2%, Safety 53.1/100, Risk: Low Risk","Risk Reference Prices (Current: 225.18) | Lower Warning: 213.92, Lower Danger: 202.66, Upper Warning: 236.44, Upper Danger: 247.7",WATCHLIST,0.0424,0.0728,0.0979,0.1224,-0.0006,0.0163,0.0209,0.0201,-0.2768,0.5,0.5,0.0002,0.0128,-0.0125,0.0424,0.0685,0.0534,49.8395,D,2,29.5046,12.7038,7.6311,1.0258,Defensive,Strong,Moderately Conservative,Watch / DCA Only,Core Allocation,Low Risk | Defensive | Strong,52.32,"Suitable as a relatively stable core risk asset, but current conditions require caution. Current weakness suggests observation or gradual accumulation only."
TPR,MATURE,139.74,Upward,1,-0.43,35,45.55,Neutral,-0.38,Low Risk,Mediate,60.2,21.6,D,Underweight,Conservative Allocation,1.800389817,"WATCHLIST: Reference return -0.4%, Safety 60.2/100, Risk: Low Risk","Risk Reference Prices (Current: 139.74) | Lower Warning: 132.75, Lower Danger: 125.77, Upper Warning: 146.73, Upper Danger: 153.71",WATCHLIST,-0.021,-0.0458,-0.0738,-0.0081,0.9343,0.0162,0.0178,0.0233,-0.1571,0.568,0.432,0.0029,0.0177,-0.0165,-0.021,-0.0422,-0.0365,51.3316,D,2,17.3878,22.9845,10.9594,1.0751,Defensive,Weak,Conservative,Selective Exposure,Core Allocation,Low Risk | Defensive | Weak,41.28,Suitable for lower-risk investors seeking relatively stable core exposure. Current setup allows selective exposure under controlled sizing.
TRGP,MATURE,258.98,Upward,1,2.59,65,48.02,Neutral,1.9,Low Risk,Mediate,65.7,53.7,C+,Watchlist,Double Check,1.9089453,"WATCHLIST: Reference return 1.9%, Safety 65.7/100, Risk: Low Risk","Risk Reference Prices (Current: 258.98) | Lower Warning: 246.03, Lower Danger: 233.08, Upper Warning: 271.93, Upper Danger: 284.88",WATCHLIST,0.0185,0.0849,0.0878,0.0963,0.6739,0.0216,0.0184,0.0167,-0.163,0.556,0.444,0.0022,0.0142,-0.0128,0.0185,0.0814,-0.0042,73.9388,B,4,40.2699,22.8912,10.7777,1.1092,Defensive,Strong,Conservative,Selective Exposure,Core Allocation,Low Risk | Defensive | Strong,65.13,Suitable for lower-risk investors seeking relatively stable core exposure. Current setup allows selective exposure under controlled sizing.
TGT,MATURE,127.76,Upward,1,1.52,75,53.67,Neutral,1.13,Low Risk,Mediate,61.5,50.1,C+,Watchlist,Double Check,1.188232133,"WATCHLIST: Reference return 1.1%, Safety 61.5/100, Risk: Low Risk","Risk Reference Prices (Current: 127.76) | Lower Warning: 121.37, Lower Danger: 114.98, Upper Warning: 134.15, Upper Danger: 140.54",WATCHLIST,-0.0088,-0.0185,0.0689,0.128,0.4211,0.0114,0.0153,0.0161,-0.2027,0.54,0.452,0.0016,0.0153,-0.0148,-0.0088,-0.0116,-0.0153,62.4911,C,3,33.8961,19.1053,9.4897,1.0355,Defensive,Strong,Conservative,Selective Exposure,Core Allocation,Low Risk | Defensive | Strong,61.97,Suitable for lower-risk investors seeking relatively stable core exposure. Current setup allows selective exposure under controlled sizing.
TEL,MATURE,205.28,Downward,-1,-0.83,45,50.02,Neutral,0.48,Low Risk,Mediate,48.0,19.0,D,Underweight,Conservative Allocation,1.044337985,"WATCHLIST: Reference return 0.5%, Safety 48.0/100, Risk: Low Risk","Risk Reference Prices (Current: 205.28) | Lower Warning: 195.02, Lower Danger: 184.75, Upper Warning: 215.54, Upper Danger: 225.81",WATCHLIST,-0.0104,-0.0572,-0.1334,0.0482,0.385,0.0201,0.0308,0.0289,-0.2111,0.584,0.416,0.0015,0.0133,-0.015,-0.0104,-0.0437,-0.0301,46.7444,D,2,19.3153,17.3383,10.0908,0.8849,Caution,Weak,Moderately Conservative,Watch / DCA Only,Core Allocation,Low Risk | Caution | Weak,37.18,"Suitable as a relatively stable core risk asset, but current conditions require caution. Current weakness suggests observation or gradual accumulation only."
TDY,MATURE,637.58,Upward,1,1.17,65,44.85,Neutral,-0.44,Low Risk,Mediate,65.4,43.3,C,Caution,Risk Mitigation,1.181835272,"WATCHLIST: Reference return -0.4%, Safety 65.4/100, Risk: Low Risk","Risk Reference Prices (Current: 637.58) | Lower Warning: 605.7, Lower Danger: 573.82, Upper Warning: 669.46, Upper Danger: 701.34",WATCHLIST,-0.0043,-0.0217,-0.0155,0.0347,0.3319,0.0158,0.0145,0.0174,-0.1839,0.532,0.468,0.0013,0.0111,-0.01,-0.0043,-0.0171,-0.0128,50.4985,D,2,19.7739,20.9135,9.8111,1.1163,Defensive,Strong,Conservative,Selective Exposure,Core Allocation,Low Risk | Defensive | Strong,58.04,Suitable for lower-risk investors seeking relatively stable core exposure. Current setup allows selective exposure under controlled sizing.
TER,MATURE,337.44,Upward,1,1.53,75,55.38,Neutral,2.1,Mediate Risk,Caution,9.5,41.6,C,Caution,Risk Mitigation,2.652448186,"WATCHLIST: Reference return 2.1%, Safety 9.5/100, Risk: Mediate Risk","Risk Reference Prices (Current: 337.44) | Lower Warning: 320.57, Lower Danger: 303.7, Upper Warning: 354.31, Upper Danger: 371.18",WATCHLIST,-0.0231,-0.1585,-0.0768,0.1603,3.4895,0.0969,0.0695,0.0589,-0.2673,0.58,0.42,0.0068,0.0288,-0.0235,-0.0231,-0.1929,-0.0176,48.5318,D,2,28.454,7.4198,12.658,1.2221,Speculative,Strong,Balanced Growth,Selective Exposure,Growth Allocation,Mediate Risk | Speculative | Strong,41.42,Suitable for investors seeking a balance between upside potential and manageable volatility. Current setup allows selective exposure under controlled sizing.
TSLA,MATURE,392.51,Downward,-1,2.91,65,47.11,Neutral,-1.52,Low Risk,Mediate,45.8,47.2,C+,Watchlist,Double Check,0.871536623,"WATCHLIST: Reference return -1.5%, Safety 45.8/100, Risk: Low Risk","Risk Reference Prices (Current: 392.51) | Lower Warning: 372.88, Lower Danger: 353.26, Upper Warning: 412.14, Upper Danger: 431.76",WATCHLIST,0.0043,0.0503,0.0777,0.0667,0.4005,0.013,0.0272,0.0273,-0.2993,0.532,0.468,0.0018,0.0232,-0.0225,0.0043,0.0431,0.0285,54.3364,D,2,34.2302,11.0181,9.088,1.0294,Caution,Strong,Moderately Conservative,Watch / DCA Only,Core Allocation,Low Risk | Caution | Strong,56.93,"Suitable as a relatively stable core risk asset, but current conditions require caution. Current weakness suggests observation or gradual accumulation only."
TXN,MATURE,280.89,Upward,1,1.72,85,53.77,Neutral,-0.07,Low Risk,Caution,24.3,43.9,C,Caution,Risk Mitigation,1.555224144,"WATCHLIST: Reference return -0.1%, Safety 24.3/100, Risk: Low Risk","Risk Reference Prices (Current: 280.89) | Lower Warning: 266.85, Lower Danger: 252.8, Upper Warning: 294.93, Upper Danger: 308.98",WATCHLIST,-0.0005,-0.0047,0.2834,0.5006,0.7689,0.0243,0.0545,0.0396,-0.2957,0.52,0.468,0.0026,0.017,-0.0134,-0.0005,0.0135,-0.0007,62.4202,C,3,42.2677,9.5406,10.6119,1.2703,Risky,Strong,Moderately Conservative,Selective Exposure,Core Allocation,Low Risk | Risky | Strong,49.1,"Suitable as a relatively stable core risk asset, but current conditions require caution. Current setup allows selective exposure under controlled sizing."
TPL,MATURE,432.83,Upward,1,4.34,100,48.37,Neutral,1.06,Low Risk,Caution,14.8,51.5,C+,Watchlist,Double Check,0.119988826,"ATTENTION: Reference return 1.1%, Safety 14.8/100, Risk: Low Risk","Risk Reference Prices (Current: 432.83) | Lower Warning: 411.19, Lower Danger: 389.55, Upper Warning: 454.47, Upper Danger: 476.11",ATTENTION,-0.0018,-0.0144,0.05,-0.1667,-0.0114,0.0139,0.0142,0.0411,-0.4234,0.524,0.476,0.0004,0.0196,-0.0208,-0.0018,-0.0139,-0.0244,23.6852,E,1,8.6699,6.9425,8.0728,0.9432,Risky,Strong,Moderately Conservative,Selective Exposure,Core Allocation,Low Risk | Risky | Strong,56.32,"Suitable as a relatively stable core risk asset, but current conditions require caution. Current setup allows selective exposure under controlled sizing."
TXT,MATURE,90.94,Downward,-1,2.66,65,46.03,Neutral,-0.58,Low Risk,Mediate,61.3,49.6,C+,Watchlist,Double Check,0.969146801,"WATCHLIST: Reference return -0.6%, Safety 61.3/100, Risk: Low Risk","Risk Reference Prices (Current: 90.94) | Lower Warning: 86.39, Lower Danger: 81.85, Upper Warning: 95.49, Upper Danger: 100.03",WATCHLIST,-0.0399,0.0063,-0.0185,0.0244,0.2913,0.0356,0.0259,0.0211,-0.1469,0.536,0.46,0.0012,0.0121,-0.0115,-0.0399,0.0339,-0.0523,53.1964,D,2,19.8439,23.9592,9.3933,1.0453,Defensive,Strong,Conservative,Defensive Hold,Core Allocation,Low Risk | Defensive | Strong,62.34,Suitable for lower-risk investors seeking relatively stable core exposure. Current conditions suggest a defensive stance rather than active accumulation.
TMO,MATURE,462.6,Downward,-1,-2.06,20,51.34,Neutral,-0.2,Low Risk,Mediate,44.8,5.2,D,Underweight,Conservative Allocation,0.332521783,"WATCHLIST: Reference return -0.2%, Safety 44.8/100, Risk: Low Risk","Risk Reference Prices (Current: 462.60) | Lower Warning: 439.47, Lower Danger: 416.34, Upper Warning: 485.73, Upper Danger: 508.86",WATCHLIST,-0.0141,-0.0088,-0.1226,-0.0249,0.0995,0.0158,0.0286,0.0244,-0.2759,0.5,0.5,0.0006,0.0146,-0.0135,-0.0141,-0.0151,-0.0342,28.9917,E,1,8.4155,12.4559,8.1204,1.0854,Caution,Fragile,Moderately Conservative,Avoid / Too Fragile,Core Allocation,Low Risk | Caution | Fragile,25.22,"Suitable as a relatively stable core risk asset, but current conditions require caution. Current profile appears too fragile for normal allocation."
TJX,MATURE,154.64,Upward,1,-0.43,35,50.28,Neutral,0.14,Low Risk,Safe,76.4,25.8,D,Underweight,Conservative Allocation,0.996715624,"WATCHLIST: Reference return 0.1%, Safety 76.4/100, Risk: Low Risk","Risk Reference Prices (Current: 154.64) | Lower Warning: 146.91, Lower Danger: 139.18, Upper Warning: 162.37, Upper Danger: 170.1",WATCHLIST,-0.014,-0.0234,-0.0352,-0.0022,0.2139,0.0067,0.0089,0.0134,-0.1013,0.496,0.5,0.0008,0.0092,-0.0075,-0.014,-0.0152,-0.0135,50.2756,D,2,14.0036,27.0529,9.2191,1.2323,Defensive,Acceptable,Conservative,Selective Exposure,Core Allocation,Low Risk | Defensive | Acceptable,48.68,Suitable for lower-risk investors seeking relatively stable core exposure. Current setup allows selective exposure under controlled sizing.
TKO,MATURE,186.0,Downward,-1,1.21,60,43.31,Neutral,-0.8,Low Risk,Mediate,67.6,42.8,C,Caution,Risk Mitigation,0.423058405,"WATCHLIST: Reference return -0.8%, Safety 67.6/100, Risk: Low Risk","Risk Reference Prices (Current: 186.00) | Lower Warning: 176.7, Lower Danger: 167.4, Upper Warning: 195.3, Upper Danger: 204.6",WATCHLIST,0.0003,-0.0014,-0.048,-0.0126,0.1305,0.0067,0.0147,0.0173,-0.1828,0.528,0.46,0.0007,0.0137,-0.0143,0.0003,-0.0027,-0.0005,40.3809,E,1,10.974,21.0219,8.385,0.9614,Defensive,Strong,Conservative,Defensive Hold,Core Allocation,Low Risk | Defensive | Strong,57.86,Suitable for lower-risk investors seeking relatively stable core exposure. Current conditions suggest a defensive stance rather than active accumulation.
TTD,MATURE,24.1,Downward,-1,1.1,65,49.08,Neutral,-1.3,High Risk,Caution,0.0,30.4,D,Underweight,Conservative Allocation,-0.960039632,"WATCHLIST: Reference return -1.3%, Safety 0.0/100, Risk: High Risk","Risk Reference Prices (Current: 24.10) | Lower Warning: 22.9, Lower Danger: 21.69, Upper Warning: 25.31, Upper Danger: 26.51",WATCHLIST,-0.0058,0.0654,0.1465,-0.0004,-0.5658,0.0373,0.0393,0.0369,-0.7762,0.488,0.5,-0.0024,0.023,-0.0272,-0.0058,0.0054,0.0216,32.2545,E,1,19.0066,7.4017,5.8461,0.8462,Speculative,Acceptable,Balanced Aggressive,Watch / DCA Only,Growth Allocation,High Risk | Speculative | Acceptable,31.53,Suitable for investors willing to accept higher volatility in exchange for stronger growth potential. Current weakness suggests observation or gradual accumulation only.
TSCO,MATURE,32.31,Downward,-1,-1.72,40,34.36,Bearish,-2.36,Low Risk,Caution,20.7,3.4,D,Underweight,Conservative Allocation,-1.505308069,"WATCHLIST: Reference return -2.4%, Safety 20.7/100, Risk: Low Risk","Risk Reference Prices (Current: 32.31) | Lower Warning: 30.69, Lower Danger: 29.08, Upper Warning: 33.93, Upper Danger: 35.54",WATCHLIST,-0.0449,-0.1535,-0.2823,-0.2941,-0.3585,0.0199,0.032,0.0281,-0.4797,0.468,0.532,-0.0016,0.0129,-0.0143,-0.0449,-0.1206,-0.0795,14.0469,E,1,0.0515,8.5992,5.3962,0.898,Risky,Fragile,Moderately Conservative,Avoid / Too Fragile,Core Allocation,Low Risk | Risky | Fragile,18.4,"Suitable as a relatively stable core risk asset, but current conditions require caution. Current profile appears too fragile for normal allocation."
TT,MATURE,486.5,Upward,1,4.13,100,50.81,Neutral,0.4,Low Risk,Mediate,64.0,60.5,B,Attention,Opportunity Confirmation,0.73265002,"ATTENTION: Reference return 0.4%, Safety 64.0/100, Risk: Low Risk","Risk Reference Prices (Current: 486.50) | Lower Warning: 462.17, Lower Danger: 437.85, Upper Warning: 510.83, Upper Danger: 535.15",ATTENTION,0.0,0.002,0.0339,0.1855,0.2158,0.0131,0.0146,0.0203,-0.2016,0.524,0.476,0.0009,0.0118,-0.0111,0.0,0.0002,-0.0123,58.8787,C,3,30.8574,18.9932,9.028,1.0659,Defensive,Strong,Conservative,Selective Exposure,Core Allocation,Low Risk | Defensive | Strong,75.96,Suitable for lower-risk investors seeking relatively stable core exposure. Current setup allows selective exposure under controlled sizing.
TDG,MATURE,1149.72,Downward,-1,-1.38,45,43.55,Neutral,-0.69,Low Risk,Mediate,49.3,13.4,D,Underweight,Conservative Allocation,-0.675813829,"WATCHLIST: Reference return -0.7%, Safety 49.3/100, Risk: Low Risk","Risk Reference Prices (Current: 1149.72) | Lower Warning: 1092.23, Lower Danger: 1034.75, Upper Warning: 1207.21, Upper Danger: 1264.69",WATCHLIST,-0.0041,-0.0138,-0.1133,-0.0235,-0.1656,0.0105,0.0211,0.022,-0.253,0.52,0.48,-0.0006,0.0105,-0.0126,-0.0041,0.0013,-0.0088,24.6017,E,1,3.2333,14.1849,7.1836,0.8356,Caution,Weak,Moderately Conservative,High Risk Tactical Only,Core Allocation,Low Risk | Caution | Weak,33.93,"Suitable as a relatively stable core risk asset, but current conditions require caution. Current profile is only suitable for tactical, high-risk participation."
TRV,MATURE,301.53,Upward,1,2.64,80,52.3,Neutral,0.65,Low Risk,Safe,78.5,58.0,B,Attention,Opportunity Confirmation,0.614004097,"ATTENTION: Reference return 0.7%, Safety 78.5/100, Risk: Low Risk","Risk Reference Prices (Current: 301.53) | Lower Warning: 286.45, Lower Danger: 271.38, Upper Warning: 316.61, Upper Danger: 331.68",ATTENTION,-0.0105,-0.0189,0.0065,0.0166,0.1449,0.0155,0.0121,0.0122,-0.0893,0.508,0.492,0.0006,0.0092,-0.0083,-0.0105,-0.004,-0.0118,49.7602,D,2,13.4866,27.5666,8.707,1.113,Defensive,Strong,Conservative,Selective Exposure,Core Allocation,Low Risk | Defensive | Strong,73.71,Suitable for lower-risk investors seeking relatively stable core exposure. Current setup allows selective exposure under controlled sizing.
TRMB,MATURE,68.52,Downward,-1,2.78,65,55.63,Neutral,0.34,Low Risk,Mediate,56.3,50.8,C+,Watchlist,Double Check,0.237135526,"WATCHLIST: Reference return 0.3%, Safety 56.3/100, Risk: Low Risk","Risk Reference Prices (Current: 68.52) | Lower Warning: 65.09, Lower Danger: 61.67, Upper Warning: 71.95, Upper Danger: 75.37",WATCHLIST,0.0015,0.0221,0.0302,0.0428,0.0691,0.0097,0.0132,0.0184,-0.2663,0.56,0.44,0.0004,0.0119,-0.0142,0.0015,0.0174,0.0178,38.613,E,1,16.2324,13.458,8.9227,0.8378,Defensive,Strong,Moderately Conservative,Watch / DCA Only,Core Allocation,Low Risk | Defensive | Strong,62.21,"Suitable as a relatively stable core risk asset, but current conditions require caution. Current weakness suggests observation or gradual accumulation only."
TFC,MATURE,49.48,Upward,1,1.43,75,48.74,Neutral,0.18,Low Risk,Mediate,64.5,47.8,C+,Watchlist,Double Check,1.137208995,"WATCHLIST: Reference return 0.2%, Safety 64.5/100, Risk: Low Risk","Risk Reference Prices (Current: 49.48) | Lower Warning: 47.01, Lower Danger: 44.53, Upper Warning: 51.95, Upper Danger: 54.43",WATCHLIST,-0.0285,-0.0374,-0.001,0.1205,0.318,0.0152,0.0132,0.014,-0.2067,0.536,0.46,0.0012,0.0115,-0.0107,-0.0285,-0.0246,-0.0392,55.265,D,2,26.8812,18.7959,9.5879,1.0689,Defensive,Strong,Conservative,Selective Exposure,Core Allocation,Low Risk | Defensive | Strong,61.61,Suitable for lower-risk investors seeking relatively stable core exposure. Current setup allows selective exposure under controlled sizing.
TYL,MATURE,327.25,Downward,-1,1.08,65,57.38,Neutral,-1.03,High Risk,Caution,23.8,36.2,C,Caution,Risk Mitigation,-1.45074744,"WATCHLIST: Reference return -1.0%, Safety 23.8/100, Risk: High Risk","Risk Reference Prices (Current: 327.25) | Lower Warning: 310.89, Lower Danger: 294.53, Upper Warning: 343.61, Upper Danger: 359.98",WATCHLIST,-0.0246,-0.0253,0.0153,-0.0655,-0.4043,0.0295,0.0264,0.022,-0.5308,0.472,0.524,-0.0018,0.0134,-0.0155,-0.0246,-0.0432,-0.0407,18.6446,E,1,4.2767,9.0645,5.3033,0.8609,Risky,Acceptable,Balanced Aggressive,Watch / DCA Only,Growth Allocation,High Risk | Risky | Acceptable,42.38,Suitable for investors willing to accept higher volatility in exchange for stronger growth potential. Current weakness suggests observation or gradual accumulation only.
TSN,MATURE,68.75,Upward,1,1.97,55,48.44,Neutral,-0.31,Low Risk,Mediate,67.2,46.8,C+,Watchlist,Double Check,0.979868636,"WATCHLIST: Reference return -0.3%, Safety 67.2/100, Risk: Low Risk","Risk Reference Prices (Current: 68.75) | Lower Warning: 65.31, Lower Danger: 61.88, Upper Warning: 72.19, Upper Danger: 75.62",WATCHLIST,0.0796,0.054,0.0583,0.1817,0.2693,0.0329,0.0251,0.0187,-0.1129,0.512,0.472,0.0011,0.0118,-0.0105,0.0796,0.0737,0.073,73.8122,B,4,38.6173,26.263,8.9319,1.1185,Defensive,Strong,Conservative,Selective Exposure,Core Allocation,Low Risk | Defensive | Strong,60.58,Suitable for lower-risk investors seeking relatively stable core exposure. Current setup allows selective exposure under controlled sizing.
USB,MATURE,55.24,Upward,1,1.19,65,48.36,Neutral,-0.77,Low Risk,Safe,70.2,45.0,C+,Watchlist,Double Check,1.423700019,"WATCHLIST: Reference return -0.8%, Safety 70.2/100, Risk: Low Risk","Risk Reference Prices (Current: 55.24) | Lower Warning: 52.48, Lower Danger: 49.72, Upper Warning: 58.0, Upper Danger: 60.76",WATCHLIST,-0.0188,-0.0245,-0.0152,0.089,0.3889,0.0115,0.0119,0.0133,-0.1621,0.536,0.46,0.0014,0.011,-0.0098,-0.0188,-0.0061,-0.0251,58.261,C,3,25.0627,23.1109,10.0875,1.1279,Defensive,Strong,Conservative,Selective Exposure,Core Allocation,Low Risk | Defensive | Strong,60.63,Suitable for lower-risk investors seeking relatively stable core exposure. Current setup allows selective exposure under controlled sizing.
UBER,MATURE,73.93,Downward,-1,0.38,50,55.78,Neutral,-0.02,Low Risk,Mediate,49.6,32.0,D,Underweight,Conservative Allocation,-0.415519168,"WATCHLIST: Reference return -0.0%, Safety 49.6/100, Risk: Low Risk","Risk Reference Prices (Current: 73.93) | Lower Warning: 70.23, Lower Danger: 66.54, Upper Warning: 77.63, Upper Danger: 81.32",WATCHLIST,-0.0158,-0.0103,0.014,0.0005,-0.1346,0.0163,0.0215,0.02,-0.3089,0.492,0.5,-0.0004,0.0151,-0.0156,-0.0158,-0.0095,-0.0091,24.8241,E,1,6.7824,11.2033,6.8384,0.9677,Caution,Acceptable,Moderately Conservative,Watch / DCA Only,Core Allocation,Low Risk | Caution | Acceptable,45.99,"Suitable as a relatively stable core risk asset, but current conditions require caution. Current weakness suggests observation or gradual accumulation only."
UDR,MATURE,36.36,Downward,-1,1.73,75,47.28,Neutral,-0.15,Low Risk,Mediate,63.7,48.8,C+,Watchlist,Double Check,-0.718658725,"WATCHLIST: Reference return -0.1%, Safety 63.7/100, Risk: Low Risk","Risk Reference Prices (Current: 36.36) | Lower Warning: 34.54, Lower Danger: 32.72, Upper Warning: 38.18, Upper Danger: 40.0",WATCHLIST,-0.0008,0.0415,0.0483,0.0793,-0.1146,0.019,0.0187,0.0138,-0.1986,0.484,0.512,-0.0004,0.0095,-0.0098,-0.0008,0.0457,0.0006,45.0621,D,2,18.9071,19.6202,6.5348,0.9714,Defensive,Strong,Conservative,Defensive Hold,Core Allocation,Low Risk | Defensive | Strong,62.24,Suitable for lower-risk investors seeking relatively stable core exposure. Current conditions suggest a defensive stance rather than active accumulation.
ULTA,MATURE,518.0,Downward,-1,-2.0,20,41.68,Neutral,-0.88,Low Risk,Mediate,54.9,6.0,D,Underweight,Conservative Allocation,0.84879443,"WATCHLIST: Reference return -0.9%, Safety 54.9/100, Risk: Low Risk","Risk Reference Prices (Current: 518.00) | Lower Warning: 492.1, Lower Danger: 466.2, Upper Warning: 543.9, Upper Danger: 569.8",WATCHLIST,-0.0262,-0.0823,-0.0283,-0.0226,0.3138,0.0155,0.0186,0.0175,-0.2783,0.504,0.496,0.0013,0.0154,-0.013,-0.0262,-0.0726,-0.0362,37.2366,E,1,15.2919,12.7645,9.1801,1.188,Defensive,Fragile,Moderately Conservative,Avoid / Too Fragile,Core Allocation,Low Risk | Defensive | Fragile,28.18,"Suitable as a relatively stable core risk asset, but current conditions require caution. Current profile appears too fragile for normal allocation."
UNP,MATURE,263.41,Upward,1,3.64,90,52.63,Neutral,1.06,Low Risk,Mediate,66.0,59.8,B,Attention,Opportunity Confirmation,0.945998008,"ATTENTION: Reference return 1.1%, Safety 66.0/100, Risk: Low Risk","Risk Reference Prices (Current: 263.41) | Lower Warning: 250.24, Lower Danger: 237.07, Upper Warning: 276.58, Upper Danger: 289.75",ATTENTION,-0.0109,-0.0289,0.0451,0.1213,0.2452,0.0107,0.026,0.018,-0.1228,0.548,0.452,0.001,0.0095,-0.0094,-0.0109,-0.0197,-0.0225,63.6066,C,3,28.1926,25.7626,9.6514,1.0127,Defensive,Strong,Conservative,Selective Exposure,Core Allocation,Low Risk | Defensive | Strong,73.9,Suitable for lower-risk investors seeking relatively stable core exposure. Current setup allows selective exposure under controlled sizing.
UAL,MATURE,90.07,Downward,-1,-0.63,35,45.2,Neutral,-1.46,Low Risk,Caution,39.5,15.6,D,Underweight,Conservative Allocation,0.541168195,"WATCHLIST: Reference return -1.5%, Safety 39.5/100, Risk: Low Risk","Risk Reference Prices (Current: 90.07) | Lower Warning: 85.57, Lower Danger: 81.06, Upper Warning: 94.57, Upper Danger: 99.08",WATCHLIST,-0.0265,-0.0129,-0.0734,0.0013,0.2032,0.0219,0.0315,0.0346,-0.275,0.5,0.5,0.0012,0.0243,-0.0219,-0.0265,-0.0315,0.0008,33.4231,E,1,13.7178,11.3846,8.3207,1.1091,Caution,Weak,Moderately Conservative,Watch / DCA Only,Core Allocation,Low Risk | Caution | Weak,31.7,"Suitable as a relatively stable core risk asset, but current conditions require caution. Current weakness suggests observation or gradual accumulation only."
UPS,MATURE,96.31,Downward,-1,0.07,35,47.04,Neutral,0.4,Low Risk,Mediate,50.5,25.5,D,Underweight,Conservative Allocation,0.266364317,"WATCHLIST: Reference return 0.4%, Safety 50.5/100, Risk: Low Risk","Risk Reference Prices (Current: 96.31) | Lower Warning: 91.49, Lower Danger: 86.68, Upper Warning: 101.13, Upper Danger: 105.94",WATCHLIST,-0.1047,-0.1059,-0.0669,0.0047,0.0767,0.0454,0.0337,0.0255,-0.2028,0.528,0.472,0.0005,0.0125,-0.013,-0.1047,-0.1001,-0.1148,33.638,E,1,6.7573,18.4856,8.3951,0.9628,Defensive,Acceptable,Moderately Conservative,Watch / DCA Only,Core Allocation,Low Risk | Defensive | Acceptable,40.45,"Suitable as a relatively stable core risk asset, but current conditions require caution. Current weakness suggests observation or gradual accumulation only."
URI,MATURE,925.21,Downward,-1,4.63,85,52.89,Neutral,0.45,Mediate Risk,Caution,16.7,48.6,C+,Watchlist,Double Check,0.955031302,"WATCHLIST: Reference return 0.4%, Safety 16.7/100, Risk: Mediate Risk","Risk Reference Prices (Current: 925.21) | Lower Warning: 878.95, Lower Danger: 832.69, Upper Warning: 971.47, Upper Danger: 1017.73",WATCHLIST,-0.0253,-0.0624,0.2,0.3023,0.4191,0.0112,0.0634,0.0443,-0.3004,0.544,0.456,0.0017,0.0164,-0.0157,-0.0253,-0.0505,-0.0361,57.8237,D,2,39.6402,8.4818,9.7017,1.0403,Risky,Strong,Balanced Growth,Watch / DCA Only,Growth Allocation,Mediate Risk | Risky | Strong,55.04,Suitable for investors seeking a balance between upside potential and manageable volatility. Current weakness suggests observation or gradual accumulation only.
UNH,MATURE,370.75,Upward,1,1.57,85,66.65,Bullish,2.04,Low Risk,Caution,32.9,50.1,C+,Watchlist,Double Check,0.025688629,"WATCHLIST: Reference return 2.0%, Safety 32.9/100, Risk: Low Risk","Risk Reference Prices (Current: 370.75) | Lower Warning: 352.21, Lower Danger: 333.68, Upper Warning: 389.29, Upper Danger: 407.83",WATCHLIST,0.0053,0.0457,0.18,0.3453,-0.0583,0.0131,0.0203,0.0246,-0.393,0.5,0.5,0.0002,0.0183,-0.0179,0.0053,0.0446,0.0007,49.1169,D,2,32.2572,9.2506,7.6091,1.0231,Caution,Strong,Moderately Conservative,Selective Exposure,Core Allocation,Low Risk | Caution | Strong,54.89,"Suitable as a relatively stable core risk asset, but current conditions require caution. Current setup allows selective exposure under controlled sizing."
UHS,MATURE,166.07,Downward,-1,-2.93,30,40.15,Neutral,-1.79,Low Risk,Caution,37.7,1.6,D,Underweight,Conservative Allocation,-0.161177726,"WATCHLIST: Reference return -1.8%, Safety 37.7/100, Risk: Low Risk","Risk Reference Prices (Current: 166.07) | Lower Warning: 157.77, Lower Danger: 149.46, Upper Warning: 174.37, Upper Danger: 182.68",WATCHLIST,-0.0056,-0.0834,-0.0873,-0.1063,-0.0643,0.0438,0.0315,0.0246,-0.3331,0.524,0.476,-0.0001,0.0133,-0.0148,-0.0056,-0.0475,-0.0131,19.4815,E,1,1.5511,10.1459,7.7845,0.9018,Caution,Fragile,Moderately Conservative,Avoid / Too Fragile,Core Allocation,Low Risk | Caution | Fragile,19.87,"Suitable as a relatively stable core risk asset, but current conditions require caution. Current profile appears too fragile for normal allocation."
VLO,MATURE,251.63,Upward,1,3.74,90,56.9,Neutral,2.35,Low Risk,Mediate,57.6,61.0,B,Attention,Opportunity Confirmation,2.319386445,"ATTENTION: Reference return 2.4%, Safety 57.6/100, Risk: Low Risk","Risk Reference Prices (Current: 251.63) | Lower Warning: 239.05, Lower Danger: 226.47, Upper Warning: 264.21, Upper Danger: 276.79",ATTENTION,0.0193,0.0761,0.0681,0.0491,1.1705,0.0203,0.0284,0.0272,-0.1419,0.552,0.448,0.0033,0.0179,-0.0146,0.0193,0.0669,-0.0038,69.8743,C,3,34.4039,23.847,11.6234,1.2254,Defensive,Strong,Moderately Conservative,Selective Exposure,Core Allocation,Low Risk | Defensive | Strong,72.0,"Suitable as a relatively stable core risk asset, but current conditions require caution. Current setup allows selective exposure under controlled sizing."
VTR,MATURE,87.79,Upward,1,3.07,80,49.15,Neutral,0.83,Low Risk,Safe,76.2,58.2,B,Attention,Opportunity Confirmation,1.57257736,"ATTENTION: Reference return 0.8%, Safety 76.2/100, Risk: Low Risk","Risk Reference Prices (Current: 87.79) | Lower Warning: 83.4, Lower Danger: 79.01, Upper Warning: 92.18, Upper Danger: 96.57",ATTENTION,-0.0026,0.0586,0.0287,0.0709,0.354,0.0126,0.0181,0.0132,-0.0839,0.512,0.464,0.0013,0.0092,-0.0074,-0.0026,0.0499,-0.0008,68.9716,C,3,31.229,27.7118,10.0308,1.2447,Defensive,Strong,Conservative,Selective Exposure,Core Allocation,Low Risk | Defensive | Strong,73.72,Suitable for lower-risk investors seeking relatively stable core exposure. Current setup allows selective exposure under controlled sizing.
VLTO,MATURE,88.24,Downward,-1,-0.88,35,50.1,Neutral,-0.57,Low Risk,Mediate,62.4,18.7,D,Underweight,Conservative Allocation,-0.47426313,"WATCHLIST: Reference return -0.6%, Safety 62.4/100, Risk: Low Risk","Risk Reference Prices (Current: 88.24) | Lower Warning: 83.83, Lower Danger: 79.42, Upper Warning: 92.65, Upper Danger: 97.06",WATCHLIST,0.007,-0.0062,-0.0449,-0.0029,-0.0733,0.0221,0.0161,0.0146,-0.2234,0.444,0.556,-0.0002,0.0101,-0.0084,0.007,-0.0043,0.0005,29.4936,E,1,5.3862,17.1415,6.9659,1.1927,Defensive,Weak,Conservative,Watch / DCA Only,Core Allocation,Low Risk | Defensive | Weak,40.51,Suitable for lower-risk investors seeking relatively stable core exposure. Current weakness suggests observation or gradual accumulation only.
VRSN,MATURE,274.15,Upward,1,1.19,75,64.08,Bullish,0.97,Low Risk,Mediate,50.5,47.0,C+,Watchlist,Double Check,-0.108167388,"WATCHLIST: Reference return 1.0%, Safety 50.5/100, Risk: Low Risk","Risk Reference Prices (Current: 274.15) | Lower Warning: 260.44, Lower Danger: 246.74, Upper Warning: 287.86, Upper Danger: 301.56",WATCHLIST,0.0063,-0.0101,0.0217,0.1386,-0.0245,0.0152,0.0159,0.0214,-0.3021,0.536,0.464,0.0,0.0107,-0.0123,0.0063,0.0184,0.0204,38.2979,E,1,18.7941,11.3782,8.1256,0.8723,Defensive,Strong,Moderately Conservative,Selective Exposure,Core Allocation,Low Risk | Defensive | Strong,57.41,"Suitable as a relatively stable core risk asset, but current conditions require caution. Current setup allows selective exposure under controlled sizing."
VRSK,MATURE,178.68,Downward,-1,1.63,75,50.98,Neutral,-0.32,Low Risk,Caution,26.7,41.4,C,Caution,Risk Mitigation,-1.639265883,"WATCHLIST: Reference return -0.3%, Safety 26.7/100, Risk: Low Risk","Risk Reference Prices (Current: 178.68) | Lower Warning: 169.75, Lower Danger: 160.81, Upper Warning: 187.61, Upper Danger: 196.55",WATCHLIST,-0.0134,0.0087,0.0472,-0.1143,-0.3891,0.0302,0.0238,0.0241,-0.4848,0.464,0.536,-0.0018,0.0119,-0.0136,-0.0134,0.0061,-0.0315,22.179,E,1,8.1448,8.9522,5.0821,0.872,Caution,Strong,Moderately Conservative,Watch / DCA Only,Core Allocation,Low Risk | Caution | Strong,47.19,"Suitable as a relatively stable core risk asset, but current conditions require caution. Current weakness suggests observation or gradual accumulation only."
VZ,MATURE,47.57,Upward,1,2.63,80,45.42,Neutral,0.94,Low Risk,Safe,70.2,55.7,B,Attention,Opportunity Confirmation,0.623455029,"ATTENTION: Reference return 0.9%, Safety 70.2/100, Risk: Low Risk","Risk Reference Prices (Current: 47.57) | Lower Warning: 45.19, Lower Danger: 42.81, Upper Warning: 49.95, Upper Danger: 52.33",ATTENTION,-0.0112,0.0074,0.046,-0.0339,0.1662,0.0173,0.0177,0.0142,-0.1332,0.476,0.512,0.0007,0.0106,-0.0084,-0.0112,0.0257,-0.0096,50.742,D,2,16.8654,25.2998,8.5768,1.2526,Defensive,Strong,Conservative,Selective Exposure,Core Allocation,Low Risk | Defensive | Strong,69.4,Suitable for lower-risk investors seeking relatively stable core exposure. Current setup allows selective exposure under controlled sizing.
VRTX,MATURE,429.85,Downward,-1,-1.19,45,42.76,Neutral,-0.53,Low Risk,Mediate,60.8,16.9,D,Underweight,Conservative Allocation,-0.352438185,"WATCHLIST: Reference return -0.5%, Safety 60.8/100, Risk: Low Risk","Risk Reference Prices (Current: 429.85) | Lower Warning: 408.36, Lower Danger: 386.86, Upper Warning: 451.34, Upper Danger: 472.84",WATCHLIST,0.014,-0.0121,-0.0325,-0.0532,-0.1406,0.0123,0.0101,0.0148,-0.2356,0.476,0.524,-0.0003,0.0145,-0.0138,0.014,-0.001,0.0058,26.4511,E,1,3.6061,16.0178,6.8272,1.0491,Defensive,Weak,Conservative,Watch / DCA Only,Core Allocation,Low Risk | Defensive | Weak,39.4,Suitable for lower-risk investors seeking relatively stable core exposure. Current weakness suggests observation or gradual accumulation only.
VTRS,MATURE,15.2,Upward,1,2.85,65,48.23,Neutral,0.48,Low Risk,Mediate,64.7,51.8,C+,Watchlist,Double Check,1.964669251,"WATCHLIST: Reference return 0.5%, Safety 64.7/100, Risk: Low Risk","Risk Reference Prices (Current: 15.20) | Lower Warning: 14.44, Lower Danger: 13.68, Upper Warning: 15.96, Upper Danger: 16.72",WATCHLIST,0.0106,0.0305,0.0927,0.1515,0.852,0.0089,0.0156,0.0168,-0.1897,0.556,0.432,0.0027,0.0155,-0.0138,0.0106,0.0418,0.0174,72.0162,B,4,40.7194,20.3738,10.923,1.1261,Defensive,Strong,Conservative,Selective Exposure,Core Allocation,Low Risk | Defensive | Strong,64.88,Suitable for lower-risk investors seeking relatively stable core exposure. Current setup allows selective exposure under controlled sizing.
VICI,MATURE,28.09,Upward,1,1.15,80,49.65,Neutral,0.51,Low Risk,Safe,70.6,48.8,C+,Watchlist,Double Check,-0.573699497,"WATCHLIST: Reference return 0.5%, Safety 70.6/100, Risk: Low Risk","Risk Reference Prices (Current: 28.09) | Lower Warning: 26.69, Lower Danger: 25.28, Upper Warning: 29.49, Upper Danger: 30.9",WATCHLIST,-0.0171,-0.0147,-0.0095,0.047,-0.0651,0.0143,0.0132,0.0111,-0.1788,0.484,0.496,-0.0002,0.008,-0.0083,-0.0171,-0.0116,-0.038,36.9825,E,1,8.7874,21.6651,6.53,0.9708,Defensive,Strong,Conservative,Selective Exposure,Core Allocation,Low Risk | Defensive | Strong,64.19,Suitable for lower-risk investors seeking relatively stable core exposure. Current setup allows selective exposure under controlled sizing.
V,MATURE,326.85,Downward,-1,1.81,75,53.47,Neutral,-0.93,Low Risk,Mediate,58.7,49.1,C+,Watchlist,Double Check,-0.334696676,"WATCHLIST: Reference return -0.9%, Safety 58.7/100, Risk: Low Risk","Risk Reference Prices (Current: 326.85) | Lower Warning: 310.51, Lower Danger: 294.17, Upper Warning: 343.19, Upper Danger: 359.54",WATCHLIST,-0.0036,0.0582,0.0497,0.0836,-0.0555,0.0331,0.024,0.0187,-0.2038,0.5,0.5,-0.0001,0.0093,-0.0096,-0.0036,0.0563,-0.0091,47.3616,D,2,21.2783,18.8678,7.2156,0.9722,Defensive,Strong,Moderately Conservative,Watch / DCA Only,Core Allocation,Low Risk | Defensive | Strong,61.4,"Suitable as a relatively stable core risk asset, but current conditions require caution. Current weakness suggests observation or gradual accumulation only."
VST,MATURE,160.85,Downward,-1,0.94,50,49.33,Neutral,0.07,Low Risk,Caution,40.0,34.3,D,Underweight,Conservative Allocation,0.459607292,"WATCHLIST: Reference return 0.1%, Safety 40.0/100, Risk: Low Risk","Risk Reference Prices (Current: 160.85) | Lower Warning: 152.81, Lower Danger: 144.76, Upper Warning: 168.89, Upper Danger: 176.94",WATCHLIST,0.0359,0.0255,-0.019,0.1016,0.1548,0.0359,0.0274,0.0249,-0.3451,0.512,0.488,0.001,0.024,-0.023,0.0359,-0.0213,0.0191,41.0625,E,1,22.9167,9.8545,8.2913,1.0419,Caution,Acceptable,Moderately Conservative,Watch / DCA Only,Core Allocation,Low Risk | Caution | Acceptable,44.07,"Suitable as a relatively stable core risk asset, but current conditions require caution. Current weakness suggests observation or gradual accumulation only."
VMC,MATURE,287.72,Downward,-1,0.89,50,49.08,Neutral,0.19,Low Risk,Mediate,59.5,37.9,C,Caution,Risk Mitigation,0.249694448,"WATCHLIST: Reference return 0.2%, Safety 59.5/100, Risk: Low Risk","Risk Reference Prices (Current: 287.72) | Lower Warning: 273.33, Lower Danger: 258.95, Upper Warning: 302.11, Upper Danger: 316.49",WATCHLIST,-0.0323,-0.017,-0.0308,0.1135,0.073,0.0175,0.016,0.0176,-0.2205,0.56,0.436,0.0004,0.0106,-0.0126,-0.0323,-0.0149,-0.0465,43.344,D,2,17.159,17.2787,8.9063,0.8351,Defensive,Acceptable,Moderately Conservative,Watch / DCA Only,Core Allocation,Low Risk | Defensive | Acceptable,51.83,"Suitable as a relatively stable core risk asset, but current conditions require caution. Current weakness suggests observation or gradual accumulation only."
WRB,MATURE,66.32,Downward,-1,1.29,65,47.76,Neutral,0.09,Low Risk,Mediate,69.4,45.6,C+,Watchlist,Double Check,-0.397583012,"WATCHLIST: Reference return 0.1%, Safety 69.4/100, Risk: Low Risk","Risk Reference Prices (Current: 66.32) | Lower Warning: 63.0, Lower Danger: 59.69, Upper Warning: 69.64, Upper Danger: 72.95",WATCHLIST,-0.0009,-0.0311,0.005,0.0088,-0.0607,0.0124,0.0141,0.0132,-0.1639,0.516,0.476,-0.0002,0.0091,-0.0102,-0.0009,-0.0032,-0.0076,36.7021,E,1,6.3867,22.9638,7.3517,0.8909,Defensive,Strong,Conservative,Defensive Hold,Core Allocation,Low Risk | Defensive | Strong,60.72,Suitable for lower-risk investors seeking relatively stable core exposure. Current conditions suggest a defensive stance rather than active accumulation.
GWW,MATURE,1142.14,Upward,1,0.88,65,46.52,Neutral,-0.15,Low Risk,Mediate,69.5,42.1,C,Caution,Risk Mitigation,0.28297345,"WATCHLIST: Reference return -0.1%, Safety 69.5/100, Risk: Low Risk","Risk Reference Prices (Current: 1142.14) | Lower Warning: 1085.03, Lower Danger: 1027.93, Upper Warning: 1199.25, Upper Danger: 1256.35",WATCHLIST,-0.0056,-0.0195,-0.0115,0.0962,0.0814,0.0114,0.0125,0.0137,-0.1626,0.5,0.5,0.0004,0.0109,-0.0101,-0.0056,-0.0051,-0.0165,47.618,D,2,16.4379,23.0575,8.1226,1.0857,Defensive,Strong,Conservative,Selective Exposure,Core Allocation,Low Risk | Defensive | Strong,58.56,Suitable for lower-risk investors seeking relatively stable core exposure. Current setup allows selective exposure under controlled sizing.
WAB,MATURE,262.22,Upward,1,1.21,65,51.19,Neutral,1.37,Low Risk,Mediate,64.5,46.7,C+,Watchlist,Double Check,1.340120889,"WATCHLIST: Reference return 1.4%, Safety 64.5/100, Risk: Low Risk","Risk Reference Prices (Current: 262.22) | Lower Warning: 249.11, Lower Danger: 236.0, Upper Warning: 275.33, Upper Danger: 288.44",WATCHLIST,-0.0103,-0.0268,-0.0226,0.1108,0.3812,0.0171,0.022,0.0221,-0.1329,0.52,0.48,0.0014,0.0119,-0.01,-0.0103,-0.0181,-0.0284,61.4211,C,3,26.594,24.889,9.9381,1.1929,Defensive,Strong,Conservative,Selective Exposure,Core Allocation,Low Risk | Defensive | Strong,59.48,Suitable for lower-risk investors seeking relatively stable core exposure. Current setup allows selective exposure under controlled sizing.
WMT,MATURE,130.33,Upward,1,2.79,80,47.8,Neutral,0.69,Low Risk,Safe,71.3,56.3,B,Attention,Opportunity Confirmation,1.214198877,"ATTENTION: Reference return 0.7%, Safety 71.3/100, Risk: Low Risk","Risk Reference Prices (Current: 130.33) | Lower Warning: 123.81, Lower Danger: 117.3, Upper Warning: 136.85, Upper Danger: 143.36",ATTENTION,-0.0097,-0.0129,0.0422,0.095,0.3237,0.0163,0.0136,0.0149,-0.1092,0.512,0.48,0.0012,0.011,-0.0092,-0.0097,0.0032,-0.0121,64.7159,C,3,28.4763,26.6299,9.6098,1.1965,Defensive,Strong,Conservative,Selective Exposure,Core Allocation,Low Risk | Defensive | Strong,70.6,Suitable for lower-risk investors seeking relatively stable core exposure. Current setup allows selective exposure under controlled sizing.
DIS,MATURE,101.31,Downward,-1,0.95,50,50.18,Neutral,-0.85,Low Risk,Mediate,60.4,38.5,C,Caution,Risk Mitigation,0.388465916,"WATCHLIST: Reference return -0.9%, Safety 60.4/100, Risk: Low Risk","Risk Reference Prices (Current: 101.31) | Lower Warning: 96.24, Lower Danger: 91.18, Upper Warning: 106.38, Upper Danger: 111.44",WATCHLIST,-0.0172,-0.0226,-0.0125,0.0181,0.112,0.0131,0.0131,0.0148,-0.2497,0.464,0.536,0.0006,0.0127,-0.01,-0.0172,-0.0126,-0.0235,34.3185,E,1,11.1528,14.8366,8.329,1.2753,Defensive,Acceptable,Conservative,Defensive Hold,Core Allocation,Low Risk | Defensive | Acceptable,52.58,Suitable for lower-risk investors seeking relatively stable core exposure. Current conditions suggest a defensive stance rather than active accumulation.
WBD,MATURE,26.96,Downward,-1,-0.45,35,48.6,Neutral,-0.29,Low Risk,Safe,73.2,24.5,D,Underweight,Conservative Allocation,2.581501609,"WATCHLIST: Reference return -0.3%, Safety 73.2/100, Risk: Low Risk","Risk Reference Prices (Current: 26.96) | Lower Warning: 25.61, Lower Danger: 24.26, Upper Warning: 28.31, Upper Danger: 29.66",WATCHLIST,-0.0004,0.0022,-0.015,-0.0168,2.221,0.0053,0.0063,0.0055,-0.2131,0.5,0.492,0.0051,0.0222,-0.0122,-0.0004,-0.0041,-0.0033,51.73,D,2,20.2167,18.417,13.0963,1.8236,Defensive,Weak,Conservative,Defensive Hold,Core Allocation,Low Risk | Defensive | Weak,46.96,Suitable for lower-risk investors seeking relatively stable core exposure. Current conditions suggest a defensive stance rather than active accumulation.
WM,MATURE,227.85,Upward,1,0.78,50,46.3,Neutral,0.41,Low Risk,Mediate,68.6,38.8,C,Caution,Risk Mitigation,-0.206109368,"WATCHLIST: Reference return 0.4%, Safety 68.6/100, Risk: Low Risk","Risk Reference Prices (Current: 227.85) | Lower Warning: 216.46, Lower Danger: 205.06, Upper Warning: 239.24, Upper Danger: 250.64",WATCHLIST,-0.004,-0.0213,0.0033,-0.0147,-0.0149,0.0123,0.0143,0.0128,-0.1814,0.508,0.488,0.0,0.0085,-0.0089,-0.004,-0.0073,-0.0202,35.3657,E,1,6.5134,21.3575,7.4947,0.9623,Defensive,Acceptable,Conservative,Selective Exposure,Core Allocation,Low Risk | Defensive | Acceptable,54.73,Suitable for lower-risk investors seeking relatively stable core exposure. Current setup allows selective exposure under controlled sizing.
WAT,MATURE,301.88,Downward,-1,-1.15,45,50.2,Neutral,-0.72,Low Risk,Mediate,41.0,14.3,D,Underweight,Conservative Allocation,-0.318875789,"WATCHLIST: Reference return -0.7%, Safety 41.0/100, Risk: Low Risk","Risk Reference Prices (Current: 301.88) | Lower Warning: 286.79, Lower Danger: 271.69, Upper Warning: 316.97, Upper Danger: 332.07",WATCHLIST,-0.0171,-0.0299,-0.0879,0.0097,-0.1335,0.0304,0.0303,0.0241,-0.3132,0.484,0.512,-0.0003,0.0159,-0.0156,-0.0171,-0.0258,-0.0238,21.5943,E,1,3.9384,10.7642,6.8917,1.0178,Caution,Weak,Moderately Conservative,High Risk Tactical Only,Core Allocation,Low Risk | Caution | Weak,32.54,"Suitable as a relatively stable core risk asset, but current conditions require caution. Current profile is only suitable for tactical, high-risk participation."
WEC,MATURE,116.44,Upward,1,1.0,50,47.98,Neutral,0.69,Low Risk,Safe,77.0,43.0,C,Caution,Risk Mitigation,0.487879532,"WATCHLIST: Reference return 0.7%, Safety 77.0/100, Risk: Low Risk","Risk Reference Prices (Current: 116.44) | Lower Warning: 110.62, Lower Danger: 104.8, Upper Warning: 122.26, Upper Danger: 128.08",WATCHLIST,-0.0087,0.0075,-0.0005,0.038,0.1074,0.0143,0.0131,0.0104,-0.1122,0.52,0.48,0.0005,0.0078,-0.0075,-0.0087,0.0161,-0.0127,49.7179,D,2,14.4408,26.6496,8.6275,1.039,Defensive,Strong,Conservative,Selective Exposure,Core Allocation,Low Risk | Defensive | Strong,59.65,Suitable for lower-risk investors seeking relatively stable core exposure. Current setup allows selective exposure under controlled sizing.
WFC,MATURE,79.18,Downward,-1,-0.7,35,46.39,Neutral,-1.36,Low Risk,Mediate,58.1,18.9,D,Underweight,Conservative Allocation,0.329323159,"WATCHLIST: Reference return -1.4%, Safety 58.1/100, Risk: Low Risk","Risk Reference Prices (Current: 79.18) | Lower Warning: 75.22, Lower Danger: 71.26, Upper Warning: 83.14, Upper Danger: 87.1",WATCHLIST,-0.0202,-0.0165,-0.0308,0.0204,0.0954,0.0146,0.0121,0.0185,-0.2275,0.544,0.456,0.0005,0.0118,-0.0129,-0.0202,-0.003,-0.0371,35.632,E,1,10.3392,16.5744,8.7184,0.9093,Defensive,Weak,Moderately Conservative,Watch / DCA Only,Core Allocation,Low Risk | Defensive | Weak,39.14,"Suitable as a relatively stable core risk asset, but current conditions require caution. Current weakness suggests observation or gradual accumulation only."
WELL,MATURE,217.14,Upward,1,2.8,80,50.77,Neutral,0.87,Low Risk,Safe,70.7,56.9,B,Attention,Opportunity Confirmation,1.774447654,"ATTENTION: Reference return 0.9%, Safety 70.7/100, Risk: Low Risk","Risk Reference Prices (Current: 217.14) | Lower Warning: 206.28, Lower Danger: 195.43, Upper Warning: 228.0, Upper Danger: 238.85",ATTENTION,0.0011,0.0427,0.0291,0.1082,0.4626,0.0123,0.0192,0.0143,-0.1261,0.592,0.404,0.0016,0.0098,-0.0103,0.0011,0.0402,-0.0009,70.7782,C,3,34.2766,25.7422,10.7594,0.9453,Defensive,Strong,Conservative,Selective Exposure,Core Allocation,Low Risk | Defensive | Strong,70.89,Suitable for lower-risk investors seeking relatively stable core exposure. Current setup allows selective exposure under controlled sizing.
WST,MATURE,300.18,Upward,1,3.37,75,66.32,Bullish,2.31,Low Risk,Mediate,42.6,56.0,B,Attention,Opportunity Confirmation,0.963968698,"ATTENTION: Reference return 2.3%, Safety 42.6/100, Risk: Low Risk","Risk Reference Prices (Current: 300.18) | Lower Warning: 285.17, Lower Danger: 270.16, Upper Warning: 315.19, Upper Danger: 330.2",ATTENTION,-0.0017,-0.03,0.1212,0.2674,0.4275,0.0163,0.0372,0.0272,-0.247,0.48,0.512,0.0017,0.0188,-0.0142,-0.0017,-0.0188,0.0087,62.9345,C,3,39.3788,14.2242,9.3316,1.3227,Caution,Strong,Moderately Conservative,Selective Exposure,Core Allocation,Low Risk | Caution | Strong,63.02,"Suitable as a relatively stable core risk asset, but current conditions require caution. Current setup allows selective exposure under controlled sizing."
WDC,MATURE,442.36,Upward,1,1.77,85,61.87,Bullish,5.96,Low Risk,Mediate,52.5,60.4,B,Attention,Opportunity Confirmation,3.986513557,"WATCHLIST: Reference return 6.0%, Safety 52.5/100, Risk: Low Risk","Risk Reference Prices (Current: 442.36) | Lower Warning: 420.24, Lower Danger: 398.12, Upper Warning: 464.48, Upper Danger: 486.6",WATCHLIST,0.0251,0.0973,0.2079,0.5092,8.8661,0.0313,0.0243,0.0397,-0.2059,0.632,0.364,0.0099,0.0308,-0.0262,0.0251,0.095,0.018,79.033,B,4,49.0476,16.3581,13.6272,1.1774,Defensive,Strong,Moderately Conservative,Selective Exposure,Core Allocation,Low Risk | Defensive | Strong,64.86,"Suitable as a relatively stable core risk asset, but current conditions require caution. Current setup allows selective exposure under controlled sizing."
WY,MATURE,23.53,Downward,-1,-1.65,10,47.15,Neutral,-0.29,Low Risk,Mediate,61.2,7.8,D,Underweight,Conservative Allocation,-0.25517386,"WATCHLIST: Reference return -0.3%, Safety 61.2/100, Risk: Low Risk","Risk Reference Prices (Current: 23.53) | Lower Warning: 22.35, Lower Danger: 21.18, Upper Warning: 24.71, Upper Danger: 25.88",WATCHLIST,-0.0192,-0.0588,-0.0504,0.0472,-0.0572,0.0132,0.017,0.0159,-0.2196,0.472,0.524,-0.0001,0.013,-0.0119,-0.0192,-0.0599,-0.0404,31.1156,E,1,6.6323,17.4542,7.029,1.0918,Defensive,Fragile,Conservative,Avoid / Too Fragile,Core Allocation,Low Risk | Defensive | Fragile,30.85,Suitable for lower-risk investors seeking relatively stable core exposure. Current profile appears too fragile for normal allocation.
WSM,MATURE,175.69,Downward,-1,-1.47,10,43.89,Neutral,-1.14,Low Risk,Mediate,57.9,7.6,D,Underweight,Conservative Allocation,0.400489436,"WATCHLIST: Reference return -1.1%, Safety 57.9/100, Risk: Low Risk","Risk Reference Prices (Current: 175.69) | Lower Warning: 166.91, Lower Danger: 158.12, Upper Warning: 184.47, Upper Danger: 193.26",WATCHLIST,-0.0239,-0.0868,-0.09,-0.0114,0.1255,0.0148,0.02,0.0205,-0.2056,0.496,0.496,0.0007,0.0174,-0.016,-0.0239,-0.078,-0.0305,34.6484,E,1,8.1027,18.5716,7.974,1.0886,Defensive,Fragile,Moderately Conservative,Avoid / Too Fragile,Core Allocation,Low Risk | Defensive | Fragile,29.76,"Suitable as a relatively stable core risk asset, but current conditions require caution. Current profile appears too fragile for normal allocation."
WMB,MATURE,75.41,Upward,1,2.71,80,46.99,Neutral,1.01,Low Risk,Safe,74.2,57.1,B,Attention,Opportunity Confirmation,1.098485516,"ATTENTION: Reference return 1.0%, Safety 74.2/100, Risk: Low Risk","Risk Reference Prices (Current: 75.41) | Lower Warning: 71.64, Lower Danger: 67.87, Upper Warning: 79.18, Upper Danger: 82.95",ATTENTION,-0.0017,0.0525,0.0556,0.0414,0.2943,0.0178,0.0136,0.0124,-0.1236,0.524,0.46,0.0011,0.0113,-0.0104,-0.0017,0.0447,-0.0118,64.3301,C,3,29.1736,25.9636,9.1929,1.0857,Defensive,Strong,Conservative,Selective Exposure,Core Allocation,Low Risk | Defensive | Strong,71.57,Suitable for lower-risk investors seeking relatively stable core exposure. Current setup allows selective exposure under controlled sizing.
WTW,MATURE,260.02,Downward,-1,-1.17,30,54.22,Neutral,-0.4,Low Risk,Mediate,44.0,12.4,D,Underweight,Conservative Allocation,-0.631800616,"WATCHLIST: Reference return -0.4%, Safety 44.0/100, Risk: Low Risk","Risk Reference Prices (Current: 260.02) | Lower Warning: 247.02, Lower Danger: 234.02, Upper Warning: 273.02, Upper Danger: 286.02",WATCHLIST,0.0144,-0.1061,-0.0987,-0.1043,-0.1493,0.0456,0.0331,0.0253,-0.2634,0.504,0.496,-0.0005,0.0097,-0.0108,0.0144,-0.0963,0.0149,20.7509,E,1,0.7494,13.1792,6.8223,0.8918,Caution,Weak,Moderately Conservative,High Risk Tactical Only,Core Allocation,Low Risk | Caution | Weak,31.12,"Suitable as a relatively stable core risk asset, but current conditions require caution. Current profile is only suitable for tactical, high-risk participation."
WDAY,MATURE,127.89,Downward,-1,0.39,60,52.32,Neutral,-3.79,High Risk,Caution,1.3,24.0,D,Underweight,Conservative Allocation,-1.559677142,"WATCHLIST: Reference return -3.8%, Safety 1.3/100, Risk: High Risk","Risk Reference Prices (Current: 127.89) | Lower Warning: 121.5, Lower Danger: 115.1, Upper Warning: 134.28, Upper Danger: 140.68",WATCHLIST,0.0073,0.1153,0.0851,-0.0594,-0.485,0.0217,0.0366,0.0356,-0.5905,0.512,0.488,-0.0023,0.0148,-0.0203,0.0073,0.0679,0.0449,31.2477,E,1,17.3865,7.606,6.2552,0.7293,Speculative,Weak,Speculative,Watch / DCA Only,Tactical Satellite Position,High Risk | Speculative | Weak,27.86,Suitable only for high-risk tactical or speculative positioning. Current weakness suggests observation or gradual accumulation only.
WYNN,MATURE,103.44,Downward,-1,1.04,50,50.37,Neutral,-0.46,Low Risk,Mediate,54.5,38.0,C,Caution,Risk Mitigation,0.712828372,"WATCHLIST: Reference return -0.5%, Safety 54.5/100, Risk: Low Risk","Risk Reference Prices (Current: 103.44) | Lower Warning: 98.27, Lower Danger: 93.1, Upper Warning: 108.61, Upper Danger: 113.78",WATCHLIST,-0.024,-0.0205,-0.0204,0.0346,0.258,0.0172,0.0145,0.0193,-0.2727,0.472,0.524,0.0012,0.0192,-0.015,-0.024,-0.0211,-0.0343,39.5806,E,1,17.9622,13.0016,8.6168,1.2749,Defensive,Acceptable,Moderately Conservative,Watch / DCA Only,Core Allocation,Low Risk | Defensive | Acceptable,50.61,"Suitable as a relatively stable core risk asset, but current conditions require caution. Current weakness suggests observation or gradual accumulation only."
XEL,MATURE,81.17,Upward,1,2.68,80,49.65,Neutral,0.33,Low Risk,Safe,70.6,55.5,B,Attention,Opportunity Confirmation,0.75753333,"ATTENTION: Reference return 0.3%, Safety 70.6/100, Risk: Low Risk","Risk Reference Prices (Current: 81.17) | Lower Warning: 77.11, Lower Danger: 73.05, Upper Warning: 85.23, Upper Danger: 89.29",ATTENTION,-0.0171,0.0213,0.0168,0.0573,0.1812,0.0227,0.0197,0.0151,-0.115,0.536,0.46,0.0007,0.0089,-0.0088,-0.0171,0.0255,-0.0215,56.7447,D,2,21.2555,26.3355,9.1537,1.0154,Defensive,Strong,Conservative,Selective Exposure,Core Allocation,Low Risk | Defensive | Strong,70.03,Suitable for lower-risk investors seeking relatively stable core exposure. Current setup allows selective exposure under controlled sizing.
XYL,MATURE,114.84,Downward,-1,-2.24,20,46.75,Neutral,-0.89,Low Risk,Mediate,56.0,6.1,D,Underweight,Conservative Allocation,-0.259062175,"WATCHLIST: Reference return -0.9%, Safety 56.0/100, Risk: Low Risk","Risk Reference Prices (Current: 114.84) | Lower Warning: 109.1, Lower Danger: 103.36, Upper Warning: 120.58, Upper Danger: 126.32",WATCHLIST,-0.0046,-0.0563,-0.1143,-0.0465,-0.0497,0.0242,0.0204,0.0189,-0.2445,0.5,0.5,-0.0001,0.01,-0.0102,-0.0046,-0.0545,-0.0281,24.7483,E,1,2.3973,15.0575,7.2934,0.9825,Defensive,Fragile,Moderately Conservative,Avoid / Too Fragile,Core Allocation,Low Risk | Defensive | Fragile,28.5,"Suitable as a relatively stable core risk asset, but current conditions require caution. Current profile appears too fragile for normal allocation."
YUM,MATURE,154.4,Upward,1,-0.7,35,46.86,Neutral,0.0,Low Risk,Safe,75.8,22.5,D,Underweight,Conservative Allocation,0.254466835,"WATCHLIST: Reference return 0.0%, Safety 75.8/100, Risk: Low Risk","Risk Reference Prices (Current: 154.40) | Lower Warning: 146.68, Lower Danger: 138.96, Upper Warning: 162.12, Upper Danger: 169.84",WATCHLIST,-0.025,-0.0394,-0.0444,-0.0129,0.0736,0.0184,0.0153,0.0131,-0.1022,0.496,0.504,0.0004,0.0105,-0.0096,-0.025,-0.0367,-0.0329,42.0421,D,2,6.9923,27.0249,8.0249,1.0946,Defensive,Weak,Conservative,Selective Exposure,Core Allocation,Low Risk | Defensive | Weak,46.47,Suitable for lower-risk investors seeking relatively stable core exposure. Current setup allows selective exposure under controlled sizing.
ZBRA,MATURE,223.73,Downward,-1,0.38,50,45.92,Neutral,-0.52,Low Risk,Caution,38.7,28.4,D,Underweight,Conservative Allocation,-0.175753901,"WATCHLIST: Reference return -0.5%, Safety 38.7/100, Risk: Low Risk","Risk Reference Prices (Current: 223.73) | Lower Warning: 212.54, Lower Danger: 201.36, Upper Warning: 234.92, Upper Danger: 246.1",WATCHLIST,-0.0148,-0.0138,-0.0131,0.0988,-0.1076,0.0255,0.0204,0.0209,-0.4162,0.496,0.5,-0.0001,0.018,-0.0181,-0.0148,-0.0175,-0.0112,29.5424,E,1,12.9621,9.371,7.2092,0.9941,Caution,Acceptable,Moderately Conservative,Watch / DCA Only,Core Allocation,Low Risk | Caution | Acceptable,40.11,"Suitable as a relatively stable core risk asset, but current conditions require caution. Current weakness suggests observation or gradual accumulation only."
ZBH,MATURE,82.67,Downward,-1,-2.24,20,47.36,Neutral,0.47,Low Risk,Mediate,46.1,5.0,D,Underweight,Conservative Allocation,-0.239429948,"WATCHLIST: Reference return 0.5%, Safety 46.1/100, Risk: Low Risk","Risk Reference Prices (Current: 82.67) | Lower Warning: 78.54, Lower Danger: 74.4, Upper Warning: 86.8, Upper Danger: 90.94",WATCHLIST,-0.0028,-0.1057,-0.1435,-0.0566,-0.0768,0.0447,0.0323,0.0246,-0.2508,0.524,0.472,-0.0001,0.0119,-0.0135,-0.0028,-0.0941,0.0029,23.3328,E,1,1.5191,14.1588,7.6549,0.8823,Caution,Fragile,Moderately Conservative,Avoid / Too Fragile,Core Allocation,Low Risk | Caution | Fragile,24.77,"Suitable as a relatively stable core risk asset, but current conditions require caution. Current profile appears too fragile for normal allocation."
ZTS,MATURE,112.68,Downward,-1,-1.85,10,46.26,Neutral,-0.57,Low Risk,Mediate,50.7,4.5,D,Underweight,Conservative Allocation,-1.168337242,"WATCHLIST: Reference return -0.6%, Safety 50.7/100, Risk: Low Risk","Risk Reference Prices (Current: 112.68) | Lower Warning: 107.05, Lower Danger: 101.41, Upper Warning: 118.31, Upper Danger: 123.95",WATCHLIST,-0.013,-0.0291,-0.0656,-0.0216,-0.276,0.013,0.0162,0.0158,-0.3281,0.488,0.512,-0.0011,0.0111,-0.0128,-0.013,-0.0359,-0.0199,19.414,E,1,2.6099,10.8265,5.9776,0.8674,Defensive,Fragile,Moderately Conservative,Avoid / Too Fragile,Core Allocation,Low Risk | Defensive | Fragile,25.6,"Suitable as a relatively stable core risk asset, but current conditions require caution. Current profile appears too fragile for normal allocation."
ALNY,MATURE,297.92,Downward,-1,-0.65,35,55.48,Neutral,-1.35,Low Risk,Caution,37.2,16.5,D,Underweight,Conservative Allocation,0.308237946,"WATCHLIST: Reference return -1.4%, Safety 37.2/100, Risk: Low Risk","Risk Reference Prices (Current: 297.93) | Lower Warning: 283.03, Lower Danger: 268.13, Upper Warning: 312.82, Upper Danger: 327.72",WATCHLIST,0.0061,-0.0506,-0.1222,-0.0456,0.0891,0.0243,0.0214,0.0269,-0.3972,0.54,0.46,0.0006,0.0161,-0.0176,0.0061,-0.0249,-0.0374,23.7434,E,1,6.1168,9.0229,8.6037,0.9177,Caution,Weak,Moderately Conservative,Watch / DCA Only,Core Allocation,Low Risk | Caution | Weak,32.14,"Suitable as a relatively stable core risk asset, but current conditions require caution. Current weakness suggests observation or gradual accumulation only."
ARM,MATURE,203.26,Upward,1,4.38,100,71.49,Bullish,3.34,Mediate Risk,Caution,3.1,56.3,B,Attention,Opportunity Confirmation,1.121475709,"ATTENTION: Reference return 3.3%, Safety 3.1/100, Risk: Mediate Risk","Risk Reference Prices (Current: 203.26) | Lower Warning: 193.1, Lower Danger: 182.93, Upper Warning: 213.42, Upper Danger: 223.59",ATTENTION,-0.0375,-0.0066,0.2608,0.5358,0.6667,0.0797,0.064,0.0602,-0.4147,0.524,0.476,0.0027,0.0262,-0.0232,-0.0375,-0.1344,-0.0336,54.9978,D,2,42.1255,3.3299,9.5424,1.1267,Speculative,Strong,Balanced Growth,Selective Exposure,Growth Allocation,Mediate Risk | Speculative | Strong,56.07,Suitable for investors seeking a balance between upside potential and manageable volatility. Current setup allows selective exposure under controlled sizing.
ASML,MATURE,1386.21,Upward,1,1.16,65,43.6,Neutral,-0.49,Low Risk,Mediate,51.8,40.4,C,Caution,Risk Mitigation,1.947499481,"WATCHLIST: Reference return -0.5%, Safety 51.8/100, Risk: Low Risk","Risk Reference Prices (Current: 1386.21) | Lower Warning: 1316.9, Lower Danger: 1247.59, Upper Warning: 1455.52, Upper Danger: 1524.83",WATCHLIST,-0.0286,-0.0201,-0.085,0.0546,1.0444,0.026,0.0254,0.0313,-0.1785,0.568,0.432,0.0032,0.0194,-0.0182,-0.0286,-0.047,-0.0367,53.0174,D,2,21.8449,20.2841,10.8885,1.0666,Defensive,Strong,Moderately Conservative,Selective Exposure,Core Allocation,Low Risk | Defensive | Strong,52.26,"Suitable as a relatively stable core risk asset, but current conditions require caution. Current setup allows selective exposure under controlled sizing."
TEAM,MATURE,93.16,Downward,-1,0.41,60,53.14,Neutral,-2.84,High Risk,Caution,0.0,24.0,D,Underweight,Conservative Allocation,-1.121601658,"WATCHLIST: Reference return -2.8%, Safety 0.0/100, Risk: High Risk","Risk Reference Prices (Current: 93.16) | Lower Warning: 88.5, Lower Danger: 83.84, Upper Warning: 97.82, Upper Danger: 102.48",WATCHLIST,0.0482,0.3777,0.5602,0.2635,-0.5516,0.113,0.0897,0.071,-0.751,0.46,0.54,-0.0025,0.0252,-0.0261,0.0482,0.302,0.3582,42.0092,D,2,34.8522,1.573,5.5839,0.9645,Speculative,Weak,Speculative,Watch / DCA Only,Tactical Satellite Position,High Risk | Speculative | Weak,27.54,Suitable only for high-risk tactical or speculative positioning. Current weakness suggests observation or gradual accumulation only.
CCEP,MATURE,92.29,Upward,1,-1.53,10,47.91,Neutral,-0.16,Low Risk,Mediate,64.8,9.3,D,Underweight,Conservative Allocation,0.169231335,"WATCHLIST: Reference return -0.2%, Safety 64.8/100, Risk: Low Risk","Risk Reference Prices (Current: 92.29) | Lower Warning: 87.68, Lower Danger: 83.06, Upper Warning: 96.9, Upper Danger: 101.52",WATCHLIST,-0.0201,-0.0518,-0.0429,0.0073,0.0541,0.0181,0.0159,0.0151,-0.1789,0.552,0.44,0.0003,0.0091,-0.0107,-0.0201,-0.0588,-0.0241,36.983,E,1,6.8228,21.4978,8.6624,0.8484,Defensive,Fragile,Conservative,High Risk Tactical Only,Core Allocation,Low Risk | Defensive | Fragile,32.94,"Suitable for lower-risk investors seeking relatively stable core exposure. Current profile is only suitable for tactical, high-risk participation."
FER,MATURE,67.85,Upward,1,-0.42,35,47.45,Neutral,-0.6,Low Risk,Mediate,63.8,22.7,D,Underweight,Conservative Allocation,1.395222939,"WATCHLIST: Reference return -0.6%, Safety 63.8/100, Risk: Low Risk","Risk Reference Prices (Current: 67.85) | Lower Warning: 64.46, Lower Danger: 61.06, Upper Warning: 71.24, Upper Danger: 74.64",WATCHLIST,-0.0164,-0.0292,-0.0613,0.1007,0.3936,0.0135,0.0144,0.0191,-0.1713,0.504,0.488,0.0014,0.0121,-0.0096,-0.0164,-0.0179,-0.0154,56.9718,D,2,25.0991,22.0182,9.8545,1.2654,Defensive,Weak,Conservative,Selective Exposure,Core Allocation,Low Risk | Defensive | Weak,43.08,Suitable for lower-risk investors seeking relatively stable core exposure. Current setup allows selective exposure under controlled sizing.
INSM,MATURE,140.01,Downward,-1,-0.91,55,48.19,Neutral,-2.16,Low Risk,Caution,38.5,17.4,D,Underweight,Conservative Allocation,1.435382695,"WATCHLIST: Reference return -2.2%, Safety 38.5/100, Risk: Low Risk","Risk Reference Prices (Current: 140.01) | Lower Warning: 133.01, Lower Danger: 126.01, Upper Warning: 147.01, Upper Danger: 154.01",WATCHLIST,0.0507,-0.0266,-0.0873,0.0295,0.929,0.0337,0.0278,0.0319,-0.3697,0.548,0.452,0.0032,0.0212,-0.0188,0.0507,0.0358,0.027,39.0588,E,1,19.6796,8.745,10.6343,1.1311,Caution,Weak,Moderately Conservative,Watch / DCA Only,Core Allocation,Low Risk | Caution | Weak,34.49,"Suitable as a relatively stable core risk asset, but current conditions require caution. Current weakness suggests observation or gradual accumulation only."
MRVL,MATURE,163.66,Upward,1,1.88,85,79.77,Bullish,5.05,Low Risk,Mediate,42.5,60.3,B,Attention,Opportunity Confirmation,1.918825346,"WATCHLIST: Reference return 5.1%, Safety 42.5/100, Risk: Low Risk","Risk Reference Prices (Current: 163.66) | Lower Warning: 155.48, Lower Danger: 147.29, Upper Warning: 171.84, Upper Danger: 180.03",WATCHLIST,-0.0078,-0.0115,0.2229,0.8626,1.6477,0.0315,0.0322,0.0406,-0.2636,0.528,0.468,0.0046,0.0293,-0.0233,-0.0078,-0.004,-0.009,63.8647,C,3,41.8419,11.1703,10.8526,1.2566,Caution,Strong,Moderately Conservative,Selective Exposure,Core Allocation,Low Risk | Caution | Strong,63.39,"Suitable as a relatively stable core risk asset, but current conditions require caution. Current setup allows selective exposure under controlled sizing."
MELI,MATURE,1813.53,Downward,-1,0.35,50,48.33,Neutral,-0.99,Low Risk,Mediate,42.3,29.2,D,Underweight,Conservative Allocation,-0.498872458,"WATCHLIST: Reference return -1.0%, Safety 42.3/100, Risk: Low Risk","Risk Reference Prices (Current: 1813.53) | Lower Warning: 1722.85, Lower Danger: 1632.18, Upper Warning: 1904.21, Upper Danger: 1994.88",WATCHLIST,-0.0197,0.0024,-0.0147,0.1087,-0.1927,0.0212,0.0195,0.0215,-0.388,0.496,0.504,-0.0006,0.0161,-0.017,-0.0197,-0.0118,0.0117,30.7151,E,1,14.3308,9.5242,6.86,0.9474,Caution,Acceptable,Moderately Conservative,Watch / DCA Only,Core Allocation,Low Risk | Caution | Acceptable,41.77,"Suitable as a relatively stable core risk asset, but current conditions require caution. Current weakness suggests observation or gradual accumulation only."
MSTR,MATURE,183.8,Upward,1,1.13,65,63.92,Bullish,1.74,High Risk,Caution,0.0,35.7,C,Caution,Risk Mitigation,-0.803033997,"WATCHLIST: Reference return 1.7%, Safety 0.0/100, Risk: High Risk","Risk Reference Prices (Current: 183.80) | Lower Warning: 174.61, Lower Danger: 165.42, Upper Warning: 192.99, Upper Danger: 202.18",WATCHLIST,0.0374,0.0657,0.3376,0.3549,-0.5245,0.0419,0.0513,0.0435,-0.7653,0.452,0.548,-0.002,0.034,-0.0318,0.0374,0.0747,0.1109,45.1815,D,2,32.7589,6.2648,6.1577,1.0704,Speculative,Acceptable,Balanced Aggressive,Selective Exposure,Growth Allocation,High Risk | Speculative | Acceptable,34.68,Suitable for investors willing to accept higher volatility in exchange for stronger growth potential. Current setup allows selective exposure under controlled sizing.
PDD,MATURE,97.79,Downward,-1,-0.84,35,52.4,Neutral,-0.14,Low Risk,Mediate,49.5,16.8,D,Underweight,Conservative Allocation,-0.339035864,"WATCHLIST: Reference return -0.1%, Safety 49.5/100, Risk: Low Risk","Risk Reference Prices (Current: 97.79) | Lower Warning: 92.9, Lower Danger: 88.01, Upper Warning: 102.68, Upper Danger: 107.57",WATCHLIST,-0.0194,0.0002,-0.0422,0.0166,-0.1178,0.0134,0.0187,0.0207,-0.3036,0.5,0.492,-0.0003,0.0139,-0.0147,-0.0194,-0.0024,-0.0209,24.7099,E,1,6.3306,11.3598,7.0195,0.9455,Caution,Weak,Moderately Conservative,Watch / DCA Only,Core Allocation,Low Risk | Caution | Weak,35.75,"Suitable as a relatively stable core risk asset, but current conditions require caution. Current weakness suggests observation or gradual accumulation only."
SHOP,MATURE,127.55,Downward,-1,2.66,65,57.36,Neutral,-0.01,Low Risk,Caution,26.5,44.3,C,Caution,Risk Mitigation,0.671435783,"WATCHLIST: Reference return -0.0%, Safety 26.5/100, Risk: Low Risk","Risk Reference Prices (Current: 127.55) | Lower Warning: 121.17, Lower Danger: 114.8, Upper Warning: 133.93, Upper Danger: 140.3",WATCHLIST,-0.0009,0.0267,0.0842,0.0922,0.2965,0.0241,0.0354,0.0335,-0.3818,0.5,0.5,0.0016,0.0263,-0.0231,-0.0009,0.0137,0.053,50.5115,D,2,33.5091,8.4078,8.5945,1.1409,Caution,Strong,Moderately Conservative,Watch / DCA Only,Core Allocation,Low Risk | Caution | Strong,49.7,"Suitable as a relatively stable core risk asset, but current conditions require caution. Current weakness suggests observation or gradual accumulation only."
TRI,MATURE,95.75,Downward,-1,1.04,65,53.9,Neutral,-2.03,High Risk,Caution,11.2,32.9,D,Underweight,Conservative Allocation,-1.591637629,"WATCHLIST: Reference return -2.0%, Safety 11.2/100, Risk: High Risk","Risk Reference Prices (Current: 95.75) | Lower Warning: 90.96, Lower Danger: 86.18, Upper Warning: 100.54, Upper Danger: 105.32",WATCHLIST,0.0299,0.0615,0.0881,0.0245,-0.475,0.0239,0.0266,0.0257,-0.6167,0.452,0.544,-0.0023,0.0146,-0.0163,0.0299,0.0666,0.0004,31.6703,E,1,18.092,8.7485,4.8299,0.8948,Risky,Acceptable,Balanced Aggressive,Watch / DCA Only,Growth Allocation,High Risk | Risky | Acceptable,36.53,Suitable for investors willing to accept higher volatility in exchange for stronger growth potential. Current weakness suggests observation or gradual accumulation only.
ZS,MATURE,142.2,Downward,-1,1.1,65,47.68,Neutral,-1.51,High Risk,Caution,0.0,30.2,D,Underweight,Conservative Allocation,-0.956470611,"WATCHLIST: Reference return -1.5%, Safety 0.0/100, Risk: High Risk","Risk Reference Prices (Current: 142.20) | Lower Warning: 135.09, Lower Danger: 127.98, Upper Warning: 149.31, Upper Danger: 156.42",WATCHLIST,0.0171,0.0694,0.1591,-0.0612,-0.3896,0.032,0.0359,0.0406,-0.6489,0.512,0.488,-0.0016,0.017,-0.0211,0.0171,0.0494,0.0882,31.5355,E,1,18.0743,6.7939,6.6674,0.8087,Speculative,Acceptable,Balanced Aggressive,Watch / DCA Only,Growth Allocation,High Risk | Speculative | Acceptable,31.33,Suitable for investors willing to accept higher volatility in exchange for stronger growth potential. Current weakness suggests observation or gradual accumulation only.
