Symbol,Maturity,Current Price,Trend,Trend Score,Composite Score,Belief Quality,Quantiment (%),Sentiment,Reference Return (%),Risk,Safety,Safety Score,Healthy Score,Reference Rating,Reference State,Strategic Signal,sharpRatio,Summary,Reference Prices,Category signal,Safety Band,Health Band,Investor Type,Current Stance,Portfolio Role,Risk Label,Investor Fit Score,Interpretation
BTC/USDT,MATURE,69056.92,Downward,-1,-1.13,35,55.13,Neutral,-0.46,Low Risk,Caution,29.1,10.9,D,Underweight,Conservative Allocation,-1.520049993,"WATCHLIST: Reference return -0.5%, Safety 29.1/100, Risk: Low Risk","Risk Reference Prices (Current: 69056.92) | Lower Warning: 65604.07, Lower Danger: 62151.23, Upper Warning: 72509.77, Upper Danger: 75962.61",WATCHLIST,Caution,Weak,Moderately Conservative,High Risk Tactical Only,Core Allocation,Low Risk | Caution | Weak,26.39,"Suitable as a relatively stable core risk asset, but current conditions require caution. Current profile is only suitable for tactical, high-risk participation."
USDC/USDT,MATURE,1,Downward,-1,0.85,50,49.98,Neutral,-0.01,Low Risk,Safe,99.6,45.4,C+,Watchlist,Double Check,-9.727001956,"WATCHLIST: Reference return -0.0%, Safety 99.6/100, Risk: Low Risk","Risk Reference Prices (Current: 1.00) | Lower Warning: 0.95, Lower Danger: 0.9, Upper Warning: 1.05, Upper Danger: 1.1",WATCHLIST,Safe,Strong,Safe / Defensive,Safe Hold,Defensive / Cash Position,Low Risk | Safe | Strong,68.1,"Best suited for capital preservation, portfolio stabilization, and low-volatility allocation. Current profile supports defensive holding."
ETH/USDT,MATURE,2119.91,Downward,-1,0.25,50,58.29,Neutral,-1.21,High Risk,Caution,11.3,23.5,D,Underweight,Conservative Allocation,-1.420268983,"WATCHLIST: Reference return -1.2%, Safety 11.3/100, Risk: High Risk","Risk Reference Prices (Current: 2119.91) | Lower Warning: 2013.91, Lower Danger: 1907.92, Upper Warning: 2225.91, Upper Danger: 2331.9",WATCHLIST,Risky,Weak,Aggressive Growth,Watch / DCA Only,High-Beta Growth Position,High Risk | Risky | Weak,29.96,Suitable for aggressive investors targeting high upside with elevated risk exposure. Current weakness suggests observation or gradual accumulation only.
SOL/USDT,MATURE,81.93,Downward,-1,-1.28,35,56.13,Neutral,-1.57,High Risk,Caution,4.8,5.1,D,Underweight,Conservative Allocation,-1.942075265,"WATCHLIST: Reference return -1.6%, Safety 4.8/100, Risk: High Risk","Risk Reference Prices (Current: 81.93) | Lower Warning: 77.83, Lower Danger: 73.74, Upper Warning: 86.03, Upper Danger: 90.12",WATCHLIST,Speculative,Fragile,Speculative,Avoid / Too Fragile,Tactical Satellite Position,High Risk | Speculative | Fragile,15.87,Suitable only for high-risk tactical or speculative positioning. Current profile appears too fragile for normal allocation.
STO/USDT,MATURE,0.16,Upward,1,2.6,100,61.45,Bullish,4.44,High Risk,Caution,0,53.6,C+,Watchlist,Double Check,1.085759293,"ATTENTION: Reference return 4.4%, Safety 0.0/100, Risk: High Risk","Risk Reference Prices (Current: 0.16) | Lower Warning: 0.15, Lower Danger: 0.14, Upper Warning: 0.17, Upper Danger: 0.17",ATTENTION,Speculative,Strong,Balanced Aggressive,Selective Exposure,Growth Allocation,High Risk | Speculative | Strong,48.72,Suitable for investors willing to accept higher volatility in exchange for stronger growth potential. Current setup allows selective exposure under controlled sizing.
XRP/USDT,MATURE,1.33,Downward,-1,-1.32,35,46.77,Neutral,-1.59,High Risk,Caution,22.3,6.9,D,Underweight,Conservative Allocation,-1.498049024,"WATCHLIST: Reference return -1.6%, Safety 22.3/100, Risk: High Risk","Risk Reference Prices (Current: 1.33) | Lower Warning: 1.26, Lower Danger: 1.19, Upper Warning: 1.39, Upper Danger: 1.46",WATCHLIST,Risky,Fragile,Speculative,Avoid / Too Fragile,Tactical Satellite Position,High Risk | Risky | Fragile,21.5,Suitable only for high-risk tactical or speculative positioning. Current profile appears too fragile for normal allocation.
USD1/USDT,MATURE,1,Downward,-1,3.91,85,49.97,Neutral,-0.01,Low Risk,Safe,99.4,63.6,B,Attention,Opportunity Confirmation,-6.471233122,"WATCHLIST: Reference return -0.0%, Safety 99.4/100, Risk: Low Risk","Risk Reference Prices (Current: 1.00) | Lower Warning: 0.95, Lower Danger: 0.9, Upper Warning: 1.05, Upper Danger: 1.1",WATCHLIST,Safe,Strong,Safe / Defensive,Safe Hold,Defensive / Cash Position,Low Risk | Safe | Strong,86.39,"Best suited for capital preservation, portfolio stabilization, and low-volatility allocation. Current profile supports defensive holding."
BNB/USDT,MATURE,602.81,Downward,-1,-1.45,45,52.48,Neutral,-0.83,High Risk,Caution,27.2,9.9,D,Underweight,Conservative Allocation,-1.031813649,"WATCHLIST: Reference return -0.8%, Safety 27.2/100, Risk: High Risk","Risk Reference Prices (Current: 602.81) | Lower Warning: 572.67, Lower Danger: 542.53, Upper Warning: 632.95, Upper Danger: 663.09",WATCHLIST,Caution,Fragile,Speculative,High Risk Tactical Only,Tactical Satellite Position,High Risk | Caution | Fragile,25.86,"Suitable only for high-risk tactical or speculative positioning. Current profile is only suitable for tactical, high-risk participation."
XAUT/USDT,COLD,4583.21,Unknown,0,0.1,0,50,Low Confidence,0,Low Risk,Safe,96.6,27.8,D,Underweight,Conservative Allocation,3.627121731,"WATCHLIST: Reference return 0.0%, Safety 96.6/100, Risk: Low Risk","Risk Reference Prices (Current: 4583.21) | Lower Warning: 4354.05, Lower Danger: 4124.89, Upper Warning: 4812.37, Upper Danger: 5041.53",WATCHLIST,Safe,Acceptable,Conservative,Selective Exposure,Core Allocation,Low Risk | Safe | Acceptable,52.4,Suitable for lower-risk investors seeking relatively stable core exposure. Current setup allows selective exposure under controlled sizing.
DOGE/USDT,MATURE,0.09,Downward,-1,0.21,50,46.58,Neutral,-0.66,High Risk,Caution,9.4,21,D,Underweight,Conservative Allocation,-1.71892238,"WATCHLIST: Reference return -0.7%, Safety 9.4/100, Risk: High Risk","Risk Reference Prices (Current: 0.09) | Lower Warning: 0.09, Lower Danger: 0.08, Upper Warning: 0.1, Upper Danger: 0.1",WATCHLIST,Speculative,Weak,Speculative,Watch / DCA Only,Tactical Satellite Position,High Risk | Speculative | Weak,27.27,Suitable only for high-risk tactical or speculative positioning. Current weakness suggests observation or gradual accumulation only.
U/USDT,MATURE,1,Unknown,0,1.01,25,50,Neutral,0,Low Risk,Safe,99.6,41.7,C,Caution,Risk Mitigation,-11.00588974,"WATCHLIST: Reference return -0.0%, Safety 99.6/100, Risk: Low Risk","Risk Reference Prices (Current: 1.00) | Lower Warning: 0.95, Lower Danger: 0.9, Upper Warning: 1.05, Upper Danger: 1.1",WATCHLIST,Safe,Strong,Safe / Defensive,Safe Hold,Defensive / Cash Position,Low Risk | Safe | Strong,63.64,"Best suited for capital preservation, portfolio stabilization, and low-volatility allocation. Current profile supports defensive holding."
PAXG/USDT,MATURE,4599.65,Downward,-1,1.32,70,41.83,Neutral,-0.45,Low Risk,Mediate,60.1,43.9,C,Caution,Risk Mitigation,1.047927413,"WATCHLIST: Reference return -0.4%, Safety 60.1/100, Risk: Low Risk","Risk Reference Prices (Current: 4599.65) | Lower Warning: 4369.67, Lower Danger: 4139.68, Upper Warning: 4829.63, Upper Danger: 5059.62",WATCHLIST,Defensive,Strong,Conservative,Defensive Hold,Core Allocation,Low Risk | Defensive | Strong,57.19,Suitable for lower-risk investors seeking relatively stable core exposure. Current conditions suggest a defensive stance rather than active accumulation.
D/USDT,MATURE,0.02,Downward,-1,4.66,85,37.58,Bearish,-5.4,High Risk,Caution,0,42.3,C,Caution,Risk Mitigation,0.126933497,"WATCHLIST: Reference return -5.4%, Safety 0.0/100, Risk: High Risk","Risk Reference Prices (Current: 0.02) | Lower Warning: 0.01, Lower Danger: 0.01, Upper Warning: 0.02, Upper Danger: 0.02",WATCHLIST,Speculative,Strong,Balanced Aggressive,Watch / DCA Only,Growth Allocation,High Risk | Speculative | Strong,45.85,Suitable for investors willing to accept higher volatility in exchange for stronger growth potential. Current weakness suggests observation or gradual accumulation only.
ZEC/USDT,MATURE,244.99,Downward,-1,2.84,65,56.09,Neutral,-1.48,High Risk,Caution,0,39.2,C,Caution,Risk Mitigation,1.975566083,"WATCHLIST: Reference return -1.5%, Safety 0.0/100, Risk: High Risk","Risk Reference Prices (Current: 244.99) | Lower Warning: 232.74, Lower Danger: 220.49, Upper Warning: 257.24, Upper Danger: 269.49",WATCHLIST,Speculative,Acceptable,Balanced Aggressive,Watch / DCA Only,Growth Allocation,High Risk | Speculative | Acceptable,39.22,Suitable for investors willing to accept higher volatility in exchange for stronger growth potential. Current weakness suggests observation or gradual accumulation only.
TRX/USDT,MATURE,0.32,Upward,1,0.67,85,53.62,Neutral,1.17,Low Risk,Mediate,62.7,46,C+,Watchlist,Double Check,-0.572461641,"WATCHLIST: Reference return 1.2%, Safety 62.7/100, Risk: Low Risk","Risk Reference Prices (Current: 0.32) | Lower Warning: 0.3, Lower Danger: 0.29, Upper Warning: 0.33, Upper Danger: 0.35",WATCHLIST,Defensive,Strong,Conservative,Selective Exposure,Core Allocation,Low Risk | Defensive | Strong,60.53,Suitable for lower-risk investors seeking relatively stable core exposure. Current setup allows selective exposure under controlled sizing.
TAO/USDT,MATURE,308.6,Upward,1,1.52,85,75.17,Bullish,1.09,High Risk,Caution,0,42.9,C,Caution,Risk Mitigation,0.158532861,"WATCHLIST: Reference return 1.1%, Safety 0.0/100, Risk: High Risk","Risk Reference Prices (Current: 308.60) | Lower Warning: 293.17, Lower Danger: 277.74, Upper Warning: 324.03, Upper Danger: 339.46",WATCHLIST,Speculative,Strong,Balanced Aggressive,Selective Exposure,Growth Allocation,High Risk | Speculative | Strong,41.94,Suitable for investors willing to accept higher volatility in exchange for stronger growth potential. Current setup allows selective exposure under controlled sizing.
MMT/USDT,MATURE,0.15,Downward,-1,-1.5,35,41.18,Neutral,-1.83,High Risk,Caution,0,0.5,D,Underweight,Conservative Allocation,-2.298394396,"WATCHLIST: Reference return -1.8%, Safety 0.0/100, Risk: High Risk","Risk Reference Prices (Current: 0.15) | Lower Warning: 0.14, Lower Danger: 0.13, Upper Warning: 0.15, Upper Danger: 0.16",WATCHLIST,Speculative,Fragile,Speculative,Avoid / Too Fragile,Tactical Satellite Position,High Risk | Speculative | Fragile,10.77,Suitable only for high-risk tactical or speculative positioning. Current profile appears too fragile for normal allocation.
PEPE/USDT,MATURE,0,Downward,-1,0.24,50,44.37,Neutral,-2.29,High Risk,Caution,0,19,D,Underweight,Conservative Allocation,-1.17087802,"WATCHLIST: Reference return -2.3%, Safety 0.0/100, Risk: High Risk","Risk Reference Prices (Current: 0.00) | Lower Warning: 0.0, Lower Danger: 0.0, Upper Warning: 0.0, Upper Danger: 0.0",WATCHLIST,Speculative,Weak,Speculative,Watch / DCA Only,Tactical Satellite Position,High Risk | Speculative | Weak,23.24,Suitable only for high-risk tactical or speculative positioning. Current weakness suggests observation or gradual accumulation only.
ADA/USDT,MATURE,0.25,Downward,-1,0.21,50,45.89,Neutral,-1.28,High Risk,Caution,0,19,D,Underweight,Conservative Allocation,-2.066013442,"WATCHLIST: Reference return -1.3%, Safety 0.0/100, Risk: High Risk","Risk Reference Prices (Current: 0.25) | Lower Warning: 0.24, Lower Danger: 0.23, Upper Warning: 0.26, Upper Danger: 0.28",WATCHLIST,Speculative,Weak,Speculative,Watch / DCA Only,Tactical Satellite Position,High Risk | Speculative | Weak,23.31,Suitable only for high-risk tactical or speculative positioning. Current weakness suggests observation or gradual accumulation only.
SUI/USDT,MATURE,0.87,Downward,-1,-1.35,35,45.34,Neutral,-1.4,High Risk,Caution,0,2,D,Underweight,Conservative Allocation,-2.043424637,"WATCHLIST: Reference return -1.4%, Safety 0.0/100, Risk: High Risk","Risk Reference Prices (Current: 0.87) | Lower Warning: 0.83, Lower Danger: 0.78, Upper Warning: 0.91, Upper Danger: 0.96",WATCHLIST,Speculative,Fragile,Speculative,Avoid / Too Fragile,Tactical Satellite Position,High Risk | Speculative | Fragile,12.01,Suitable only for high-risk tactical or speculative positioning. Current profile appears too fragile for normal allocation.
FDUSD/USDT,MATURE,1,Upward,1,-1.24,55,50.01,Neutral,0,Low Risk,Safe,99.2,27.3,D,Underweight,Conservative Allocation,-4.021147543,"WATCHLIST: Reference return 0.0%, Safety 99.2/100, Risk: Low Risk","Risk Reference Prices (Current: 1.00) | Lower Warning: 0.95, Lower Danger: 0.9, Upper Warning: 1.05, Upper Danger: 1.1",WATCHLIST,Safe,Acceptable,Conservative,Selective Exposure,Core Allocation,Low Risk | Safe | Acceptable,58.06,Suitable for lower-risk investors seeking relatively stable core exposure. Current setup allows selective exposure under controlled sizing.
EUR/USDT,MATURE,1.15,Downward,-1,1.24,65,49.03,Neutral,-0.19,Low Risk,Safe,90.6,49.5,C+,Watchlist,Double Check,-1.247058278,"WATCHLIST: Reference return -0.2%, Safety 90.6/100, Risk: Low Risk","Risk Reference Prices (Current: 1.15) | Lower Warning: 1.09, Lower Danger: 1.04, Upper Warning: 1.21, Upper Danger: 1.27",WATCHLIST,Safe,Strong,Safe / Defensive,Safe Hold,Defensive / Cash Position,Low Risk | Safe | Strong,69.31,"Best suited for capital preservation, portfolio stabilization, and low-volatility allocation. Current profile supports defensive holding."
GIGGLE/USDT,MATURE,24.97,Downward,-1,0.43,60,47.76,Neutral,-4.14,High Risk,Caution,0,23.4,D,Underweight,Conservative Allocation,-0.589336914,"WATCHLIST: Reference return -4.1%, Safety 0.0/100, Risk: High Risk","Risk Reference Prices (Current: 24.97) | Lower Warning: 23.72, Lower Danger: 22.47, Upper Warning: 26.22, Upper Danger: 27.47",WATCHLIST,Speculative,Weak,Speculative,Watch / DCA Only,Tactical Satellite Position,High Risk | Speculative | Weak,26.87,Suitable only for high-risk tactical or speculative positioning. Current weakness suggests observation or gradual accumulation only.
LINK/USDT,MATURE,8.85,Downward,-1,-1.32,35,50.62,Neutral,-0.22,High Risk,Caution,4.5,3.9,D,Underweight,Conservative Allocation,-1.681473451,"WATCHLIST: Reference return -0.2%, Safety 4.5/100, Risk: High Risk","Risk Reference Prices (Current: 8.85) | Lower Warning: 8.41, Lower Danger: 7.96, Upper Warning: 9.29, Upper Danger: 9.74",WATCHLIST,Speculative,Fragile,Speculative,Avoid / Too Fragile,Tactical Satellite Position,High Risk | Speculative | Fragile,14.76,Suitable only for high-risk tactical or speculative positioning. Current profile appears too fragile for normal allocation.
WLD/USDT,MATURE,0.25,Downward,-1,-2.92,20,40.18,Neutral,-3.09,High Risk,Caution,0,-7.9,D,Underweight,Conservative Allocation,-2.171317592,"WATCHLIST: Reference return -3.1%, Safety 0.0/100, Risk: High Risk","Risk Reference Prices (Current: 0.25) | Lower Warning: 0.24, Lower Danger: 0.22, Upper Warning: 0.26, Upper Danger: 0.27",WATCHLIST,Speculative,Fragile,Speculative,Avoid / Too Fragile,Tactical Satellite Position,High Risk | Speculative | Fragile,2.35,Suitable only for high-risk tactical or speculative positioning. Current profile appears too fragile for normal allocation.
FET/USDT,MATURE,0.24,Upward,1,0.57,85,56.1,Neutral,-0.53,High Risk,Caution,0,31,D,Underweight,Conservative Allocation,-0.675593393,"WATCHLIST: Reference return -0.5%, Safety 0.0/100, Risk: High Risk","Risk Reference Prices (Current: 0.24) | Lower Warning: 0.22, Lower Danger: 0.21, Upper Warning: 0.25, Upper Danger: 0.26",WATCHLIST,Speculative,Acceptable,Balanced Aggressive,Selective Exposure,Growth Allocation,High Risk | Speculative | Acceptable,34.08,Suitable for investors willing to accept higher volatility in exchange for stronger growth potential. Current setup allows selective exposure under controlled sizing.
SOLV/USDT,MATURE,0,Downward,-1,1.02,85,35.56,Bearish,-5.79,High Risk,Caution,0,31.7,D,Underweight,Conservative Allocation,-1.797869365,"WATCHLIST: Reference return -5.8%, Safety 0.0/100, Risk: High Risk","Risk Reference Prices (Current: 0.00) | Lower Warning: 0.0, Lower Danger: 0.0, Upper Warning: 0.0, Upper Danger: 0.0",WATCHLIST,Speculative,Acceptable,Balanced Aggressive,Watch / DCA Only,Growth Allocation,High Risk | Speculative | Acceptable,33.37,Suitable for investors willing to accept higher volatility in exchange for stronger growth potential. Current weakness suggests observation or gradual accumulation only.
BCH/USDT,MATURE,428.5,Downward,-1,-1.74,10,49.49,Neutral,-0.2,Low Risk,Mediate,41.3,3.6,D,Underweight,Conservative Allocation,-0.562905384,"WATCHLIST: Reference return -0.2%, Safety 41.3/100, Risk: Low Risk","Risk Reference Prices (Current: 428.50) | Lower Warning: 407.08, Lower Danger: 385.65, Upper Warning: 449.92, Upper Danger: 471.35",WATCHLIST,Caution,Fragile,Moderately Conservative,Avoid / Too Fragile,Core Allocation,Low Risk | Caution | Fragile,22.63,"Suitable as a relatively stable core risk asset, but current conditions require caution. Current profile appears too fragile for normal allocation."
XPL/USDT,MATURE,0.12,Downward,-1,1.45,75,50.97,Neutral,0.4,High Risk,Caution,0,35.7,C,Caution,Risk Mitigation,-1.683037289,"WATCHLIST: Reference return 0.4%, Safety 0.0/100, Risk: High Risk","Risk Reference Prices (Current: 0.12) | Lower Warning: 0.12, Lower Danger: 0.11, Upper Warning: 0.13, Upper Danger: 0.13",WATCHLIST,Speculative,Acceptable,Balanced Aggressive,Watch / DCA Only,Growth Allocation,High Risk | Speculative | Acceptable,35.68,Suitable for investors willing to accept higher volatility in exchange for stronger growth potential. Current weakness suggests observation or gradual accumulation only.
币安人生/USDT,MATURE,0.07,Unknown,0,-0.29,25,29.53,Bearish,-4.89,High Risk,Caution,0,6.5,D,Underweight,Conservative Allocation,-0.608391634,"WATCHLIST: Reference return -4.9%, Safety 0.0/100, Risk: High Risk","Risk Reference Prices (Current: 0.07) | Lower Warning: 0.07, Lower Danger: 0.06, Upper Warning: 0.07, Upper Danger: 0.08",WATCHLIST,Speculative,Fragile,Speculative,Avoid / Too Fragile,Tactical Satellite Position,High Risk | Speculative | Fragile,12.93,Suitable only for high-risk tactical or speculative positioning. Current profile appears too fragile for normal allocation.
NEAR/USDT,MATURE,1.25,Downward,-1,-1.07,35,53.1,Neutral,-0.05,High Risk,Caution,4.9,6.2,D,Underweight,Conservative Allocation,-1.023266997,"WATCHLIST: Reference return -0.1%, Safety 4.9/100, Risk: High Risk","Risk Reference Prices (Current: 1.25) | Lower Warning: 1.18, Lower Danger: 1.12, Upper Warning: 1.31, Upper Danger: 1.37",WATCHLIST,Speculative,Fragile,Speculative,Avoid / Too Fragile,Tactical Satellite Position,High Risk | Speculative | Fragile,16.46,Suitable only for high-risk tactical or speculative positioning. Current profile appears too fragile for normal allocation.
ENA/USDT,MATURE,0.08,Downward,-1,-2.27,10,39.41,Bearish,-5.29,High Risk,Caution,0,-8.3,D,Underweight,Conservative Allocation,-2.762738793,"WATCHLIST: Reference return -5.3%, Safety 0.0/100, Risk: High Risk","Risk Reference Prices (Current: 0.08) | Lower Warning: 0.08, Lower Danger: 0.07, Upper Warning: 0.08, Upper Danger: 0.09",WATCHLIST,Speculative,Fragile,Speculative,Avoid / Too Fragile,Tactical Satellite Position,High Risk | Speculative | Fragile,2.28,Suitable only for high-risk tactical or speculative positioning. Current profile appears too fragile for normal allocation.
KITE/USDT,MATURE,0.14,Upward,1,-1.79,20,53.03,Neutral,1.84,High Risk,Caution,0,0.7,D,Underweight,Conservative Allocation,1.36188687,"WATCHLIST: Reference return 1.8%, Safety 0.0/100, Risk: High Risk","Risk Reference Prices (Current: 0.14) | Lower Warning: 0.13, Lower Danger: 0.13, Upper Warning: 0.15, Upper Danger: 0.15",WATCHLIST,Speculative,Fragile,Speculative,Avoid / Too Fragile,Tactical Satellite Position,High Risk | Speculative | Fragile,9.04,Suitable only for high-risk tactical or speculative positioning. Current profile appears too fragile for normal allocation.
ALGO/USDT,MATURE,0.12,Downward,-1,0.5,60,47.23,Neutral,-2.32,High Risk,Caution,0,24,D,Underweight,Conservative Allocation,-0.960121244,"WATCHLIST: Reference return -2.3%, Safety 0.0/100, Risk: High Risk","Risk Reference Prices (Current: 0.12) | Lower Warning: 0.12, Lower Danger: 0.11, Upper Warning: 0.13, Upper Danger: 0.13",WATCHLIST,Speculative,Weak,Speculative,Watch / DCA Only,Tactical Satellite Position,High Risk | Speculative | Weak,27.17,Suitable only for high-risk tactical or speculative positioning. Current weakness suggests observation or gradual accumulation only.
LTC/USDT,MATURE,54.04,Downward,-1,-1.52,45,56.26,Neutral,0.01,High Risk,Caution,20.7,8.8,D,Underweight,Conservative Allocation,-1.409234241,"WATCHLIST: Reference return 0.0%, Safety 20.7/100, Risk: High Risk","Risk Reference Prices (Current: 54.04) | Lower Warning: 51.34, Lower Danger: 48.64, Upper Warning: 56.74, Upper Danger: 59.44",WATCHLIST,Risky,Fragile,Speculative,High Risk Tactical Only,Tactical Satellite Position,High Risk | Risky | Fragile,23.46,"Suitable only for high-risk tactical or speculative positioning. Current profile is only suitable for tactical, high-risk participation."
AVAX/USDT,MATURE,9.07,Downward,-1,-1.32,35,50.37,Neutral,-0.71,High Risk,Caution,0,3,D,Underweight,Conservative Allocation,-2.160527728,"WATCHLIST: Reference return -0.7%, Safety 0.0/100, Risk: High Risk","Risk Reference Prices (Current: 9.07) | Lower Warning: 8.62, Lower Danger: 8.16, Upper Warning: 9.52, Upper Danger: 9.98",WATCHLIST,Speculative,Fragile,Speculative,Avoid / Too Fragile,Tactical Satellite Position,High Risk | Speculative | Fragile,12.89,Suitable only for high-risk tactical or speculative positioning. Current profile appears too fragile for normal allocation.
ME/USDT,MATURE,0.1,Downward,-1,-0.63,25,37.09,Bearish,-3.86,High Risk,Caution,0,4.5,D,Underweight,Conservative Allocation,-2.450807215,"WATCHLIST: Reference return -3.9%, Safety 0.0/100, Risk: High Risk","Risk Reference Prices (Current: 0.10) | Lower Warning: 0.1, Lower Danger: 0.09, Upper Warning: 0.11, Upper Danger: 0.11",WATCHLIST,Speculative,Fragile,Speculative,Avoid / Too Fragile,Tactical Satellite Position,High Risk | Speculative | Fragile,12.23,Suitable only for high-risk tactical or speculative positioning. Current profile appears too fragile for normal allocation.
AAVE/USDT,MATURE,94.19,Downward,-1,-2.86,20,50.48,Neutral,-2.62,High Risk,Caution,4.3,-5.4,D,Underweight,Conservative Allocation,-1.742161416,"WATCHLIST: Reference return -2.6%, Safety 4.3/100, Risk: High Risk","Risk Reference Prices (Current: 94.19) | Lower Warning: 89.48, Lower Danger: 84.77, Upper Warning: 98.9, Upper Danger: 103.61",WATCHLIST,Speculative,Fragile,Speculative,Avoid / Too Fragile,Tactical Satellite Position,High Risk | Speculative | Fragile,5.78,Suitable only for high-risk tactical or speculative positioning. Current profile appears too fragile for normal allocation.
UNI/USDT,MATURE,3.16,Downward,-1,-2.11,10,48.78,Neutral,-1.26,High Risk,Caution,0,-6.4,D,Underweight,Conservative Allocation,-1.122983521,"WATCHLIST: Reference return -1.3%, Safety 0.0/100, Risk: High Risk","Risk Reference Prices (Current: 3.16) | Lower Warning: 3.0, Lower Danger: 2.84, Upper Warning: 3.31, Upper Danger: 3.47",WATCHLIST,Speculative,Fragile,Speculative,Avoid / Too Fragile,Tactical Satellite Position,High Risk | Speculative | Fragile,4.18,Suitable only for high-risk tactical or speculative positioning. Current profile appears too fragile for normal allocation.
XLM/USDT,MATURE,0.16,Downward,-1,-1.32,35,49.28,Neutral,-1.28,High Risk,Caution,8.8,4.6,D,Underweight,Conservative Allocation,-1.72811178,"WATCHLIST: Reference return -1.3%, Safety 8.8/100, Risk: High Risk","Risk Reference Prices (Current: 0.16) | Lower Warning: 0.15, Lower Danger: 0.15, Upper Warning: 0.17, Upper Danger: 0.18",WATCHLIST,Speculative,Fragile,Speculative,Avoid / Too Fragile,Tactical Satellite Position,High Risk | Speculative | Fragile,16.34,Suitable only for high-risk tactical or speculative positioning. Current profile appears too fragile for normal allocation.
PIXEL/USDT,MATURE,0.01,Upward,1,-1.57,55,49.98,Neutral,-4.42,High Risk,Caution,0,5.4,D,Underweight,Conservative Allocation,-0.826900709,"WATCHLIST: Reference return -4.4%, Safety 0.0/100, Risk: High Risk","Risk Reference Prices (Current: 0.01) | Lower Warning: 0.01, Lower Danger: 0.01, Upper Warning: 0.01, Upper Danger: 0.01",WATCHLIST,Speculative,Fragile,Speculative,Avoid / Too Fragile,Tactical Satellite Position,High Risk | Speculative | Fragile,15.94,Suitable only for high-risk tactical or speculative positioning. Current profile appears too fragile for normal allocation.
DOT/USDT,MATURE,1.25,Downward,-1,-2.61,20,47.67,Neutral,-3.01,High Risk,Caution,12.4,-3.6,D,Underweight,Conservative Allocation,-1.579149799,"WATCHLIST: Reference return -3.0%, Safety 12.4/100, Risk: High Risk","Risk Reference Prices (Current: 1.25) | Lower Warning: 1.18, Lower Danger: 1.12, Upper Warning: 1.31, Upper Danger: 1.37",WATCHLIST,Risky,Fragile,Speculative,Avoid / Too Fragile,Tactical Satellite Position,High Risk | Risky | Fragile,9.5,Suitable only for high-risk tactical or speculative positioning. Current profile appears too fragile for normal allocation.
BARD/USDT,MATURE,0.31,Downward,-1,-1.62,40,47.17,Neutral,-1.35,High Risk,Caution,0,1.7,D,Underweight,Conservative Allocation,-0.594729696,"WATCHLIST: Reference return -1.4%, Safety 0.0/100, Risk: High Risk","Risk Reference Prices (Current: 0.31) | Lower Warning: 0.29, Lower Danger: 0.28, Upper Warning: 0.32, Upper Danger: 0.34",WATCHLIST,Speculative,Fragile,Speculative,Avoid / Too Fragile,Tactical Satellite Position,High Risk | Speculative | Fragile,12.18,Suitable only for high-risk tactical or speculative positioning. Current profile appears too fragile for normal allocation.
COS/USDT,MATURE,0,Upward,1,-1.26,55,54.51,Neutral,-2.62,High Risk,Caution,0,8,D,Underweight,Conservative Allocation,0.01677463,"WATCHLIST: Reference return -2.6%, Safety 0.0/100, Risk: High Risk","Risk Reference Prices (Current: 0.00) | Lower Warning: 0.0, Lower Danger: 0.0, Upper Warning: 0.0, Upper Danger: 0.0",WATCHLIST,Speculative,Fragile,Speculative,High Risk Tactical Only,Tactical Satellite Position,High Risk | Speculative | Fragile,17.95,"Suitable only for high-risk tactical or speculative positioning. Current profile is only suitable for tactical, high-risk participation."
THE/USDT,MATURE,0.1,Downward,-1,-0.28,45,38.48,Bearish,-1.32,High Risk,Caution,0,12,D,Underweight,Conservative Allocation,-0.926655897,"WATCHLIST: Reference return -1.3%, Safety 0.0/100, Risk: High Risk","Risk Reference Prices (Current: 0.10) | Lower Warning: 0.1, Lower Danger: 0.09, Upper Warning: 0.11, Upper Danger: 0.11",WATCHLIST,Speculative,Weak,Speculative,High Risk Tactical Only,Tactical Satellite Position,High Risk | Speculative | Weak,18.5,"Suitable only for high-risk tactical or speculative positioning. Current profile is only suitable for tactical, high-risk participation."
NOM/USDT,MATURE,0.01,Downward,-1,1.77,85,31.5,Bearish,-8.55,High Risk,Caution,0,35.9,C,Caution,Risk Mitigation,-0.783033127,"WATCHLIST: Reference return -8.6%, Safety 0.0/100, Risk: High Risk","Risk Reference Prices (Current: 0.01) | Lower Warning: 0.01, Lower Danger: 0.0, Upper Warning: 0.01, Upper Danger: 0.01",WATCHLIST,Speculative,Acceptable,Balanced Aggressive,Watch / DCA Only,Growth Allocation,High Risk | Speculative | Acceptable,36.1,Suitable for investors willing to accept higher volatility in exchange for stronger growth potential. Current weakness suggests observation or gradual accumulation only.
REZ/USDT,MATURE,0,Downward,-1,0.5,70,50,Neutral,-0.64,High Risk,Caution,0,26.4,D,Underweight,Conservative Allocation,-1.174774278,"WATCHLIST: Reference return -0.6%, Safety 0.0/100, Risk: High Risk","Risk Reference Prices (Current: 0.00) | Lower Warning: 0.0, Lower Danger: 0.0, Upper Warning: 0.0, Upper Danger: 0.0",WATCHLIST,Speculative,Acceptable,Balanced Aggressive,Watch / DCA Only,Growth Allocation,High Risk | Speculative | Acceptable,29.67,Suitable for investors willing to accept higher volatility in exchange for stronger growth potential. Current weakness suggests observation or gradual accumulation only.
BANANAS31/USDT,MATURE,0.01,Upward,1,2.01,85,73.31,Bullish,7.25,High Risk,Caution,0,54.5,C+,Watchlist,Double Check,1.120558254,"ATTENTION: Reference return 7.2%, Safety 0.0/100, Risk: High Risk","Risk Reference Prices (Current: 0.01) | Lower Warning: 0.01, Lower Danger: 0.01, Upper Warning: 0.01, Upper Danger: 0.01",ATTENTION,Speculative,Strong,Balanced Aggressive,Selective Exposure,Growth Allocation,High Risk | Speculative | Strong,46.46,Suitable for investors willing to accept higher volatility in exchange for stronger growth potential. Current setup allows selective exposure under controlled sizing.
ETC/USDT,MATURE,8.82,Downward,-1,0.27,50,48.6,Neutral,0.23,High Risk,Caution,5.7,21.5,D,Underweight,Conservative Allocation,-1.365578124,"WATCHLIST: Reference return 0.2%, Safety 5.7/100, Risk: High Risk","Risk Reference Prices (Current: 8.82) | Lower Warning: 8.38, Lower Danger: 7.94, Upper Warning: 9.26, Upper Danger: 9.7",WATCHLIST,Speculative,Weak,Speculative,Watch / DCA Only,Tactical Satellite Position,High Risk | Speculative | Weak,26.48,Suitable only for high-risk tactical or speculative positioning. Current weakness suggests observation or gradual accumulation only.
RENDER/USDT,MATURE,1.9,Upward,1,1.59,90,55.5,Neutral,-0.14,High Risk,Caution,0,39.5,C,Caution,Risk Mitigation,-0.589037011,"WATCHLIST: Reference return -0.1%, Safety 0.0/100, Risk: High Risk","Risk Reference Prices (Current: 1.90) | Lower Warning: 1.8, Lower Danger: 1.71, Upper Warning: 2.0, Upper Danger: 2.09",WATCHLIST,Speculative,Acceptable,Balanced Aggressive,Selective Exposure,Growth Allocation,High Risk | Speculative | Acceptable,39.88,Suitable for investors willing to accept higher volatility in exchange for stronger growth potential. Current setup allows selective exposure under controlled sizing.
ONT/USDT,MATURE,0.09,Upward,1,4.32,100,52.43,Neutral,1.19,High Risk,Caution,0,49.3,C+,Watchlist,Double Check,0.012594452,"ATTENTION: Reference return 1.2%, Safety 0.0/100, Risk: High Risk","Risk Reference Prices (Current: 0.09) | Lower Warning: 0.09, Lower Danger: 0.08, Upper Warning: 0.1, Upper Danger: 0.1",ATTENTION,Speculative,Strong,Balanced Aggressive,Selective Exposure,Growth Allocation,High Risk | Speculative | Strong,50.83,Suitable for investors willing to accept higher volatility in exchange for stronger growth potential. Current setup allows selective exposure under controlled sizing.
SHIB/USDT,MATURE,0,Downward,-1,1.6,75,46.93,Neutral,-1.93,High Risk,Caution,14.2,38.2,C,Caution,Risk Mitigation,-1.415627415,"WATCHLIST: Reference return -1.9%, Safety 14.2/100, Risk: High Risk","Risk Reference Prices (Current: 0.00) | Lower Warning: 0.0, Lower Danger: 0.0, Upper Warning: 0.0, Upper Danger: 0.0",WATCHLIST,Risky,Acceptable,Balanced Aggressive,Watch / DCA Only,Growth Allocation,High Risk | Risky | Acceptable,41.37,Suitable for investors willing to accept higher volatility in exchange for stronger growth potential. Current weakness suggests observation or gradual accumulation only.
XUSD/USDT,MATURE,1,Downward,-1,1.38,70,49.98,Neutral,-0.01,Low Risk,Safe,99.5,53.4,C+,Watchlist,Double Check,-10.24794172,"WATCHLIST: Reference return -0.0%, Safety 99.5/100, Risk: Low Risk","Risk Reference Prices (Current: 1.00) | Lower Warning: 0.95, Lower Danger: 0.9, Upper Warning: 1.05, Upper Danger: 1.1",WATCHLIST,Safe,Strong,Safe / Defensive,Safe Hold,Defensive / Cash Position,Low Risk | Safe | Strong,74.79,"Best suited for capital preservation, portfolio stabilization, and low-volatility allocation. Current profile supports defensive holding."
ZBT/USDT,MATURE,0.1,Downward,-1,1.15,60,51.82,Neutral,0.36,High Risk,Caution,0,30.8,D,Underweight,Conservative Allocation,-0.818649114,"WATCHLIST: Reference return 0.4%, Safety 0.0/100, Risk: High Risk","Risk Reference Prices (Current: 0.10) | Lower Warning: 0.09, Lower Danger: 0.09, Upper Warning: 0.1, Upper Danger: 0.11",WATCHLIST,Speculative,Acceptable,Balanced Aggressive,Watch / DCA Only,Growth Allocation,High Risk | Speculative | Acceptable,31.3,Suitable for investors willing to accept higher volatility in exchange for stronger growth potential. Current weakness suggests observation or gradual accumulation only.
ZK/USDT,MATURE,0.02,Downward,-1,-1.14,10,40.68,Neutral,-2.18,High Risk,Caution,0,-2.2,D,Underweight,Conservative Allocation,-0.709257239,"WATCHLIST: Reference return -2.2%, Safety 0.0/100, Risk: High Risk","Risk Reference Prices (Current: 0.02) | Lower Warning: 0.01, Lower Danger: 0.01, Upper Warning: 0.02, Upper Danger: 0.02",WATCHLIST,Speculative,Fragile,Speculative,Avoid / Too Fragile,Tactical Satellite Position,High Risk | Speculative | Fragile,7.06,Suitable only for high-risk tactical or speculative positioning. Current profile appears too fragile for normal allocation.
TRU/USDT,MATURE,0.01,Downward,-1,0.38,60,39.31,Bearish,-5.36,High Risk,Caution,0,21.7,D,Underweight,Conservative Allocation,-1.912140635,"WATCHLIST: Reference return -5.4%, Safety 0.0/100, Risk: High Risk","Risk Reference Prices (Current: 0.01) | Lower Warning: 0.01, Lower Danger: 0.0, Upper Warning: 0.01, Upper Danger: 0.01",WATCHLIST,Speculative,Weak,Speculative,Watch / DCA Only,Tactical Satellite Position,High Risk | Speculative | Weak,25.39,Suitable only for high-risk tactical or speculative positioning. Current weakness suggests observation or gradual accumulation only.
DEGO/USDT,MATURE,0.3,Upward,1,-1.27,45,45.2,Neutral,-3.7,High Risk,Caution,0,4.6,D,Underweight,Conservative Allocation,-0.135330535,"WATCHLIST: Reference return -3.7%, Safety 0.0/100, Risk: High Risk","Risk Reference Prices (Current: 0.29) | Lower Warning: 0.28, Lower Danger: 0.27, Upper Warning: 0.31, Upper Danger: 0.32",WATCHLIST,Speculative,Fragile,Speculative,Avoid / Too Fragile,Tactical Satellite Position,High Risk | Speculative | Fragile,14.47,Suitable only for high-risk tactical or speculative positioning. Current profile appears too fragile for normal allocation.
TRUMP/USDT,MATURE,2.89,Downward,-1,-2.01,10,44.26,Neutral,-3.06,High Risk,Caution,2.6,-6.1,D,Underweight,Conservative Allocation,-1.449475676,"WATCHLIST: Reference return -3.1%, Safety 2.6/100, Risk: High Risk","Risk Reference Prices (Current: 2.89) | Lower Warning: 2.74, Lower Danger: 2.6, Upper Warning: 3.03, Upper Danger: 3.17",WATCHLIST,Speculative,Fragile,Speculative,Avoid / Too Fragile,Tactical Satellite Position,High Risk | Speculative | Fragile,4.98,Suitable only for high-risk tactical or speculative positioning. Current profile appears too fragile for normal allocation.
MASK/USDT,MATURE,0.45,Downward,-1,0.25,50,45.6,Neutral,-1.68,High Risk,Caution,0,19.3,D,Underweight,Conservative Allocation,-1.619687204,"WATCHLIST: Reference return -1.7%, Safety 0.0/100, Risk: High Risk","Risk Reference Prices (Current: 0.45) | Lower Warning: 0.43, Lower Danger: 0.41, Upper Warning: 0.47, Upper Danger: 0.5",WATCHLIST,Speculative,Weak,Speculative,Watch / DCA Only,Tactical Satellite Position,High Risk | Speculative | Weak,23.48,Suitable only for high-risk tactical or speculative positioning. Current weakness suggests observation or gradual accumulation only.
ONG/USDT,MATURE,0.09,Downward,-1,1.46,60,47.59,Neutral,-0.61,High Risk,Caution,0,31.6,D,Underweight,Conservative Allocation,-0.555591534,"WATCHLIST: Reference return -0.6%, Safety 0.0/100, Risk: High Risk","Risk Reference Prices (Current: 0.09) | Lower Warning: 0.09, Lower Danger: 0.08, Upper Warning: 0.1, Upper Danger: 0.1",WATCHLIST,Speculative,Acceptable,Balanced Aggressive,Watch / DCA Only,Growth Allocation,High Risk | Speculative | Acceptable,31.89,Suitable for investors willing to accept higher volatility in exchange for stronger growth potential. Current weakness suggests observation or gradual accumulation only.
HEMI/USDT,MATURE,0.01,Downward,-1,2.04,85,34.24,Bearish,-6.13,High Risk,Caution,0,37.5,C,Caution,Risk Mitigation,-2.841543008,"WATCHLIST: Reference return -6.1%, Safety 0.0/100, Risk: High Risk","Risk Reference Prices (Current: 0.01) | Lower Warning: 0.01, Lower Danger: 0.01, Upper Warning: 0.01, Upper Danger: 0.01",WATCHLIST,Speculative,Acceptable,Balanced Aggressive,Watch / DCA Only,Growth Allocation,High Risk | Speculative | Acceptable,37.52,Suitable for investors willing to accept higher volatility in exchange for stronger growth potential. Current weakness suggests observation or gradual accumulation only.
PENDLE/USDT,MATURE,1.02,Downward,-1,-2.89,20,45.63,Neutral,-1.2,High Risk,Caution,0,-7,D,Underweight,Conservative Allocation,-2.228847184,"WATCHLIST: Reference return -1.2%, Safety 0.0/100, Risk: High Risk","Risk Reference Prices (Current: 1.02) | Lower Warning: 0.97, Lower Danger: 0.91, Upper Warning: 1.07, Upper Danger: 1.12",WATCHLIST,Speculative,Fragile,Speculative,Avoid / Too Fragile,Tactical Satellite Position,High Risk | Speculative | Fragile,3.24,Suitable only for high-risk tactical or speculative positioning. Current profile appears too fragile for normal allocation.
ASTER/USDT,MATURE,0.67,Upward,1,0.28,50,52.79,Neutral,-0.51,High Risk,Caution,1,20.9,D,Underweight,Conservative Allocation,-1.078030556,"WATCHLIST: Reference return -0.5%, Safety 1.0/100, Risk: High Risk","Risk Reference Prices (Current: 0.67) | Lower Warning: 0.63, Lower Danger: 0.6, Upper Warning: 0.7, Upper Danger: 0.73",WATCHLIST,Speculative,Weak,Speculative,Selective Exposure,Tactical Satellite Position,High Risk | Speculative | Weak,25.1,Suitable only for high-risk tactical or speculative positioning. Current setup allows selective exposure under controlled sizing.
BONK/USDT,MATURE,0,Downward,-1,-1.35,35,45,Neutral,-1.71,High Risk,Caution,0,2,D,Underweight,Conservative Allocation,-1.641212151,"WATCHLIST: Reference return -1.7%, Safety 0.0/100, Risk: High Risk","Risk Reference Prices (Current: 0.00) | Lower Warning: 0.0, Lower Danger: 0.0, Upper Warning: 0.0, Upper Danger: 0.0",WATCHLIST,Speculative,Fragile,Speculative,Avoid / Too Fragile,Tactical Satellite Position,High Risk | Speculative | Fragile,11.98,Suitable only for high-risk tactical or speculative positioning. Current profile appears too fragile for normal allocation.
FOGO/USDT,MATURE,0.02,Unknown,0,0.32,50,38.93,Bearish,-2.97,High Risk,Caution,0,19,D,Underweight,Conservative Allocation,-2.305297526,"WATCHLIST: Reference return -3.0%, Safety 0.0/100, Risk: High Risk","Risk Reference Prices (Current: 0.02) | Lower Warning: 0.02, Lower Danger: 0.02, Upper Warning: 0.02, Upper Danger: 0.02",WATCHLIST,Speculative,Weak,Speculative,Selective Exposure,Tactical Satellite Position,High Risk | Speculative | Weak,22.89,Suitable only for high-risk tactical or speculative positioning. Current setup allows selective exposure under controlled sizing.
TON/USDT,MATURE,1.25,Downward,-1,0.39,60,46.4,Neutral,-1.02,High Risk,Caution,11.9,25.2,D,Underweight,Conservative Allocation,-1.761225539,"WATCHLIST: Reference return -1.0%, Safety 11.9/100, Risk: High Risk","Risk Reference Prices (Current: 1.25) | Lower Warning: 1.19, Lower Danger: 1.13, Upper Warning: 1.32, Upper Danger: 1.38",WATCHLIST,Risky,Acceptable,Balanced Aggressive,Watch / DCA Only,Growth Allocation,High Risk | Risky | Acceptable,31.34,Suitable for investors willing to accept higher volatility in exchange for stronger growth potential. Current weakness suggests observation or gradual accumulation only.
HBAR/USDT,MATURE,0.09,Downward,-1,-1.33,35,48.79,Neutral,-0.52,High Risk,Caution,12.4,5.2,D,Underweight,Conservative Allocation,-1.677332915,"WATCHLIST: Reference return -0.5%, Safety 12.4/100, Risk: High Risk","Risk Reference Prices (Current: 0.09) | Lower Warning: 0.08, Lower Danger: 0.08, Upper Warning: 0.09, Upper Danger: 0.1",WATCHLIST,Risky,Fragile,Speculative,Avoid / Too Fragile,Tactical Satellite Position,High Risk | Risky | Fragile,17.7,Suitable only for high-risk tactical or speculative positioning. Current profile appears too fragile for normal allocation.
SIGN/USDT,MATURE,0.03,Upward,1,-1.2,45,49.8,Neutral,-2.44,High Risk,Caution,0,5.7,D,Underweight,Conservative Allocation,-0.416486089,"WATCHLIST: Reference return -2.4%, Safety 0.0/100, Risk: High Risk","Risk Reference Prices (Current: 0.03) | Lower Warning: 0.03, Lower Danger: 0.03, Upper Warning: 0.04, Upper Danger: 0.04",WATCHLIST,Speculative,Fragile,Speculative,Avoid / Too Fragile,Tactical Satellite Position,High Risk | Speculative | Fragile,15.44,Suitable only for high-risk tactical or speculative positioning. Current profile appears too fragile for normal allocation.
PENGU/USDT,MATURE,0.01,Downward,-1,-1.34,35,47.48,Neutral,-1.85,High Risk,Caution,0,2.4,D,Underweight,Conservative Allocation,-1.918915395,"WATCHLIST: Reference return -1.8%, Safety 0.0/100, Risk: High Risk","Risk Reference Prices (Current: 0.01) | Lower Warning: 0.01, Lower Danger: 0.01, Upper Warning: 0.01, Upper Danger: 0.01",WATCHLIST,Speculative,Fragile,Speculative,Avoid / Too Fragile,Tactical Satellite Position,High Risk | Speculative | Fragile,12.37,Suitable only for high-risk tactical or speculative positioning. Current profile appears too fragile for normal allocation.
BERA/USDT,MATURE,0.4,Downward,-1,-0.95,30,45.28,Neutral,-7,High Risk,Caution,0,3.9,D,Underweight,Conservative Allocation,-0.936079791,"WATCHLIST: Reference return -7.0%, Safety 0.0/100, Risk: High Risk","Risk Reference Prices (Current: 0.40) | Lower Warning: 0.38, Lower Danger: 0.36, Upper Warning: 0.42, Upper Danger: 0.44",WATCHLIST,Speculative,Fragile,Speculative,Avoid / Too Fragile,Tactical Satellite Position,High Risk | Speculative | Fragile,12.82,Suitable only for high-risk tactical or speculative positioning. Current profile appears too fragile for normal allocation.
NMR/USDT,MATURE,7.69,Downward,-1,0.52,70,42.76,Neutral,-2.09,High Risk,Caution,0,25.5,D,Underweight,Conservative Allocation,-0.943314915,"WATCHLIST: Reference return -2.1%, Safety 0.0/100, Risk: High Risk","Risk Reference Prices (Current: 7.69) | Lower Warning: 7.31, Lower Danger: 6.92, Upper Warning: 8.07, Upper Danger: 8.46",WATCHLIST,Speculative,Acceptable,Balanced Aggressive,Watch / DCA Only,Growth Allocation,High Risk | Speculative | Acceptable,28.73,Suitable for investors willing to accept higher volatility in exchange for stronger growth potential. Current weakness suggests observation or gradual accumulation only.
ONDO/USDT,MATURE,0.26,Downward,-1,-1.33,35,48.8,Neutral,-0.55,High Risk,Caution,0,2.7,D,Underweight,Conservative Allocation,-2.171906132,"WATCHLIST: Reference return -0.5%, Safety 0.0/100, Risk: High Risk","Risk Reference Prices (Current: 0.26) | Lower Warning: 0.25, Lower Danger: 0.23, Upper Warning: 0.27, Upper Danger: 0.28",WATCHLIST,Speculative,Fragile,Speculative,Avoid / Too Fragile,Tactical Satellite Position,High Risk | Speculative | Fragile,12.62,Suitable only for high-risk tactical or speculative positioning. Current profile appears too fragile for normal allocation.
ARB/USDT,MATURE,0.09,Downward,-1,0.19,50,41.22,Neutral,-1.03,High Risk,Caution,0,18.1,D,Underweight,Conservative Allocation,-2.499580871,"WATCHLIST: Reference return -1.0%, Safety 0.0/100, Risk: High Risk","Risk Reference Prices (Current: 0.09) | Lower Warning: 0.09, Lower Danger: 0.09, Upper Warning: 0.1, Upper Danger: 0.1",WATCHLIST,Speculative,Weak,Speculative,Watch / DCA Only,Tactical Satellite Position,High Risk | Speculative | Weak,22.53,Suitable only for high-risk tactical or speculative positioning. Current weakness suggests observation or gradual accumulation only.
VIRTUAL/USDT,MATURE,0.64,Downward,-1,-0.93,35,52.24,Neutral,0.04,High Risk,Caution,0,6.2,D,Underweight,Conservative Allocation,-0.226367902,"WATCHLIST: Reference return 0.0%, Safety 0.0/100, Risk: High Risk","Risk Reference Prices (Current: 0.64) | Lower Warning: 0.61, Lower Danger: 0.57, Upper Warning: 0.67, Upper Danger: 0.7",WATCHLIST,Speculative,Fragile,Speculative,Avoid / Too Fragile,Tactical Satellite Position,High Risk | Speculative | Fragile,15.01,Suitable only for high-risk tactical or speculative positioning. Current profile appears too fragile for normal allocation.
FIL/USDT,MATURE,0.85,Downward,-1,0.3,50,44.71,Neutral,-0.94,High Risk,Caution,0,19.7,D,Underweight,Conservative Allocation,-0.624968114,"WATCHLIST: Reference return -0.9%, Safety 0.0/100, Risk: High Risk","Risk Reference Prices (Current: 0.85) | Lower Warning: 0.81, Lower Danger: 0.77, Upper Warning: 0.9, Upper Danger: 0.94",WATCHLIST,Speculative,Weak,Speculative,Watch / DCA Only,Tactical Satellite Position,High Risk | Speculative | Weak,23.63,Suitable only for high-risk tactical or speculative positioning. Current weakness suggests observation or gradual accumulation only.
CTSI/USDT,MATURE,0.04,Downward,-1,0.72,60,46.44,Neutral,-2.3,High Risk,Caution,0,25.9,D,Underweight,Conservative Allocation,-0.533218958,"WATCHLIST: Reference return -2.3%, Safety 0.0/100, Risk: High Risk","Risk Reference Prices (Current: 0.04) | Lower Warning: 0.03, Lower Danger: 0.03, Upper Warning: 0.04, Upper Danger: 0.04",WATCHLIST,Speculative,Acceptable,Balanced Aggressive,Watch / DCA Only,Growth Allocation,High Risk | Speculative | Acceptable,28.21,Suitable for investors willing to accept higher volatility in exchange for stronger growth potential. Current weakness suggests observation or gradual accumulation only.
2Z/USDT,MATURE,0.09,Downward,-1,1.18,65,44.18,Neutral,-1.55,High Risk,Caution,0,30.2,D,Underweight,Conservative Allocation,-2.313076591,"WATCHLIST: Reference return -1.6%, Safety 0.0/100, Risk: High Risk","Risk Reference Prices (Current: 0.09) | Lower Warning: 0.08, Lower Danger: 0.08, Upper Warning: 0.09, Upper Danger: 0.1",WATCHLIST,Speculative,Acceptable,Balanced Aggressive,Watch / DCA Only,Growth Allocation,High Risk | Speculative | Acceptable,31.18,Suitable for investors willing to accept higher volatility in exchange for stronger growth potential. Current weakness suggests observation or gradual accumulation only.
POL/USDT,MATURE,0.09,Downward,-1,0.19,50,47.01,Neutral,-0.63,High Risk,Caution,9.2,20.8,D,Underweight,Conservative Allocation,-1.669744141,"WATCHLIST: Reference return -0.6%, Safety 9.2/100, Risk: High Risk","Risk Reference Prices (Current: 0.09) | Lower Warning: 0.09, Lower Danger: 0.08, Upper Warning: 0.1, Upper Danger: 0.1",WATCHLIST,Speculative,Weak,Speculative,Watch / DCA Only,Tactical Satellite Position,High Risk | Speculative | Weak,27.14,Suitable only for high-risk tactical or speculative positioning. Current weakness suggests observation or gradual accumulation only.
DASH/USDT,MATURE,30.45,Downward,-1,-0.44,35,51.07,Neutral,-1.6,High Risk,Caution,0,10.3,D,Underweight,Conservative Allocation,0.831234387,"WATCHLIST: Reference return -1.6%, Safety 0.0/100, Risk: High Risk","Risk Reference Prices (Current: 30.45) | Lower Warning: 28.93, Lower Danger: 27.4, Upper Warning: 31.97, Upper Danger: 33.5",WATCHLIST,Speculative,Weak,Speculative,High Risk Tactical Only,Tactical Satellite Position,High Risk | Speculative | Weak,17.35,"Suitable only for high-risk tactical or speculative positioning. Current profile is only suitable for tactical, high-risk participation."
SAGA/USDT,MATURE,0.03,Downward,-1,0.22,50,44.34,Neutral,-2.15,High Risk,Caution,0,18.8,D,Underweight,Conservative Allocation,-2.283060625,"WATCHLIST: Reference return -2.1%, Safety 0.0/100, Risk: High Risk","Risk Reference Prices (Current: 0.03) | Lower Warning: 0.03, Lower Danger: 0.03, Upper Warning: 0.03, Upper Danger: 0.03",WATCHLIST,Speculative,Weak,Speculative,Watch / DCA Only,Tactical Satellite Position,High Risk | Speculative | Weak,23.12,Suitable only for high-risk tactical or speculative positioning. Current weakness suggests observation or gradual accumulation only.
JUV/USDT,MATURE,0.5,Downward,-1,-0.51,45,44.16,Neutral,-2.38,High Risk,Caution,25.6,15.8,D,Underweight,Conservative Allocation,-1.801855176,"WATCHLIST: Reference return -2.4%, Safety 25.6/100, Risk: High Risk","Risk Reference Prices (Current: 0.50) | Lower Warning: 0.48, Lower Danger: 0.45, Upper Warning: 0.53, Upper Danger: 0.55",WATCHLIST,Caution,Weak,Aggressive Growth,Watch / DCA Only,High-Beta Growth Position,High Risk | Caution | Weak,28.59,Suitable for aggressive investors targeting high upside with elevated risk exposure. Current weakness suggests observation or gradual accumulation only.
RLUSD/USDT,MATURE,1,Unknown,0,0.33,25,49.98,Neutral,-0.01,Low Risk,Safe,99.6,35.7,C,Caution,Risk Mitigation,-12.550977,"WATCHLIST: Reference return -0.0%, Safety 99.6/100, Risk: Low Risk","Risk Reference Prices (Current: 1.00) | Lower Warning: 0.95, Lower Danger: 0.9, Upper Warning: 1.05, Upper Danger: 1.1",WATCHLIST,Safe,Acceptable,Safe / Defensive,Safe Hold,Defensive / Cash Position,Low Risk | Safe | Acceptable,60.14,"Best suited for capital preservation, portfolio stabilization, and low-volatility allocation. Current profile supports defensive holding."
G/USDT,MATURE,0,Downward,-1,-1.77,55,46.49,Neutral,-2.19,High Risk,Caution,0,3.8,D,Underweight,Conservative Allocation,-0.939680626,"WATCHLIST: Reference return -2.2%, Safety 0.0/100, Risk: High Risk","Risk Reference Prices (Current: 0.00) | Lower Warning: 0.0, Lower Danger: 0.0, Upper Warning: 0.0, Upper Danger: 0.0",WATCHLIST,Speculative,Fragile,Speculative,Avoid / Too Fragile,Tactical Satellite Position,High Risk | Speculative | Fragile,14.61,Suitable only for high-risk tactical or speculative positioning. Current profile appears too fragile for normal allocation.
ICP/USDT,MATURE,2.31,Downward,-1,-1.02,35,47.34,Neutral,-1.52,High Risk,Caution,0,4.7,D,Underweight,Conservative Allocation,-0.416814555,"WATCHLIST: Reference return -1.5%, Safety 0.0/100, Risk: High Risk","Risk Reference Prices (Current: 2.31) | Lower Warning: 2.19, Lower Danger: 2.07, Upper Warning: 2.42, Upper Danger: 2.54",WATCHLIST,Speculative,Fragile,Speculative,Avoid / Too Fragile,Tactical Satellite Position,High Risk | Speculative | Fragile,13.84,Suitable only for high-risk tactical or speculative positioning. Current profile appears too fragile for normal allocation.
DOLO/USDT,MATURE,0.03,Downward,-1,0.24,60,45.49,Neutral,-1.41,High Risk,Caution,0,21.2,D,Underweight,Conservative Allocation,-0.9417081,"WATCHLIST: Reference return -1.4%, Safety 0.0/100, Risk: High Risk","Risk Reference Prices (Current: 0.03) | Lower Warning: 0.03, Lower Danger: 0.03, Upper Warning: 0.04, Upper Danger: 0.04",WATCHLIST,Speculative,Weak,Speculative,Watch / DCA Only,Tactical Satellite Position,High Risk | Speculative | Weak,25.51,Suitable only for high-risk tactical or speculative positioning. Current weakness suggests observation or gradual accumulation only.
PUMP/USDT,MATURE,0,Downward,-1,-1.32,35,41.99,Neutral,-3.2,High Risk,Caution,0,1.7,D,Underweight,Conservative Allocation,-1.212513773,"WATCHLIST: Reference return -3.2%, Safety 0.0/100, Risk: High Risk","Risk Reference Prices (Current: 0.00) | Lower Warning: 0.0, Lower Danger: 0.0, Upper Warning: 0.0, Upper Danger: 0.0",WATCHLIST,Speculative,Fragile,Speculative,Avoid / Too Fragile,Tactical Satellite Position,High Risk | Speculative | Fragile,11.66,Suitable only for high-risk tactical or speculative positioning. Current profile appears too fragile for normal allocation.
LRC/USDT,MATURE,0.02,Downward,-1,-1.3,20,33.73,Bearish,-4.1,High Risk,Caution,0,-2.4,D,Underweight,Conservative Allocation,-2.437093532,"WATCHLIST: Reference return -4.1%, Safety 0.0/100, Risk: High Risk","Risk Reference Prices (Current: 0.02) | Lower Warning: 0.02, Lower Danger: 0.02, Upper Warning: 0.02, Upper Danger: 0.02",WATCHLIST,Speculative,Fragile,Speculative,Avoid / Too Fragile,Tactical Satellite Position,High Risk | Speculative | Fragile,7.4,Suitable only for high-risk tactical or speculative positioning. Current profile appears too fragile for normal allocation.
VET/USDT,MATURE,0.01,Downward,-1,0.22,50,43.84,Neutral,-1.13,High Risk,Caution,0,18.8,D,Underweight,Conservative Allocation,-1.91099479,"WATCHLIST: Reference return -1.1%, Safety 0.0/100, Risk: High Risk","Risk Reference Prices (Current: 0.01) | Lower Warning: 0.01, Lower Danger: 0.01, Upper Warning: 0.01, Upper Danger: 0.01",WATCHLIST,Speculative,Weak,Speculative,Watch / DCA Only,Tactical Satellite Position,High Risk | Speculative | Weak,23.07,Suitable only for high-risk tactical or speculative positioning. Current weakness suggests observation or gradual accumulation only.
MITO/USDT,MATURE,0.04,Downward,-1,0.39,60,42.29,Neutral,-1.47,High Risk,Caution,0,22.2,D,Underweight,Conservative Allocation,-1.813509166,"WATCHLIST: Reference return -1.5%, Safety 0.0/100, Risk: High Risk","Risk Reference Prices (Current: 0.04) | Lower Warning: 0.04, Lower Danger: 0.04, Upper Warning: 0.04, Upper Danger: 0.04",WATCHLIST,Speculative,Weak,Speculative,Watch / DCA Only,Tactical Satellite Position,High Risk | Speculative | Weak,25.86,Suitable only for high-risk tactical or speculative positioning. Current weakness suggests observation or gradual accumulation only.
SEI/USDT,MATURE,0.05,Downward,-1,-0.47,45,38.38,Bearish,-3.88,High Risk,Caution,0,10.1,D,Underweight,Conservative Allocation,-3.047531552,"WATCHLIST: Reference return -3.9%, Safety 0.0/100, Risk: High Risk","Risk Reference Prices (Current: 0.05) | Lower Warning: 0.05, Lower Danger: 0.05, Upper Warning: 0.06, Upper Danger: 0.06",WATCHLIST,Speculative,Weak,Speculative,High Risk Tactical Only,Tactical Satellite Position,High Risk | Speculative | Weak,17.44,"Suitable only for high-risk tactical or speculative positioning. Current profile is only suitable for tactical, high-risk participation."
KAT/USDT,COLD,0.01,Unknown,0,-0.17,0,50,Low Confidence,0,Low Risk,Mediate,66.5,19.1,D,Underweight,Conservative Allocation,-2.101952792,"WATCHLIST: Reference return 0.0%, Safety 66.5/100, Risk: Low Risk","Risk Reference Prices (Current: 0.01) | Lower Warning: 0.01, Lower Danger: 0.01, Upper Warning: 0.01, Upper Danger: 0.01",WATCHLIST,Defensive,Weak,Conservative,Watch / DCA Only,Core Allocation,Low Risk | Defensive | Weak,38.58,Suitable for lower-risk investors seeking relatively stable core exposure. Current weakness suggests observation or gradual accumulation only.
STRAX/USDT,MATURE,0.01,Downward,-1,0.22,50,43.24,Neutral,-2.13,High Risk,Caution,8.7,20.4,D,Underweight,Conservative Allocation,-2.427073427,"WATCHLIST: Reference return -2.1%, Safety 8.7/100, Risk: High Risk","Risk Reference Prices (Current: 0.01) | Lower Warning: 0.01, Lower Danger: 0.01, Upper Warning: 0.01, Upper Danger: 0.01",WATCHLIST,Speculative,Weak,Speculative,Watch / DCA Only,Tactical Satellite Position,High Risk | Speculative | Weak,26.54,Suitable only for high-risk tactical or speculative positioning. Current weakness suggests observation or gradual accumulation only.
DEXE/USDT,MATURE,8.68,Upward,1,1.62,85,77.06,Bullish,11.7,High Risk,Caution,0,58.3,B,Attention,Opportunity Confirmation,0.665363702,"WATCHLIST: Reference return 11.7%, Safety 0.0/100, Risk: High Risk","Risk Reference Prices (Current: 8.68) | Lower Warning: 8.24, Lower Danger: 7.81, Upper Warning: 9.11, Upper Danger: 9.54",WATCHLIST,Speculative,Strong,Balanced Aggressive,Selective Exposure,Growth Allocation,High Risk | Speculative | Strong,47,Suitable for investors willing to accept higher volatility in exchange for stronger growth potential. Current setup allows selective exposure under controlled sizing.
CHZ/USDT,MATURE,0.04,Downward,-1,2.68,65,46.35,Neutral,-0.57,Low Risk,Caution,10.1,39.4,C,Caution,Risk Mitigation,0.168137721,"WATCHLIST: Reference return -0.6%, Safety 10.1/100, Risk: Low Risk","Risk Reference Prices (Current: 0.04) | Lower Warning: 0.04, Lower Danger: 0.03, Upper Warning: 0.04, Upper Danger: 0.04",WATCHLIST,Risky,Acceptable,Moderately Conservative,Watch / DCA Only,Core Allocation,Low Risk | Risky | Acceptable,41.44,"Suitable as a relatively stable core risk asset, but current conditions require caution. Current weakness suggests observation or gradual accumulation only."
ZAMA/USDT,MATURE,0.02,Unknown,0,-1.1,25,47.77,Neutral,-1.6,Low Risk,Caution,20.2,6.2,D,Underweight,Conservative Allocation,-1.256082247,"WATCHLIST: Reference return -1.6%, Safety 20.2/100, Risk: Low Risk","Risk Reference Prices (Current: 0.02) | Lower Warning: 0.02, Lower Danger: 0.02, Upper Warning: 0.02, Upper Danger: 0.02",WATCHLIST,Risky,Fragile,Moderately Conservative,Avoid / Too Fragile,Core Allocation,Low Risk | Risky | Fragile,19.71,"Suitable as a relatively stable core risk asset, but current conditions require caution. Current profile appears too fragile for normal allocation."
USTC/USDT,MATURE,0,Downward,-1,0.56,60,45.96,Neutral,-0.61,High Risk,Caution,11,26.6,D,Underweight,Conservative Allocation,-0.59776243,"WATCHLIST: Reference return -0.6%, Safety 11.0/100, Risk: High Risk","Risk Reference Prices (Current: 0.00) | Lower Warning: 0.0, Lower Danger: 0.0, Upper Warning: 0.0, Upper Danger: 0.01",WATCHLIST,Risky,Acceptable,Balanced Aggressive,Watch / DCA Only,Growth Allocation,High Risk | Risky | Acceptable,31.83,Suitable for investors willing to accept higher volatility in exchange for stronger growth potential. Current weakness suggests observation or gradual accumulation only.
JST/USDT,MATURE,0.06,Upward,1,1.77,85,62.09,Bullish,3.85,Low Risk,Mediate,54.5,57.7,B,Attention,Opportunity Confirmation,1.922922285,"WATCHLIST: Reference return 3.9%, Safety 54.5/100, Risk: Low Risk","Risk Reference Prices (Current: 0.06) | Lower Warning: 0.06, Lower Danger: 0.06, Upper Warning: 0.07, Upper Danger: 0.07",WATCHLIST,Defensive,Strong,Moderately Conservative,Selective Exposure,Core Allocation,Low Risk | Defensive | Strong,64.77,"Suitable as a relatively stable core risk asset, but current conditions require caution. Current setup allows selective exposure under controlled sizing."
FIDA/USDT,MATURE,0.02,Downward,-1,0.85,75,39.25,Bearish,-2.76,High Risk,Caution,0,28.9,D,Underweight,Conservative Allocation,-2.075859297,"WATCHLIST: Reference return -2.8%, Safety 0.0/100, Risk: High Risk","Risk Reference Prices (Current: 0.02) | Lower Warning: 0.02, Lower Danger: 0.02, Upper Warning: 0.02, Upper Danger: 0.02",WATCHLIST,Speculative,Acceptable,Balanced Aggressive,Watch / DCA Only,Growth Allocation,High Risk | Speculative | Acceptable,30.97,Suitable for investors willing to accept higher volatility in exchange for stronger growth potential. Current weakness suggests observation or gradual accumulation only.
RESOLV/USDT,MATURE,0.04,Downward,-1,-1.81,10,38.13,Bearish,-4.3,High Risk,Caution,0,-6.7,D,Underweight,Conservative Allocation,-0.511816273,"WATCHLIST: Reference return -4.3%, Safety 0.0/100, Risk: High Risk","Risk Reference Prices (Current: 0.04) | Lower Warning: 0.03, Lower Danger: 0.03, Upper Warning: 0.04, Upper Danger: 0.04",WATCHLIST,Speculative,Fragile,Speculative,Avoid / Too Fragile,Tactical Satellite Position,High Risk | Speculative | Fragile,3.78,Suitable only for high-risk tactical or speculative positioning. Current profile appears too fragile for normal allocation.
APT/USDT,MATURE,0.85,Downward,-1,-2.23,10,45.57,Neutral,-4.51,High Risk,Caution,0,-7.3,D,Underweight,Conservative Allocation,-2.191273309,"WATCHLIST: Reference return -4.5%, Safety 0.0/100, Risk: High Risk","Risk Reference Prices (Current: 0.85) | Lower Warning: 0.81, Lower Danger: 0.76, Upper Warning: 0.89, Upper Danger: 0.94",WATCHLIST,Speculative,Fragile,Speculative,Avoid / Too Fragile,Tactical Satellite Position,High Risk | Speculative | Fragile,3.29,Suitable only for high-risk tactical or speculative positioning. Current profile appears too fragile for normal allocation.
SAHARA/USDT,MATURE,0.02,Upward,1,-1.36,45,56.27,Neutral,-2.36,High Risk,Caution,0,5.6,D,Underweight,Conservative Allocation,-1.151478429,"WATCHLIST: Reference return -2.4%, Safety 0.0/100, Risk: High Risk","Risk Reference Prices (Current: 0.02) | Lower Warning: 0.02, Lower Danger: 0.02, Upper Warning: 0.02, Upper Danger: 0.02",WATCHLIST,Speculative,Fragile,Speculative,Avoid / Too Fragile,Tactical Satellite Position,High Risk | Speculative | Fragile,15.66,Suitable only for high-risk tactical or speculative positioning. Current profile appears too fragile for normal allocation.
POLYX/USDT,MATURE,0.05,Downward,-1,1.8,85,49.28,Neutral,-0.5,High Risk,Caution,0,38.7,C,Caution,Risk Mitigation,-1.2083435,"WATCHLIST: Reference return -0.5%, Safety 0.0/100, Risk: High Risk","Risk Reference Prices (Current: 0.05) | Lower Warning: 0.05, Lower Danger: 0.04, Upper Warning: 0.05, Upper Danger: 0.05",WATCHLIST,Speculative,Acceptable,Balanced Aggressive,Watch / DCA Only,Growth Allocation,High Risk | Speculative | Acceptable,38.79,Suitable for investors willing to accept higher volatility in exchange for stronger growth potential. Current weakness suggests observation or gradual accumulation only.
GAS/USDT,MATURE,1.77,Downward,-1,2.17,85,47.87,Neutral,0.53,High Risk,Caution,0,41,C,Caution,Risk Mitigation,-1.048391652,"WATCHLIST: Reference return 0.5%, Safety 0.0/100, Risk: High Risk","Risk Reference Prices (Current: 1.77) | Lower Warning: 1.68, Lower Danger: 1.59, Upper Warning: 1.86, Upper Danger: 1.95",WATCHLIST,Speculative,Strong,Balanced Aggressive,Watch / DCA Only,Growth Allocation,High Risk | Speculative | Strong,40.26,Suitable for investors willing to accept higher volatility in exchange for stronger growth potential. Current weakness suggests observation or gradual accumulation only.
WBTC/USDT,MATURE,68980.81,Downward,-1,-1.13,35,55.15,Neutral,-0.49,Low Risk,Caution,28.9,10.8,D,Underweight,Conservative Allocation,-1.524406675,"WATCHLIST: Reference return -0.5%, Safety 28.9/100, Risk: Low Risk","Risk Reference Prices (Current: 68980.81) | Lower Warning: 65531.77, Lower Danger: 62082.73, Upper Warning: 72429.85, Upper Danger: 75878.89",WATCHLIST,Caution,Weak,Moderately Conservative,High Risk Tactical Only,Core Allocation,Low Risk | Caution | Weak,26.3,"Suitable as a relatively stable core risk asset, but current conditions require caution. Current profile is only suitable for tactical, high-risk participation."
CRV/USDT,MATURE,0.21,Downward,-1,0.18,50,43.35,Neutral,-1.91,High Risk,Caution,0,18.3,D,Underweight,Conservative Allocation,-1.713664112,"WATCHLIST: Reference return -1.9%, Safety 0.0/100, Risk: High Risk","Risk Reference Prices (Current: 0.21) | Lower Warning: 0.2, Lower Danger: 0.19, Upper Warning: 0.22, Upper Danger: 0.23",WATCHLIST,Speculative,Weak,Speculative,Watch / DCA Only,Tactical Satellite Position,High Risk | Speculative | Weak,22.78,Suitable only for high-risk tactical or speculative positioning. Current weakness suggests observation or gradual accumulation only.
HUMA/USDT,MATURE,0.01,Downward,-1,-0.87,35,48.14,Neutral,-3.04,High Risk,Caution,0,6,D,Underweight,Conservative Allocation,-0.257256152,"WATCHLIST: Reference return -3.0%, Safety 0.0/100, Risk: High Risk","Risk Reference Prices (Current: 0.01) | Lower Warning: 0.01, Lower Danger: 0.01, Upper Warning: 0.02, Upper Danger: 0.02",WATCHLIST,Speculative,Fragile,Speculative,Avoid / Too Fragile,Tactical Satellite Position,High Risk | Speculative | Fragile,14.69,Suitable only for high-risk tactical or speculative positioning. Current profile appears too fragile for normal allocation.
SNX/USDT,MATURE,0.29,Downward,-1,0.55,60,46.02,Neutral,-0.67,High Risk,Caution,0,24.3,D,Underweight,Conservative Allocation,-0.237389421,"WATCHLIST: Reference return -0.7%, Safety 0.0/100, Risk: High Risk","Risk Reference Prices (Current: 0.29) | Lower Warning: 0.27, Lower Danger: 0.26, Upper Warning: 0.3, Upper Danger: 0.31",WATCHLIST,Speculative,Weak,Speculative,Watch / DCA Only,Tactical Satellite Position,High Risk | Speculative | Weak,27.27,Suitable only for high-risk tactical or speculative positioning. Current weakness suggests observation or gradual accumulation only.
WIF/USDT,MATURE,0.18,Downward,-1,1.07,65,40.56,Neutral,-2.78,High Risk,Caution,0,28.9,D,Underweight,Conservative Allocation,-1.654160372,"WATCHLIST: Reference return -2.8%, Safety 0.0/100, Risk: High Risk","Risk Reference Prices (Current: 0.18) | Lower Warning: 0.17, Lower Danger: 0.16, Upper Warning: 0.19, Upper Danger: 0.2",WATCHLIST,Speculative,Acceptable,Balanced Aggressive,Watch / DCA Only,Growth Allocation,High Risk | Speculative | Acceptable,30.15,Suitable for investors willing to accept higher volatility in exchange for stronger growth potential. Current weakness suggests observation or gradual accumulation only.
BROCCOLI714/USDT,MATURE,0.01,Downward,-1,0.37,50,44.34,Neutral,-1.9,High Risk,Caution,0,20.3,D,Underweight,Conservative Allocation,-0.115834616,"WATCHLIST: Reference return -1.9%, Safety 0.0/100, Risk: High Risk","Risk Reference Prices (Current: 0.01) | Lower Warning: 0.01, Lower Danger: 0.01, Upper Warning: 0.01, Upper Danger: 0.01",WATCHLIST,Speculative,Weak,Speculative,Watch / DCA Only,Tactical Satellite Position,High Risk | Speculative | Weak,23.95,Suitable only for high-risk tactical or speculative positioning. Current weakness suggests observation or gradual accumulation only.
ETHFI/USDT,MATURE,0.45,Downward,-1,-2.17,10,50.68,Neutral,-0.4,High Risk,Caution,0,-6.3,D,Underweight,Conservative Allocation,-1.426771223,"WATCHLIST: Reference return -0.4%, Safety 0.0/100, Risk: High Risk","Risk Reference Prices (Current: 0.45) | Lower Warning: 0.43, Lower Danger: 0.4, Upper Warning: 0.47, Upper Danger: 0.5",WATCHLIST,Speculative,Fragile,Speculative,Avoid / Too Fragile,Tactical Satellite Position,High Risk | Speculative | Fragile,4.25,Suitable only for high-risk tactical or speculative positioning. Current profile appears too fragile for normal allocation.
QNT/USDT,MATURE,75.25,Upward,1,1.19,80,56.06,Neutral,0.09,Low Risk,Caution,14.7,38.2,C,Caution,Risk Mitigation,-0.227858394,"WATCHLIST: Reference return 0.1%, Safety 14.7/100, Risk: Low Risk","Risk Reference Prices (Current: 75.25) | Lower Warning: 71.49, Lower Danger: 67.73, Upper Warning: 79.01, Upper Danger: 82.78",WATCHLIST,Risky,Acceptable,Moderately Conservative,Selective Exposure,Core Allocation,Low Risk | Risky | Acceptable,42.19,"Suitable as a relatively stable core risk asset, but current conditions require caution. Current setup allows selective exposure under controlled sizing."
ORDI/USDT,MATURE,2.36,Downward,-1,0.21,50,42.72,Neutral,-2.49,High Risk,Caution,0,18.5,D,Underweight,Conservative Allocation,-1.34048311,"WATCHLIST: Reference return -2.5%, Safety 0.0/100, Risk: High Risk","Risk Reference Prices (Current: 2.36) | Lower Warning: 2.24, Lower Danger: 2.12, Upper Warning: 2.48, Upper Danger: 2.6",WATCHLIST,Speculative,Weak,Speculative,Watch / DCA Only,Tactical Satellite Position,High Risk | Speculative | Weak,22.85,Suitable only for high-risk tactical or speculative positioning. Current weakness suggests observation or gradual accumulation only.
EDU/USDT,MATURE,0.05,Downward,-1,-0.98,40,28.85,Bearish,-8.77,High Risk,Caution,0,3.2,D,Underweight,Conservative Allocation,-0.878377634,"WATCHLIST: Reference return -8.8%, Safety 0.0/100, Risk: High Risk","Risk Reference Prices (Current: 0.05) | Lower Warning: 0.05, Lower Danger: 0.04, Upper Warning: 0.05, Upper Danger: 0.05",WATCHLIST,Speculative,Fragile,Speculative,Avoid / Too Fragile,Tactical Satellite Position,High Risk | Speculative | Fragile,12.4,Suitable only for high-risk tactical or speculative positioning. Current profile appears too fragile for normal allocation.
OPN/USDT,WARM,0.19,Unknown,0,-1.27,20,50,Low Confidence,-2.6,High Risk,Caution,0,0.3,D,Underweight,Conservative Allocation,-4.975071066,"WATCHLIST: Reference return -2.6%, Safety 0.0/100, Risk: High Risk","Risk Reference Prices (Current: 0.19) | Lower Warning: 0.18, Lower Danger: 0.17, Upper Warning: 0.2, Upper Danger: 0.21",WATCHLIST,Speculative,Fragile,Speculative,Avoid / Too Fragile,Tactical Satellite Position,High Risk | Speculative | Fragile,9.91,Suitable only for high-risk tactical or speculative positioning. Current profile appears too fragile for normal allocation.
WLFI/USDT,MATURE,0.1,Downward,-1,0.31,50,43.81,Neutral,-2.45,High Risk,Caution,10.3,21.7,D,Underweight,Conservative Allocation,-0.8454549,"WATCHLIST: Reference return -2.5%, Safety 10.3/100, Risk: High Risk","Risk Reference Prices (Current: 0.10) | Lower Warning: 0.09, Lower Danger: 0.09, Upper Warning: 0.1, Upper Danger: 0.11",WATCHLIST,Risky,Weak,Aggressive Growth,Watch / DCA Only,High-Beta Growth Position,High Risk | Risky | Weak,27.77,Suitable for aggressive investors targeting high upside with elevated risk exposure. Current weakness suggests observation or gradual accumulation only.
CAKE/USDT,MATURE,1.42,Downward,-1,0.47,60,49.14,Neutral,-0.63,High Risk,Caution,2.9,24.6,D,Underweight,Conservative Allocation,-0.595103792,"WATCHLIST: Reference return -0.6%, Safety 2.9/100, Risk: High Risk","Risk Reference Prices (Current: 1.42) | Lower Warning: 1.35, Lower Danger: 1.28, Upper Warning: 1.49, Upper Danger: 1.56",WATCHLIST,Speculative,Weak,Speculative,Watch / DCA Only,Tactical Satellite Position,High Risk | Speculative | Weak,28.48,Suitable only for high-risk tactical or speculative positioning. Current weakness suggests observation or gradual accumulation only.
DYDX/USDT,MATURE,0.1,Downward,-1,1.43,75,42.46,Neutral,-1.44,High Risk,Caution,0,33.6,D,Underweight,Conservative Allocation,-2.354866412,"WATCHLIST: Reference return -1.4%, Safety 0.0/100, Risk: High Risk","Risk Reference Prices (Current: 0.10) | Lower Warning: 0.1, Lower Danger: 0.09, Upper Warning: 0.11, Upper Danger: 0.11",WATCHLIST,Speculative,Acceptable,Balanced Aggressive,Watch / DCA Only,Growth Allocation,High Risk | Speculative | Acceptable,34.15,Suitable for investors willing to accept higher volatility in exchange for stronger growth potential. Current weakness suggests observation or gradual accumulation only.
ZRO/USDT,MATURE,1.87,Upward,1,-0.78,35,52.8,Neutral,1.51,Low Risk,Caution,1.5,10.3,D,Underweight,Conservative Allocation,0.223930724,"WATCHLIST: Reference return 1.5%, Safety 1.5/100, Risk: Low Risk","Risk Reference Prices (Current: 1.87) | Lower Warning: 1.78, Lower Danger: 1.68, Upper Warning: 1.96, Upper Danger: 2.06",WATCHLIST,Speculative,Weak,Moderately Conservative,High Risk Tactical Only,Core Allocation,Low Risk | Speculative | Weak,17.2,"Suitable as a relatively stable core risk asset, but current conditions require caution. Current profile is only suitable for tactical, high-risk participation."
CELO/USDT,MATURE,0.09,Downward,-1,1,65,46.5,Neutral,-0.44,High Risk,Caution,0,29.2,D,Underweight,Conservative Allocation,-1.427613828,"WATCHLIST: Reference return -0.4%, Safety 0.0/100, Risk: High Risk","Risk Reference Prices (Current: 0.09) | Lower Warning: 0.08, Lower Danger: 0.08, Upper Warning: 0.09, Upper Danger: 0.1",WATCHLIST,Speculative,Acceptable,Balanced Aggressive,Watch / DCA Only,Growth Allocation,High Risk | Speculative | Acceptable,30.66,Suitable for investors willing to accept higher volatility in exchange for stronger growth potential. Current weakness suggests observation or gradual accumulation only.
SOMI/USDT,MATURE,0.17,Downward,-1,0.33,60,42.85,Neutral,-1.51,High Risk,Caution,0,21.7,D,Underweight,Conservative Allocation,-1.383973557,"WATCHLIST: Reference return -1.5%, Safety 0.0/100, Risk: High Risk","Risk Reference Prices (Current: 0.17) | Lower Warning: 0.16, Lower Danger: 0.15, Upper Warning: 0.17, Upper Danger: 0.18",WATCHLIST,Speculative,Weak,Speculative,Watch / DCA Only,Tactical Satellite Position,High Risk | Speculative | Weak,25.62,Suitable only for high-risk tactical or speculative positioning. Current weakness suggests observation or gradual accumulation only.
SCRT/USDT,MATURE,0.09,Downward,-1,0.93,40,41.34,Neutral,-2.72,High Risk,Caution,0,22.9,D,Underweight,Conservative Allocation,-0.518602317,"WATCHLIST: Reference return -2.7%, Safety 0.0/100, Risk: High Risk","Risk Reference Prices (Current: 0.09) | Lower Warning: 0.09, Lower Danger: 0.08, Upper Warning: 0.1, Upper Danger: 0.1",WATCHLIST,Speculative,Weak,Speculative,Watch / DCA Only,Tactical Satellite Position,High Risk | Speculative | Weak,24.33,Suitable only for high-risk tactical or speculative positioning. Current weakness suggests observation or gradual accumulation only.
MAGIC/USDT,MATURE,0.06,Downward,-1,0.24,50,43.51,Neutral,-0.83,High Risk,Caution,0,18.9,D,Underweight,Conservative Allocation,-1.493835472,"WATCHLIST: Reference return -0.8%, Safety 0.0/100, Risk: High Risk","Risk Reference Prices (Current: 0.06) | Lower Warning: 0.05, Lower Danger: 0.05, Upper Warning: 0.06, Upper Danger: 0.06",WATCHLIST,Speculative,Weak,Speculative,Watch / DCA Only,Tactical Satellite Position,High Risk | Speculative | Weak,23.12,Suitable only for high-risk tactical or speculative positioning. Current weakness suggests observation or gradual accumulation only.
AVNT/USDT,MATURE,0.13,Downward,-1,-0.47,25,35.17,Bearish,-5.43,High Risk,Caution,0,5.7,D,Underweight,Conservative Allocation,-1.261366201,"WATCHLIST: Reference return -5.4%, Safety 0.0/100, Risk: High Risk","Risk Reference Prices (Current: 0.13) | Lower Warning: 0.12, Lower Danger: 0.12, Upper Warning: 0.14, Upper Danger: 0.14",WATCHLIST,Speculative,Fragile,Speculative,Avoid / Too Fragile,Tactical Satellite Position,High Risk | Speculative | Fragile,12.8,Suitable only for high-risk tactical or speculative positioning. Current profile appears too fragile for normal allocation.
BIO/USDT,MATURE,0.02,Downward,-1,0.16,50,35,Bearish,-4.29,High Risk,Caution,0,16.8,D,Underweight,Conservative Allocation,-2.433250232,"WATCHLIST: Reference return -4.3%, Safety 0.0/100, Risk: High Risk","Risk Reference Prices (Current: 0.02) | Lower Warning: 0.02, Lower Danger: 0.02, Upper Warning: 0.02, Upper Danger: 0.02",WATCHLIST,Speculative,Weak,Speculative,Watch / DCA Only,Tactical Satellite Position,High Risk | Speculative | Weak,21.44,Suitable only for high-risk tactical or speculative positioning. Current weakness suggests observation or gradual accumulation only.
ZEN/USDT,MATURE,5.23,Downward,-1,-0.86,35,45.27,Neutral,-2.23,High Risk,Caution,0,5.7,D,Underweight,Conservative Allocation,0.128855027,"WATCHLIST: Reference return -2.2%, Safety 0.0/100, Risk: High Risk","Risk Reference Prices (Current: 5.23) | Lower Warning: 4.97, Lower Danger: 4.71, Upper Warning: 5.49, Upper Danger: 5.75",WATCHLIST,Speculative,Fragile,Speculative,Avoid / Too Fragile,Tactical Satellite Position,High Risk | Speculative | Fragile,14.34,Suitable only for high-risk tactical or speculative positioning. Current profile appears too fragile for normal allocation.
S/USDT,MATURE,0.04,Downward,-1,-1.35,35,45.24,Neutral,-2.27,High Risk,Caution,0,2,D,Underweight,Conservative Allocation,-2.300474441,"WATCHLIST: Reference return -2.3%, Safety 0.0/100, Risk: High Risk","Risk Reference Prices (Current: 0.04) | Lower Warning: 0.04, Lower Danger: 0.04, Upper Warning: 0.04, Upper Danger: 0.04",WATCHLIST,Speculative,Fragile,Speculative,Avoid / Too Fragile,Tactical Satellite Position,High Risk | Speculative | Fragile,12,Suitable only for high-risk tactical or speculative positioning. Current profile appears too fragile for normal allocation.
JTO/USDT,MATURE,0.27,Downward,-1,-1.49,45,50.95,Neutral,-1.37,High Risk,Caution,0,4,D,Underweight,Conservative Allocation,-2.136130568,"WATCHLIST: Reference return -1.4%, Safety 0.0/100, Risk: High Risk","Risk Reference Prices (Current: 0.27) | Lower Warning: 0.26, Lower Danger: 0.25, Upper Warning: 0.29, Upper Danger: 0.3",WATCHLIST,Speculative,Fragile,Speculative,Avoid / Too Fragile,Tactical Satellite Position,High Risk | Speculative | Fragile,14.32,Suitable only for high-risk tactical or speculative positioning. Current profile appears too fragile for normal allocation.
BUSD/USDT,MATURE,1,Upward,1,3.92,100,50.01,Neutral,0,Low Risk,Safe,98.3,66.4,B+,Potential,Selective Planning,-5.202851223,"ATTENTION: Reference return 0.0%, Safety 98.3/100, Risk: Low Risk","Risk Reference Prices (Current: 1.00) | Lower Warning: 0.95, Lower Danger: 0.9, Upper Warning: 1.05, Upper Danger: 1.1",ATTENTION,Safe,Strong,Safe / Defensive,Safe Hold,Defensive / Cash Position,Low Risk | Safe | Strong,89.13,"Best suited for capital preservation, portfolio stabilization, and low-volatility allocation. Current profile supports defensive holding."
HFT/USDT,MATURE,0.01,Downward,-1,0.19,60,37.78,Bearish,-2.65,High Risk,Caution,0,19.6,D,Underweight,Conservative Allocation,-2.140970537,"WATCHLIST: Reference return -2.6%, Safety 0.0/100, Risk: High Risk","Risk Reference Prices (Current: 0.01) | Lower Warning: 0.01, Lower Danger: 0.01, Upper Warning: 0.01, Upper Danger: 0.02",WATCHLIST,Speculative,Weak,Speculative,Watch / DCA Only,Tactical Satellite Position,High Risk | Speculative | Weak,24.13,Suitable only for high-risk tactical or speculative positioning. Current weakness suggests observation or gradual accumulation only.
OP/USDT,MATURE,0.11,Downward,-1,0.4,70,34.32,Bearish,-3.54,High Risk,Caution,0,23.1,D,Underweight,Conservative Allocation,-2.66558828,"WATCHLIST: Reference return -3.5%, Safety 0.0/100, Risk: High Risk","Risk Reference Prices (Current: 0.11) | Lower Warning: 0.1, Lower Danger: 0.1, Upper Warning: 0.12, Upper Danger: 0.12",WATCHLIST,Speculative,Weak,Speculative,Watch / DCA Only,Tactical Satellite Position,High Risk | Speculative | Weak,26.86,Suitable only for high-risk tactical or speculative positioning. Current weakness suggests observation or gradual accumulation only.
RNDR/USDT,MATURE,7.03,Downward,-1,3.61,75,35.49,Bearish,-2.79,High Risk,Caution,0,39.3,C,Caution,Risk Mitigation,1.144652247,"WATCHLIST: Reference return -2.8%, Safety 0.0/100, Risk: High Risk","Risk Reference Prices (Current: 7.03) | Lower Warning: 6.68, Lower Danger: 6.33, Upper Warning: 7.38, Upper Danger: 7.73",WATCHLIST,Speculative,Acceptable,Balanced Aggressive,Watch / DCA Only,Growth Allocation,High Risk | Speculative | Acceptable,40.61,Suitable for investors willing to accept higher volatility in exchange for stronger growth potential. Current weakness suggests observation or gradual accumulation only.
C/USDT,MATURE,0.07,Downward,-1,1.85,85,52.59,Neutral,-2.2,High Risk,Caution,0,39.5,C,Caution,Risk Mitigation,-0.793909112,"WATCHLIST: Reference return -2.2%, Safety 0.0/100, Risk: High Risk","Risk Reference Prices (Current: 0.07) | Lower Warning: 0.07, Lower Danger: 0.06, Upper Warning: 0.07, Upper Danger: 0.08",WATCHLIST,Speculative,Acceptable,Balanced Aggressive,Watch / DCA Only,Growth Allocation,High Risk | Speculative | Acceptable,39.48,Suitable for investors willing to accept higher volatility in exchange for stronger growth potential. Current weakness suggests observation or gradual accumulation only.
MBOX/USDT,MATURE,0.01,Downward,-1,-2.94,20,37.6,Bearish,-5.58,High Risk,Caution,0,-8.4,D,Underweight,Conservative Allocation,-2.141952742,"WATCHLIST: Reference return -5.6%, Safety 0.0/100, Risk: High Risk","Risk Reference Prices (Current: 0.01) | Lower Warning: 0.01, Lower Danger: 0.01, Upper Warning: 0.01, Upper Danger: 0.01",WATCHLIST,Speculative,Fragile,Speculative,Avoid / Too Fragile,Tactical Satellite Position,High Risk | Speculative | Fragile,1.89,Suitable only for high-risk tactical or speculative positioning. Current profile appears too fragile for normal allocation.
T/USDT,MATURE,0.01,Downward,-1,0.36,60,43.62,Neutral,-0.84,High Risk,Caution,7.2,23.6,D,Underweight,Conservative Allocation,-2.041188194,"WATCHLIST: Reference return -0.8%, Safety 7.2/100, Risk: High Risk","Risk Reference Prices (Current: 0.01) | Lower Warning: 0.01, Lower Danger: 0.01, Upper Warning: 0.01, Upper Danger: 0.01",WATCHLIST,Speculative,Weak,Speculative,Watch / DCA Only,Tactical Satellite Position,High Risk | Speculative | Weak,28.86,Suitable only for high-risk tactical or speculative positioning. Current weakness suggests observation or gradual accumulation only.
LINEA/USDT,MATURE,0,Downward,-1,0.18,50,42.24,Neutral,-0.77,High Risk,Caution,0,18.1,D,Underweight,Conservative Allocation,-2.165935736,"WATCHLIST: Reference return -0.8%, Safety 0.0/100, Risk: High Risk","Risk Reference Prices (Current: 0.00) | Lower Warning: 0.0, Lower Danger: 0.0, Upper Warning: 0.0, Upper Danger: 0.0",WATCHLIST,Speculative,Weak,Speculative,Watch / DCA Only,Tactical Satellite Position,High Risk | Speculative | Weak,22.6,Suitable only for high-risk tactical or speculative positioning. Current weakness suggests observation or gradual accumulation only.
COCOS/USDT,MATURE,1.75,Downward,-1,2.81,65,52.05,Neutral,1.49,High Risk,Caution,0,41,C,Caution,Risk Mitigation,1.585086764,"WATCHLIST: Reference return 1.5%, Safety 0.0/100, Risk: High Risk","Risk Reference Prices (Current: 1.75) | Lower Warning: 1.67, Lower Danger: 1.58, Upper Warning: 1.84, Upper Danger: 1.93",WATCHLIST,Speculative,Strong,Balanced Aggressive,Watch / DCA Only,Growth Allocation,High Risk | Speculative | Strong,39.28,Suitable for investors willing to accept higher volatility in exchange for stronger growth potential. Current weakness suggests observation or gradual accumulation only.
VANRY/USDT,MATURE,0.01,Downward,-1,-1.69,45,43.82,Neutral,-3.48,High Risk,Caution,0,1.8,D,Underweight,Conservative Allocation,-1.910927069,"WATCHLIST: Reference return -3.5%, Safety 0.0/100, Risk: High Risk","Risk Reference Prices (Current: 0.01) | Lower Warning: 0.0, Lower Danger: 0.0, Upper Warning: 0.01, Upper Danger: 0.01",WATCHLIST,Speculative,Fragile,Speculative,Avoid / Too Fragile,Tactical Satellite Position,High Risk | Speculative | Fragile,12.45,Suitable only for high-risk tactical or speculative positioning. Current profile appears too fragile for normal allocation.
POLY/USDT,MATURE,0.27,Upward,1,3.96,100,50.61,Neutral,-1.56,High Risk,Caution,0,46.8,C+,Watchlist,Double Check,0.144542265,"ATTENTION: Reference return -1.6%, Safety 0.0/100, Risk: High Risk","Risk Reference Prices (Current: 0.27) | Lower Warning: 0.26, Lower Danger: 0.24, Upper Warning: 0.28, Upper Danger: 0.3",ATTENTION,Speculative,Strong,Balanced Aggressive,Selective Exposure,Growth Allocation,High Risk | Speculative | Strong,49,Suitable for investors willing to accept higher volatility in exchange for stronger growth potential. Current setup allows selective exposure under controlled sizing.
RAY/USDT,MATURE,0.62,Downward,-1,0.99,65,46.5,Neutral,-1.22,High Risk,Caution,0,29.1,D,Underweight,Conservative Allocation,-2.12872787,"WATCHLIST: Reference return -1.2%, Safety 0.0/100, Risk: High Risk","Risk Reference Prices (Current: 0.62) | Lower Warning: 0.59, Lower Danger: 0.56, Upper Warning: 0.65, Upper Danger: 0.68",WATCHLIST,Speculative,Acceptable,Balanced Aggressive,Watch / DCA Only,Growth Allocation,High Risk | Speculative | Acceptable,30.61,Suitable for investors willing to accept higher volatility in exchange for stronger growth potential. Current weakness suggests observation or gradual accumulation only.
VIC/USDT,MATURE,0.05,Downward,-1,0.85,75,40.75,Neutral,-4.02,High Risk,Caution,0,29.1,D,Underweight,Conservative Allocation,-2.04312184,"WATCHLIST: Reference return -4.0%, Safety 0.0/100, Risk: High Risk","Risk Reference Prices (Current: 0.05) | Lower Warning: 0.04, Lower Danger: 0.04, Upper Warning: 0.05, Upper Danger: 0.05",WATCHLIST,Speculative,Acceptable,Balanced Aggressive,Watch / DCA Only,Growth Allocation,High Risk | Speculative | Acceptable,31.18,Suitable for investors willing to accept higher volatility in exchange for stronger growth potential. Current weakness suggests observation or gradual accumulation only.
LUNC/USDT,MATURE,0,Downward,-1,-1.43,55,51.53,Neutral,-1.22,High Risk,Caution,20.3,10.5,D,Underweight,Conservative Allocation,-0.072751113,"WATCHLIST: Reference return -1.2%, Safety 20.3/100, Risk: High Risk","Risk Reference Prices (Current: 0.00) | Lower Warning: 0.0, Lower Danger: 0.0, Upper Warning: 0.0, Upper Danger: 0.0",WATCHLIST,Risky,Weak,Speculative,High Risk Tactical Only,Tactical Satellite Position,High Risk | Risky | Weak,25.08,"Suitable only for high-risk tactical or speculative positioning. Current profile is only suitable for tactical, high-risk participation."
ACE/USDT,MATURE,0.12,Downward,-1,-0.57,25,36.82,Bearish,-4.54,High Risk,Caution,0,5,D,Underweight,Conservative Allocation,-1.761404709,"WATCHLIST: Reference return -4.5%, Safety 0.0/100, Risk: High Risk","Risk Reference Prices (Current: 0.12) | Lower Warning: 0.11, Lower Danger: 0.1, Upper Warning: 0.12, Upper Danger: 0.13",WATCHLIST,Speculative,Fragile,Speculative,Avoid / Too Fragile,Tactical Satellite Position,High Risk | Speculative | Fragile,12.51,Suitable only for high-risk tactical or speculative positioning. Current profile appears too fragile for normal allocation.
MAV/USDT,MATURE,0.01,Downward,-1,0.19,60,39.98,Bearish,-2.79,High Risk,Caution,0,19.9,D,Underweight,Conservative Allocation,-1.660467449,"WATCHLIST: Reference return -2.8%, Safety 0.0/100, Risk: High Risk","Risk Reference Prices (Current: 0.01) | Lower Warning: 0.01, Lower Danger: 0.01, Upper Warning: 0.01, Upper Danger: 0.02",WATCHLIST,Speculative,Weak,Speculative,Watch / DCA Only,Tactical Satellite Position,High Risk | Speculative | Weak,24.44,Suitable only for high-risk tactical or speculative positioning. Current weakness suggests observation or gradual accumulation only.
1INCH/USDT,MATURE,0.09,Downward,-1,-1.29,35,45.83,Neutral,-1.29,High Risk,Caution,5.1,3.5,D,Underweight,Conservative Allocation,-1.369770819,"WATCHLIST: Reference return -1.3%, Safety 5.1/100, Risk: High Risk","Risk Reference Prices (Current: 0.09) | Lower Warning: 0.08, Lower Danger: 0.08, Upper Warning: 0.09, Upper Danger: 0.1",WATCHLIST,Speculative,Fragile,Speculative,Avoid / Too Fragile,Tactical Satellite Position,High Risk | Speculative | Fragile,14.44,Suitable only for high-risk tactical or speculative positioning. Current profile appears too fragile for normal allocation.
ROBO/USDT,WARM,0.02,Unknown,0,-1.23,10,50,Low Confidence,-2.2,High Risk,Caution,0,-1.5,D,Underweight,Conservative Allocation,-7.585499925,"WATCHLIST: Reference return -2.2%, Safety 0.0/100, Risk: High Risk","Risk Reference Prices (Current: 0.02) | Lower Warning: 0.02, Lower Danger: 0.02, Upper Warning: 0.02, Upper Danger: 0.02",WATCHLIST,Speculative,Fragile,Speculative,Avoid / Too Fragile,Tactical Satellite Position,High Risk | Speculative | Fragile,7.98,Suitable only for high-risk tactical or speculative positioning. Current profile appears too fragile for normal allocation.
THETA/USDT,MATURE,0.16,Downward,-1,0.38,60,39.59,Bearish,-2.69,High Risk,Caution,0,21.7,D,Underweight,Conservative Allocation,-2.183836197,"WATCHLIST: Reference return -2.7%, Safety 0.0/100, Risk: High Risk","Risk Reference Prices (Current: 0.16) | Lower Warning: 0.15, Lower Danger: 0.14, Upper Warning: 0.16, Upper Danger: 0.17",WATCHLIST,Speculative,Weak,Speculative,Watch / DCA Only,Tactical Satellite Position,High Risk | Speculative | Weak,25.42,Suitable only for high-risk tactical or speculative positioning. Current weakness suggests observation or gradual accumulation only.
TIA/USDT,MATURE,0.29,Downward,-1,-2.03,10,45.54,Neutral,-2.3,High Risk,Caution,0,-6.5,D,Underweight,Conservative Allocation,-2.027173067,"WATCHLIST: Reference return -2.3%, Safety 0.0/100, Risk: High Risk","Risk Reference Prices (Current: 0.29) | Lower Warning: 0.27, Lower Danger: 0.26, Upper Warning: 0.3, Upper Danger: 0.32",WATCHLIST,Speculative,Fragile,Speculative,Avoid / Too Fragile,Tactical Satellite Position,High Risk | Speculative | Fragile,4.03,Suitable only for high-risk tactical or speculative positioning. Current profile appears too fragile for normal allocation.
OGN/USDT,MATURE,0.02,Downward,-1,-1.84,55,46.71,Neutral,-3.53,High Risk,Caution,1.3,3.7,D,Underweight,Conservative Allocation,-1.160777492,"WATCHLIST: Reference return -3.5%, Safety 1.3/100, Risk: High Risk","Risk Reference Prices (Current: 0.02) | Lower Warning: 0.02, Lower Danger: 0.02, Upper Warning: 0.02, Upper Danger: 0.02",WATCHLIST,Speculative,Fragile,Speculative,Avoid / Too Fragile,Tactical Satellite Position,High Risk | Speculative | Fragile,14.89,Suitable only for high-risk tactical or speculative positioning. Current profile appears too fragile for normal allocation.
RUNE/USDT,MATURE,0.39,Downward,-1,-1.21,35,47.51,Neutral,-0.25,High Risk,Caution,1.6,3.6,D,Underweight,Conservative Allocation,-2.378156214,"WATCHLIST: Reference return -0.2%, Safety 1.6/100, Risk: High Risk","Risk Reference Prices (Current: 0.39) | Lower Warning: 0.37, Lower Danger: 0.35, Upper Warning: 0.41, Upper Danger: 0.42",WATCHLIST,Speculative,Fragile,Speculative,Avoid / Too Fragile,Tactical Satellite Position,High Risk | Speculative | Fragile,13.62,Suitable only for high-risk tactical or speculative positioning. Current profile appears too fragile for normal allocation.
SKY/USDT,MATURE,0.07,Upward,1,3.73,90,53.88,Neutral,1.35,Low Risk,Caution,27.1,52.8,C+,Watchlist,Double Check,0.169340815,"ATTENTION: Reference return 1.4%, Safety 27.1/100, Risk: Low Risk","Risk Reference Prices (Current: 0.07) | Lower Warning: 0.07, Lower Danger: 0.07, Upper Warning: 0.08, Upper Danger: 0.08",ATTENTION,Caution,Strong,Moderately Conservative,Selective Exposure,Core Allocation,Low Risk | Caution | Strong,58.54,"Suitable as a relatively stable core risk asset, but current conditions require caution. Current setup allows selective exposure under controlled sizing."
BABY/USDT,MATURE,0.01,Downward,-1,0.44,70,47.06,Neutral,-3.26,High Risk,Caution,0,25.4,D,Underweight,Conservative Allocation,-1.573903097,"WATCHLIST: Reference return -3.3%, Safety 0.0/100, Risk: High Risk","Risk Reference Prices (Current: 0.01) | Lower Warning: 0.01, Lower Danger: 0.01, Upper Warning: 0.01, Upper Danger: 0.01",WATCHLIST,Speculative,Acceptable,Balanced Aggressive,Watch / DCA Only,Growth Allocation,High Risk | Speculative | Acceptable,28.93,Suitable for investors willing to accept higher volatility in exchange for stronger growth potential. Current weakness suggests observation or gradual accumulation only.
AR/USDT,MATURE,1.65,Downward,-1,-1.33,35,43.07,Neutral,-2.72,High Risk,Caution,0,1.8,D,Underweight,Conservative Allocation,-1.319319995,"WATCHLIST: Reference return -2.7%, Safety 0.0/100, Risk: High Risk","Risk Reference Prices (Current: 1.65) | Lower Warning: 1.57, Lower Danger: 1.48, Upper Warning: 1.73, Upper Danger: 1.82",WATCHLIST,Speculative,Fragile,Speculative,Avoid / Too Fragile,Tactical Satellite Position,High Risk | Speculative | Fragile,11.77,Suitable only for high-risk tactical or speculative positioning. Current profile appears too fragile for normal allocation.
FTM/USDT,MATURE,0.7,Downward,-1,0.24,35,50.11,Neutral,-1.36,High Risk,Caution,0,16.9,D,Underweight,Conservative Allocation,0.785829956,"WATCHLIST: Reference return -1.4%, Safety 0.0/100, Risk: High Risk","Risk Reference Prices (Current: 0.70) | Lower Warning: 0.66, Lower Danger: 0.63, Upper Warning: 0.73, Upper Danger: 0.77",WATCHLIST,Speculative,Weak,Speculative,Watch / DCA Only,Tactical Satellite Position,High Risk | Speculative | Weak,20.93,Suitable only for high-risk tactical or speculative positioning. Current weakness suggests observation or gradual accumulation only.
EIGEN/USDT,MATURE,0.15,Downward,-1,-2.92,20,41.49,Neutral,-5.26,High Risk,Caution,0,-7.7,D,Underweight,Conservative Allocation,-2.889882489,"WATCHLIST: Reference return -5.3%, Safety 0.0/100, Risk: High Risk","Risk Reference Prices (Current: 0.15) | Lower Warning: 0.15, Lower Danger: 0.14, Upper Warning: 0.16, Upper Danger: 0.17",WATCHLIST,Speculative,Fragile,Speculative,Avoid / Too Fragile,Tactical Satellite Position,High Risk | Speculative | Fragile,2.54,Suitable only for high-risk tactical or speculative positioning. Current profile appears too fragile for normal allocation.
LUNA/USDT,MATURE,0.06,Downward,-1,-2.91,20,45.67,Neutral,-2,High Risk,Caution,6.8,-5.7,D,Underweight,Conservative Allocation,-0.78047628,"WATCHLIST: Reference return -2.0%, Safety 6.8/100, Risk: High Risk","Risk Reference Prices (Current: 0.06) | Lower Warning: 0.05, Lower Danger: 0.05, Upper Warning: 0.06, Upper Danger: 0.06",WATCHLIST,Speculative,Fragile,Speculative,Avoid / Too Fragile,Tactical Satellite Position,High Risk | Speculative | Fragile,5.96,Suitable only for high-risk tactical or speculative positioning. Current profile appears too fragile for normal allocation.
IOTA/USDT,MATURE,0.06,Downward,-1,0.18,50,42.91,Neutral,-2.26,High Risk,Caution,0,18.2,D,Underweight,Conservative Allocation,-1.997896478,"WATCHLIST: Reference return -2.3%, Safety 0.0/100, Risk: High Risk","Risk Reference Prices (Current: 0.06) | Lower Warning: 0.06, Lower Danger: 0.05, Upper Warning: 0.06, Upper Danger: 0.07",WATCHLIST,Speculative,Weak,Speculative,Watch / DCA Only,Tactical Satellite Position,High Risk | Speculative | Weak,22.7,Suitable only for high-risk tactical or speculative positioning. Current weakness suggests observation or gradual accumulation only.
GAL/USDT,MATURE,2.54,Downward,-1,4.41,85,39.41,Bearish,-1.02,High Risk,Caution,0,42.4,C,Caution,Risk Mitigation,0.472817822,"WATCHLIST: Reference return -1.0%, Safety 0.0/100, Risk: High Risk","Risk Reference Prices (Current: 2.54) | Lower Warning: 2.41, Lower Danger: 2.29, Upper Warning: 2.67, Upper Danger: 2.8",WATCHLIST,Speculative,Strong,Balanced Aggressive,Watch / DCA Only,Growth Allocation,High Risk | Speculative | Strong,45.44,Suitable for investors willing to accept higher volatility in exchange for stronger growth potential. Current weakness suggests observation or gradual accumulation only.
XAI/USDT,MATURE,0.01,Downward,-1,-1.69,45,44.6,Neutral,-3.27,High Risk,Caution,0,1.9,D,Underweight,Conservative Allocation,-1.557914137,"WATCHLIST: Reference return -3.3%, Safety 0.0/100, Risk: High Risk","Risk Reference Prices (Current: 0.01) | Lower Warning: 0.01, Lower Danger: 0.01, Upper Warning: 0.01, Upper Danger: 0.01",WATCHLIST,Speculative,Fragile,Speculative,Avoid / Too Fragile,Tactical Satellite Position,High Risk | Speculative | Fragile,12.56,Suitable only for high-risk tactical or speculative positioning. Current profile appears too fragile for normal allocation.
AEVO/USDT,MATURE,0.02,Downward,-1,0.39,60,43.05,Neutral,-1.2,High Risk,Caution,0,22.3,D,Underweight,Conservative Allocation,-1.660309623,"WATCHLIST: Reference return -1.2%, Safety 0.0/100, Risk: High Risk","Risk Reference Prices (Current: 0.02) | Lower Warning: 0.02, Lower Danger: 0.02, Upper Warning: 0.03, Upper Danger: 0.03",WATCHLIST,Speculative,Weak,Speculative,Watch / DCA Only,Tactical Satellite Position,High Risk | Speculative | Weak,25.97,Suitable only for high-risk tactical or speculative positioning. Current weakness suggests observation or gradual accumulation only.
NEIRO/USDT,MATURE,0,Downward,-1,-0.47,35,39.01,Bearish,-3.71,High Risk,Caution,0,8.2,D,Underweight,Conservative Allocation,-1.961909093,"WATCHLIST: Reference return -3.7%, Safety 0.0/100, Risk: High Risk","Risk Reference Prices (Current: 0.00) | Lower Warning: 0.0, Lower Danger: 0.0, Upper Warning: 0.0, Upper Danger: 0.0",WATCHLIST,Speculative,Fragile,Speculative,High Risk Tactical Only,Tactical Satellite Position,High Risk | Speculative | Fragile,15.44,"Suitable only for high-risk tactical or speculative positioning. Current profile is only suitable for tactical, high-risk participation."
ROSE/USDT,MATURE,0.01,Downward,-1,-1.45,30,40.08,Neutral,-3.19,High Risk,Caution,5.5,0.7,D,Underweight,Conservative Allocation,-0.931087794,"WATCHLIST: Reference return -3.2%, Safety 5.5/100, Risk: High Risk","Risk Reference Prices (Current: 0.01) | Lower Warning: 0.01, Lower Danger: 0.01, Upper Warning: 0.01, Upper Danger: 0.01",WATCHLIST,Speculative,Fragile,Speculative,Avoid / Too Fragile,Tactical Satellite Position,High Risk | Speculative | Fragile,12.02,Suitable only for high-risk tactical or speculative positioning. Current profile appears too fragile for normal allocation.
FLOKI/USDT,MATURE,0,Downward,-1,-1.36,35,44.57,Neutral,-1.72,High Risk,Caution,0.3,1.9,D,Underweight,Conservative Allocation,-1.620145577,"WATCHLIST: Reference return -1.7%, Safety 0.3/100, Risk: High Risk","Risk Reference Prices (Current: 0.00) | Lower Warning: 0.0, Lower Danger: 0.0, Upper Warning: 0.0, Upper Danger: 0.0",WATCHLIST,Speculative,Fragile,Speculative,Avoid / Too Fragile,Tactical Satellite Position,High Risk | Speculative | Fragile,11.98,Suitable only for high-risk tactical or speculative positioning. Current profile appears too fragile for normal allocation.
ANKR/USDT,MATURE,0.01,Downward,-1,1.94,85,50.41,Neutral,0.45,High Risk,Caution,0,40.3,C,Caution,Risk Mitigation,-1.575847779,"WATCHLIST: Reference return 0.4%, Safety 0.0/100, Risk: High Risk","Risk Reference Prices (Current: 0.01) | Lower Warning: 0.01, Lower Danger: 0.0, Upper Warning: 0.01, Upper Danger: 0.01",WATCHLIST,Speculative,Strong,Balanced Aggressive,Watch / DCA Only,Growth Allocation,High Risk | Speculative | Strong,39.73,Suitable for investors willing to accept higher volatility in exchange for stronger growth potential. Current weakness suggests observation or gradual accumulation only.
AUDIO/USDT,MATURE,0.02,Downward,-1,-2.91,20,42.6,Neutral,-3.06,High Risk,Caution,5.8,-6.4,D,Underweight,Conservative Allocation,-2.618010375,"WATCHLIST: Reference return -3.1%, Safety 5.8/100, Risk: High Risk","Risk Reference Prices (Current: 0.02) | Lower Warning: 0.02, Lower Danger: 0.02, Upper Warning: 0.02, Upper Danger: 0.02",WATCHLIST,Speculative,Fragile,Speculative,Avoid / Too Fragile,Tactical Satellite Position,High Risk | Speculative | Fragile,5.1,Suitable only for high-risk tactical or speculative positioning. Current profile appears too fragile for normal allocation.
LDO/USDT,MATURE,0.32,Downward,-1,1.08,65,43.23,Neutral,-0.91,High Risk,Caution,0,29.3,D,Underweight,Conservative Allocation,-1.833083289,"WATCHLIST: Reference return -0.9%, Safety 0.0/100, Risk: High Risk","Risk Reference Prices (Current: 0.32) | Lower Warning: 0.3, Lower Danger: 0.29, Upper Warning: 0.33, Upper Danger: 0.35",WATCHLIST,Speculative,Acceptable,Balanced Aggressive,Watch / DCA Only,Growth Allocation,High Risk | Speculative | Acceptable,30.56,Suitable for investors willing to accept higher volatility in exchange for stronger growth potential. Current weakness suggests observation or gradual accumulation only.
KAITO/USDT,MATURE,0.42,Downward,-1,1.5,75,55.01,Neutral,0.77,High Risk,Caution,0,37.2,C,Caution,Risk Mitigation,-1.121209029,"WATCHLIST: Reference return 0.8%, Safety 0.0/100, Risk: High Risk","Risk Reference Prices (Current: 0.42) | Lower Warning: 0.4, Lower Danger: 0.38, Upper Warning: 0.44, Upper Danger: 0.47",WATCHLIST,Speculative,Acceptable,Balanced Aggressive,Watch / DCA Only,Growth Allocation,High Risk | Speculative | Acceptable,36.66,Suitable for investors willing to accept higher volatility in exchange for stronger growth potential. Current weakness suggests observation or gradual accumulation only.
A2Z/USDT,MATURE,0,Downward,-1,-1.81,40,31.79,Bearish,-8.24,High Risk,Caution,0,-1.6,D,Underweight,Conservative Allocation,-2.987197936,"WATCHLIST: Reference return -8.2%, Safety 0.0/100, Risk: High Risk","Risk Reference Prices (Current: 0.00) | Lower Warning: 0.0, Lower Danger: 0.0, Upper Warning: 0.0, Upper Danger: 0.0",WATCHLIST,Speculative,Fragile,Speculative,Avoid / Too Fragile,Tactical Satellite Position,High Risk | Speculative | Fragile,9.17,Suitable only for high-risk tactical or speculative positioning. Current profile appears too fragile for normal allocation.
ATOM/USDT,MATURE,1.7,Downward,-1,0.19,50,45.06,Neutral,-0.88,High Risk,Caution,16.4,21.9,D,Underweight,Conservative Allocation,-1.673900138,"WATCHLIST: Reference return -0.9%, Safety 16.4/100, Risk: High Risk","Risk Reference Prices (Current: 1.70) | Lower Warning: 1.61, Lower Danger: 1.53, Upper Warning: 1.78, Upper Danger: 1.86",WATCHLIST,Risky,Weak,Aggressive Growth,Watch / DCA Only,High-Beta Growth Position,High Risk | Risky | Weak,29.79,Suitable for aggressive investors targeting high upside with elevated risk exposure. Current weakness suggests observation or gradual accumulation only.
KERNEL/USDT,MATURE,0.1,Upward,1,1.94,100,62.94,Bullish,1.5,High Risk,Caution,0,46.9,C+,Watchlist,Double Check,-0.421340973,"WATCHLIST: Reference return 1.5%, Safety 0.0/100, Risk: High Risk","Risk Reference Prices (Current: 0.10) | Lower Warning: 0.1, Lower Danger: 0.09, Upper Warning: 0.11, Upper Danger: 0.11",WATCHLIST,Speculative,Strong,Balanced Aggressive,Selective Exposure,Growth Allocation,High Risk | Speculative | Strong,45.21,Suitable for investors willing to accept higher volatility in exchange for stronger growth potential. Current setup allows selective exposure under controlled sizing.
ENSO/USDT,MATURE,0.92,Downward,-1,-2.5,20,40.28,Neutral,-7.5,High Risk,Caution,0,-6.9,D,Underweight,Conservative Allocation,-0.063763742,"WATCHLIST: Reference return -7.5%, Safety 0.0/100, Risk: High Risk","Risk Reference Prices (Current: 0.92) | Lower Warning: 0.87, Lower Danger: 0.83, Upper Warning: 0.96, Upper Danger: 1.01",WATCHLIST,Speculative,Fragile,Speculative,Avoid / Too Fragile,Tactical Satellite Position,High Risk | Speculative | Fragile,3.71,Suitable only for high-risk tactical or speculative positioning. Current profile appears too fragile for normal allocation.
OMNI/USDT,MATURE,3.88,Upward,1,1.69,85,48.37,Neutral,-3.17,High Risk,Caution,0,38,C,Caution,Risk Mitigation,0.743538064,"WATCHLIST: Reference return -3.2%, Safety 0.0/100, Risk: High Risk","Risk Reference Prices (Current: 3.88) | Lower Warning: 3.69, Lower Danger: 3.49, Upper Warning: 4.07, Upper Danger: 4.27",WATCHLIST,Speculative,Acceptable,Balanced Aggressive,Selective Exposure,Growth Allocation,High Risk | Speculative | Acceptable,38.21,Suitable for investors willing to accept higher volatility in exchange for stronger growth potential. Current setup allows selective exposure under controlled sizing.
STRK/USDT,MATURE,0.03,Downward,-1,-0.42,35,36.95,Bearish,-4.44,High Risk,Caution,0,8.4,D,Underweight,Conservative Allocation,-1.120419869,"WATCHLIST: Reference return -4.4%, Safety 0.0/100, Risk: High Risk","Risk Reference Prices (Current: 0.03) | Lower Warning: 0.03, Lower Danger: 0.03, Upper Warning: 0.03, Upper Danger: 0.04",WATCHLIST,Speculative,Fragile,Speculative,High Risk Tactical Only,Tactical Satellite Position,High Risk | Speculative | Fragile,15.42,"Suitable only for high-risk tactical or speculative positioning. Current profile is only suitable for tactical, high-risk participation."
SENT/USDT,MATURE,0.02,Unknown,0,-2.08,0,36.28,Bearish,-6.75,High Risk,Caution,0,-10.1,D,Underweight,Conservative Allocation,-1.154671785,"WATCHLIST: Reference return -6.8%, Safety 0.0/100, Risk: High Risk","Risk Reference Prices (Current: 0.02) | Lower Warning: 0.02, Lower Danger: 0.01, Upper Warning: 0.02, Upper Danger: 0.02",WATCHLIST,Speculative,Fragile,Speculative,Avoid / Too Fragile,Tactical Satellite Position,High Risk | Speculative | Fragile,0.4,Suitable only for high-risk tactical or speculative positioning. Current profile appears too fragile for normal allocation.
SAND/USDT,MATURE,0.08,Downward,-1,0.18,50,43.35,Neutral,-1.43,High Risk,Caution,0,18.3,D,Underweight,Conservative Allocation,-1.848064976,"WATCHLIST: Reference return -1.4%, Safety 0.0/100, Risk: High Risk","Risk Reference Prices (Current: 0.08) | Lower Warning: 0.07, Lower Danger: 0.07, Upper Warning: 0.08, Upper Danger: 0.08",WATCHLIST,Speculative,Weak,Speculative,Watch / DCA Only,Tactical Satellite Position,High Risk | Speculative | Weak,22.78,Suitable only for high-risk tactical or speculative positioning. Current weakness suggests observation or gradual accumulation only.
RDNT/USDT,MATURE,0,Downward,-1,-2.28,10,37.55,Bearish,-4.74,High Risk,Caution,0,-8.7,D,Underweight,Conservative Allocation,-1.57438872,"WATCHLIST: Reference return -4.7%, Safety 0.0/100, Risk: High Risk","Risk Reference Prices (Current: 0.00) | Lower Warning: 0.0, Lower Danger: 0.0, Upper Warning: 0.0, Upper Danger: 0.0",WATCHLIST,Speculative,Fragile,Speculative,Avoid / Too Fragile,Tactical Satellite Position,High Risk | Speculative | Fragile,1.95,Suitable only for high-risk tactical or speculative positioning. Current profile appears too fragile for normal allocation.
TOMO/USDT,MATURE,1.38,Upward,1,1.09,60,51.39,Neutral,1.05,Mediate Risk,Caution,0,31.4,D,Underweight,Conservative Allocation,0.920370726,"WATCHLIST: Reference return 1.1%, Safety 0.0/100, Risk: Mediate Risk","Risk Reference Prices (Current: 1.38) | Lower Warning: 1.31, Lower Danger: 1.24, Upper Warning: 1.45, Upper Danger: 1.52",WATCHLIST,Speculative,Acceptable,Balanced Growth,Selective Exposure,Growth Allocation,Mediate Risk | Speculative | Acceptable,31.28,Suitable for investors seeking a balance between upside potential and manageable volatility. Current setup allows selective exposure under controlled sizing.
ALLO/USDT,MATURE,0.11,Upward,1,-1.13,35,60.51,Neutral,2.37,High Risk,Caution,0,9.8,D,Underweight,Conservative Allocation,-1.476563291,"WATCHLIST: Reference return 2.4%, Safety 0.0/100, Risk: High Risk","Risk Reference Prices (Current: 0.11) | Lower Warning: 0.1, Lower Danger: 0.1, Upper Warning: 0.11, Upper Danger: 0.12",WATCHLIST,Speculative,Fragile,Speculative,High Risk Tactical Only,Tactical Satellite Position,High Risk | Speculative | Fragile,16.42,"Suitable only for high-risk tactical or speculative positioning. Current profile is only suitable for tactical, high-risk participation."
MATIC/USDT,MATURE,0.38,Downward,-1,-3.35,30,42.92,Neutral,-2.62,High Risk,Caution,0,-6.2,D,Underweight,Conservative Allocation,-1.535742488,"WATCHLIST: Reference return -2.6%, Safety 0.0/100, Risk: High Risk","Risk Reference Prices (Current: 0.38) | Lower Warning: 0.36, Lower Danger: 0.34, Upper Warning: 0.4, Upper Danger: 0.42",WATCHLIST,Speculative,Fragile,Speculative,Avoid / Too Fragile,Tactical Satellite Position,High Risk | Speculative | Fragile,3.56,Suitable only for high-risk tactical or speculative positioning. Current profile appears too fragile for normal allocation.
ID/USDT,MATURE,0.03,Downward,-1,-0.95,30,37.05,Bearish,-4.39,High Risk,Caution,0,2.7,D,Underweight,Conservative Allocation,-2.696189932,"WATCHLIST: Reference return -4.4%, Safety 0.0/100, Risk: High Risk","Risk Reference Prices (Current: 0.03) | Lower Warning: 0.03, Lower Danger: 0.03, Upper Warning: 0.03, Upper Danger: 0.03",WATCHLIST,Speculative,Fragile,Speculative,Avoid / Too Fragile,Tactical Satellite Position,High Risk | Speculative | Fragile,11.64,Suitable only for high-risk tactical or speculative positioning. Current profile appears too fragile for normal allocation.
AMP/USDT,MATURE,0,Downward,-1,-1.73,30,38.31,Bearish,-3.75,High Risk,Caution,0,-2.2,D,Underweight,Conservative Allocation,-2.454666015,"WATCHLIST: Reference return -3.8%, Safety 0.0/100, Risk: High Risk","Risk Reference Prices (Current: 0.00) | Lower Warning: 0.0, Lower Danger: 0.0, Upper Warning: 0.0, Upper Danger: 0.0",WATCHLIST,Speculative,Fragile,Speculative,Avoid / Too Fragile,Tactical Satellite Position,High Risk | Speculative | Fragile,8.35,Suitable only for high-risk tactical or speculative positioning. Current profile appears too fragile for normal allocation.
INJ/USDT,MATURE,2.82,Downward,-1,-1.35,35,45.72,Neutral,-2.54,High Risk,Caution,0,2.1,D,Underweight,Conservative Allocation,-2.156429495,"WATCHLIST: Reference return -2.5%, Safety 0.0/100, Risk: High Risk","Risk Reference Prices (Current: 2.81) | Lower Warning: 2.67, Lower Danger: 2.53, Upper Warning: 2.96, Upper Danger: 3.1",WATCHLIST,Speculative,Fragile,Speculative,Avoid / Too Fragile,Tactical Satellite Position,High Risk | Speculative | Fragile,12.08,Suitable only for high-risk tactical or speculative positioning. Current profile appears too fragile for normal allocation.
DENT/USDT,MATURE,0,Upward,1,-3.16,30,49.99,Neutral,-5.08,High Risk,Caution,0,-4.9,D,Underweight,Conservative Allocation,-0.921058273,"WATCHLIST: Reference return -5.1%, Safety 0.0/100, Risk: High Risk","Risk Reference Prices (Current: 0.00) | Lower Warning: 0.0, Lower Danger: 0.0, Upper Warning: 0.0, Upper Danger: 0.0",WATCHLIST,Speculative,Fragile,Speculative,Avoid / Too Fragile,Tactical Satellite Position,High Risk | Speculative | Fragile,5.13,Suitable only for high-risk tactical or speculative positioning. Current profile appears too fragile for normal allocation.
MUBARAK/USDT,MATURE,0.01,Downward,-1,-2.75,20,42.28,Neutral,-4.18,High Risk,Caution,0,-7.3,D,Underweight,Conservative Allocation,-1.016715355,"WATCHLIST: Reference return -4.2%, Safety 0.0/100, Risk: High Risk","Risk Reference Prices (Current: 0.01) | Lower Warning: 0.01, Lower Danger: 0.01, Upper Warning: 0.01, Upper Danger: 0.01",WATCHLIST,Speculative,Fragile,Speculative,Avoid / Too Fragile,Tactical Satellite Position,High Risk | Speculative | Fragile,3.16,Suitable only for high-risk tactical or speculative positioning. Current profile appears too fragile for normal allocation.
W/USDT,MATURE,0.01,Downward,-1,-2.67,20,38.43,Bearish,-3.84,High Risk,Caution,0,-7.6,D,Underweight,Conservative Allocation,-2.970782383,"WATCHLIST: Reference return -3.8%, Safety 0.0/100, Risk: High Risk","Risk Reference Prices (Current: 0.01) | Lower Warning: 0.01, Lower Danger: 0.01, Upper Warning: 0.01, Upper Danger: 0.01",WATCHLIST,Speculative,Fragile,Speculative,Avoid / Too Fragile,Tactical Satellite Position,High Risk | Speculative | Fragile,2.89,Suitable only for high-risk tactical or speculative positioning. Current profile appears too fragile for normal allocation.
TVK/USDT,MATURE,0.05,Upward,1,1.91,85,66.39,Bullish,5.05,High Risk,Caution,0,49.9,C+,Watchlist,Double Check,1.116762651,"WATCHLIST: Reference return 5.1%, Safety 0.0/100, Risk: High Risk","Risk Reference Prices (Current: 0.05) | Lower Warning: 0.05, Lower Danger: 0.05, Upper Warning: 0.06, Upper Danger: 0.06",WATCHLIST,Speculative,Strong,Balanced Aggressive,Selective Exposure,Growth Allocation,High Risk | Speculative | Strong,44.13,Suitable for investors willing to accept higher volatility in exchange for stronger growth potential. Current setup allows selective exposure under controlled sizing.
TURBO/USDT,MATURE,0,Downward,-1,-1.49,45,45.9,Neutral,-3.87,High Risk,Caution,0,3.2,D,Underweight,Conservative Allocation,-1.208573645,"WATCHLIST: Reference return -3.9%, Safety 0.0/100, Risk: High Risk","Risk Reference Prices (Current: 0.00) | Lower Warning: 0.0, Lower Danger: 0.0, Upper Warning: 0.0, Upper Danger: 0.0",WATCHLIST,Speculative,Fragile,Speculative,Avoid / Too Fragile,Tactical Satellite Position,High Risk | Speculative | Fragile,13.58,Suitable only for high-risk tactical or speculative positioning. Current profile appears too fragile for normal allocation.
ENJ/USDT,MATURE,0.02,Downward,-1,-1.89,55,45.74,Neutral,-2.52,High Risk,Caution,0,3.1,D,Underweight,Conservative Allocation,-1.65878334,"WATCHLIST: Reference return -2.5%, Safety 0.0/100, Risk: High Risk","Risk Reference Prices (Current: 0.02) | Lower Warning: 0.02, Lower Danger: 0.02, Upper Warning: 0.02, Upper Danger: 0.02",WATCHLIST,Speculative,Fragile,Speculative,Avoid / Too Fragile,Tactical Satellite Position,High Risk | Speculative | Fragile,14.03,Suitable only for high-risk tactical or speculative positioning. Current profile appears too fragile for normal allocation.
0G/USDT,MATURE,0.49,Downward,-1,0.18,50,43.36,Neutral,-2.41,High Risk,Caution,0,18.3,D,Underweight,Conservative Allocation,-1.732176062,"WATCHLIST: Reference return -2.4%, Safety 0.0/100, Risk: High Risk","Risk Reference Prices (Current: 0.49) | Lower Warning: 0.47, Lower Danger: 0.44, Upper Warning: 0.52, Upper Danger: 0.54",WATCHLIST,Speculative,Weak,Speculative,Watch / DCA Only,Tactical Satellite Position,High Risk | Speculative | Weak,22.78,Suitable only for high-risk tactical or speculative positioning. Current weakness suggests observation or gradual accumulation only.
BB/USDT,MATURE,0.02,Downward,-1,0.2,50,38.29,Bearish,-3.54,High Risk,Caution,0,17.7,D,Underweight,Conservative Allocation,-2.388321628,"WATCHLIST: Reference return -3.5%, Safety 0.0/100, Risk: High Risk","Risk Reference Prices (Current: 0.02) | Lower Warning: 0.02, Lower Danger: 0.02, Upper Warning: 0.02, Upper Danger: 0.03",WATCHLIST,Speculative,Weak,Speculative,Watch / DCA Only,Tactical Satellite Position,High Risk | Speculative | Weak,22.14,Suitable only for high-risk tactical or speculative positioning. Current weakness suggests observation or gradual accumulation only.
1000CHEEMS/USDT,MATURE,0,Downward,-1,-1.09,35,41.39,Neutral,-2.4,High Risk,Caution,0,3.3,D,Underweight,Conservative Allocation,-0.842448574,"WATCHLIST: Reference return -2.4%, Safety 0.0/100, Risk: High Risk","Risk Reference Prices (Current: 0.00) | Lower Warning: 0.0, Lower Danger: 0.0, Upper Warning: 0.0, Upper Danger: 0.0",WATCHLIST,Speculative,Fragile,Speculative,Avoid / Too Fragile,Tactical Satellite Position,High Risk | Speculative | Fragile,12.65,Suitable only for high-risk tactical or speculative positioning. Current profile appears too fragile for normal allocation.
BIGTIME/USDT,MATURE,0.01,Downward,-1,0.19,50,41.08,Neutral,-2.19,High Risk,Caution,0,18.1,D,Underweight,Conservative Allocation,-2.210250671,"WATCHLIST: Reference return -2.2%, Safety 0.0/100, Risk: High Risk","Risk Reference Prices (Current: 0.01) | Lower Warning: 0.01, Lower Danger: 0.01, Upper Warning: 0.01, Upper Danger: 0.01",WATCHLIST,Speculative,Weak,Speculative,Watch / DCA Only,Tactical Satellite Position,High Risk | Speculative | Weak,22.51,Suitable only for high-risk tactical or speculative positioning. Current weakness suggests observation or gradual accumulation only.
TUT/USDT,MATURE,0.01,Downward,-1,0.24,50,42.4,Neutral,-2.26,High Risk,Caution,0,18.7,D,Underweight,Conservative Allocation,-1.116581135,"WATCHLIST: Reference return -2.3%, Safety 0.0/100, Risk: High Risk","Risk Reference Prices (Current: 0.01) | Lower Warning: 0.01, Lower Danger: 0.01, Upper Warning: 0.01, Upper Danger: 0.01",WATCHLIST,Speculative,Weak,Speculative,Watch / DCA Only,Tactical Satellite Position,High Risk | Speculative | Weak,22.95,Suitable only for high-risk tactical or speculative positioning. Current weakness suggests observation or gradual accumulation only.
MIRA/USDT,MATURE,0.08,Downward,-1,0.18,50,42.44,Neutral,-2.05,High Risk,Caution,0,18.2,D,Underweight,Conservative Allocation,-3.422227424,"WATCHLIST: Reference return -2.1%, Safety 0.0/100, Risk: High Risk","Risk Reference Prices (Current: 0.08) | Lower Warning: 0.07, Lower Danger: 0.07, Upper Warning: 0.08, Upper Danger: 0.08",WATCHLIST,Speculative,Weak,Speculative,Watch / DCA Only,Tactical Satellite Position,High Risk | Speculative | Weak,22.65,Suitable only for high-risk tactical or speculative positioning. Current weakness suggests observation or gradual accumulation only.
USDE/USDT,MATURE,1,Upward,1,-0.93,35,50.01,Neutral,0,Low Risk,Safe,99.4,25.7,D,Underweight,Conservative Allocation,-7.971015228,"WATCHLIST: Reference return 0.0%, Safety 99.4/100, Risk: Low Risk","Risk Reference Prices (Current: 1.00) | Lower Warning: 0.95, Lower Danger: 0.9, Upper Warning: 1.05, Upper Danger: 1.1",WATCHLIST,Safe,Acceptable,Conservative,Selective Exposure,Core Allocation,Low Risk | Safe | Acceptable,55.43,Suitable for lower-risk investors seeking relatively stable core exposure. Current setup allows selective exposure under controlled sizing.
AXS/USDT,MATURE,1.1,Downward,-1,0.32,50,39.36,Bearish,-2.8,High Risk,Caution,7.7,20.6,D,Underweight,Conservative Allocation,-0.365118143,"WATCHLIST: Reference return -2.8%, Safety 7.7/100, Risk: High Risk","Risk Reference Prices (Current: 1.10) | Lower Warning: 1.05, Lower Danger: 0.99, Upper Warning: 1.16, Upper Danger: 1.21",WATCHLIST,Speculative,Weak,Speculative,Watch / DCA Only,Tactical Satellite Position,High Risk | Speculative | Weak,26.11,Suitable only for high-risk tactical or speculative positioning. Current weakness suggests observation or gradual accumulation only.
OPEN/USDT,MATURE,0.17,Downward,-1,1.02,65,49.55,Neutral,-0.46,High Risk,Caution,0,29.8,D,Underweight,Conservative Allocation,-1.441305816,"WATCHLIST: Reference return -0.5%, Safety 0.0/100, Risk: High Risk","Risk Reference Prices (Current: 0.17) | Lower Warning: 0.16, Lower Danger: 0.15, Upper Warning: 0.18, Upper Danger: 0.19",WATCHLIST,Speculative,Acceptable,Balanced Aggressive,Watch / DCA Only,Growth Allocation,High Risk | Speculative | Acceptable,31.19,Suitable for investors willing to accept higher volatility in exchange for stronger growth potential. Current weakness suggests observation or gradual accumulation only.
TWT/USDT,MATURE,0.39,Downward,-1,-3.23,30,40.97,Neutral,-2.83,High Risk,Caution,0,-6.3,D,Underweight,Conservative Allocation,-1.099061869,"WATCHLIST: Reference return -2.8%, Safety 0.0/100, Risk: High Risk","Risk Reference Prices (Current: 0.39) | Lower Warning: 0.37, Lower Danger: 0.35, Upper Warning: 0.41, Upper Danger: 0.43",WATCHLIST,Speculative,Fragile,Speculative,Avoid / Too Fragile,Tactical Satellite Position,High Risk | Speculative | Fragile,3.63,Suitable only for high-risk tactical or speculative positioning. Current profile appears too fragile for normal allocation.
KNC/USDT,MATURE,0.13,Downward,-1,-1.9,55,45.08,Neutral,-1.64,High Risk,Caution,0,3,D,Underweight,Conservative Allocation,-1.897220077,"WATCHLIST: Reference return -1.6%, Safety 0.0/100, Risk: High Risk","Risk Reference Prices (Current: 0.13) | Lower Warning: 0.12, Lower Danger: 0.12, Upper Warning: 0.14, Upper Danger: 0.14",WATCHLIST,Speculative,Fragile,Speculative,Avoid / Too Fragile,Tactical Satellite Position,High Risk | Speculative | Fragile,13.91,Suitable only for high-risk tactical or speculative positioning. Current profile appears too fragile for normal allocation.
EOS/USDT,MATURE,0.78,Upward,1,-0.83,55,56.15,Neutral,1.85,High Risk,Caution,0,14.6,D,Underweight,Conservative Allocation,1.083029618,"WATCHLIST: Reference return 1.8%, Safety 0.0/100, Risk: High Risk","Risk Reference Prices (Current: 0.78) | Lower Warning: 0.74, Lower Danger: 0.7, Upper Warning: 0.82, Upper Danger: 0.86",WATCHLIST,Speculative,Weak,Speculative,High Risk Tactical Only,Tactical Satellite Position,High Risk | Speculative | Weak,21.17,"Suitable only for high-risk tactical or speculative positioning. Current profile is only suitable for tactical, high-risk participation."
BANK/USDT,MATURE,0.03,Downward,-1,-1.85,10,50.43,Neutral,-1.83,High Risk,Caution,0,-5,D,Underweight,Conservative Allocation,-0.378161555,"WATCHLIST: Reference return -1.8%, Safety 0.0/100, Risk: High Risk","Risk Reference Prices (Current: 0.03) | Lower Warning: 0.03, Lower Danger: 0.03, Upper Warning: 0.03, Upper Danger: 0.03",WATCHLIST,Speculative,Fragile,Speculative,Avoid / Too Fragile,Tactical Satellite Position,High Risk | Speculative | Fragile,5.42,Suitable only for high-risk tactical or speculative positioning. Current profile appears too fragile for normal allocation.
LOKA/USDT,MATURE,0.12,Upward,1,2.35,75,56.55,Neutral,1.14,High Risk,Caution,0,41.9,C,Caution,Risk Mitigation,0.065062938,"ATTENTION: Reference return 1.1%, Safety 0.0/100, Risk: High Risk","Risk Reference Prices (Current: 0.12) | Lower Warning: 0.12, Lower Danger: 0.11, Upper Warning: 0.13, Upper Danger: 0.14",ATTENTION,Speculative,Strong,Balanced Aggressive,Selective Exposure,Growth Allocation,High Risk | Speculative | Strong,40.35,Suitable for investors willing to accept higher volatility in exchange for stronger growth potential. Current setup allows selective exposure under controlled sizing.
FLOW/USDT,MATURE,0.03,Downward,-1,0.16,50,37.2,Bearish,-4.32,High Risk,Caution,0,17.2,D,Underweight,Conservative Allocation,-2.439990898,"WATCHLIST: Reference return -4.3%, Safety 0.0/100, Risk: High Risk","Risk Reference Prices (Current: 0.03) | Lower Warning: 0.03, Lower Danger: 0.03, Upper Warning: 0.03, Upper Danger: 0.03",WATCHLIST,Speculative,Weak,Speculative,Watch / DCA Only,Tactical Satellite Position,High Risk | Speculative | Weak,21.78,Suitable only for high-risk tactical or speculative positioning. Current weakness suggests observation or gradual accumulation only.
TST/USDT,MATURE,0.01,Downward,-1,0.17,50,41.56,Neutral,-2,High Risk,Caution,0,17.9,D,Underweight,Conservative Allocation,-1.67095357,"WATCHLIST: Reference return -2.0%, Safety 0.0/100, Risk: High Risk","Risk Reference Prices (Current: 0.01) | Lower Warning: 0.01, Lower Danger: 0.01, Upper Warning: 0.01, Upper Danger: 0.01",WATCHLIST,Speculative,Weak,Speculative,Watch / DCA Only,Tactical Satellite Position,High Risk | Speculative | Weak,22.45,Suitable only for high-risk tactical or speculative positioning. Current weakness suggests observation or gradual accumulation only.
EUL/USDT,MATURE,0.92,Downward,-1,0.98,65,43.34,Neutral,-2.36,High Risk,Caution,0,28.6,D,Underweight,Conservative Allocation,-2.681893135,"WATCHLIST: Reference return -2.4%, Safety 0.0/100, Risk: High Risk","Risk Reference Prices (Current: 0.92) | Lower Warning: 0.87, Lower Danger: 0.83, Upper Warning: 0.96, Upper Danger: 1.01",WATCHLIST,Speculative,Acceptable,Balanced Aggressive,Watch / DCA Only,Growth Allocation,High Risk | Speculative | Acceptable,30.11,Suitable for investors willing to accept higher volatility in exchange for stronger growth potential. Current weakness suggests observation or gradual accumulation only.
BEL/USDT,MATURE,0.1,Downward,-1,0.29,50,46.15,Neutral,-0.46,High Risk,Caution,0,19.8,D,Underweight,Conservative Allocation,-0.716354231,"WATCHLIST: Reference return -0.5%, Safety 0.0/100, Risk: High Risk","Risk Reference Prices (Current: 0.10) | Lower Warning: 0.09, Lower Danger: 0.09, Upper Warning: 0.1, Upper Danger: 0.11",WATCHLIST,Speculative,Weak,Speculative,Watch / DCA Only,Tactical Satellite Position,High Risk | Speculative | Weak,23.78,Suitable only for high-risk tactical or speculative positioning. Current weakness suggests observation or gradual accumulation only.
BLZ/USDT,MATURE,0.06,Upward,1,-1.53,40,56.35,Neutral,-2.13,High Risk,Caution,0,3.6,D,Underweight,Conservative Allocation,-1.216511957,"WATCHLIST: Reference return -2.1%, Safety 0.0/100, Risk: High Risk","Risk Reference Prices (Current: 0.06) | Lower Warning: 0.06, Lower Danger: 0.05, Upper Warning: 0.06, Upper Danger: 0.06",WATCHLIST,Speculative,Fragile,Speculative,Avoid / Too Fragile,Tactical Satellite Position,High Risk | Speculative | Fragile,13.89,Suitable only for high-risk tactical or speculative positioning. Current profile appears too fragile for normal allocation.
HIFI/USDT,MATURE,0.13,Upward,1,4.73,100,50.54,Neutral,1.9,High Risk,Caution,0,50.4,C+,Watchlist,Double Check,0.640375929,"ATTENTION: Reference return 1.9%, Safety 0.0/100, Risk: High Risk","Risk Reference Prices (Current: 0.13) | Lower Warning: 0.12, Lower Danger: 0.11, Upper Warning: 0.13, Upper Danger: 0.14",ATTENTION,Speculative,Strong,Balanced Aggressive,Selective Exposure,Growth Allocation,High Risk | Speculative | Strong,52,Suitable for investors willing to accept higher volatility in exchange for stronger growth potential. Current setup allows selective exposure under controlled sizing.
OG/USDT,MATURE,2.63,Downward,-1,0.22,50,39.08,Bearish,-1.98,High Risk,Caution,0,18.1,D,Underweight,Conservative Allocation,-1.442002257,"WATCHLIST: Reference return -2.0%, Safety 0.0/100, Risk: High Risk","Risk Reference Prices (Current: 2.63) | Lower Warning: 2.49, Lower Danger: 2.36, Upper Warning: 2.76, Upper Danger: 2.89",WATCHLIST,Speculative,Weak,Speculative,Watch / DCA Only,Tactical Satellite Position,High Risk | Speculative | Weak,22.39,Suitable only for high-risk tactical or speculative positioning. Current weakness suggests observation or gradual accumulation only.
KLAY/USDT,MATURE,0.13,Downward,-1,0.26,50,45.75,Neutral,-0.8,Low Risk,Caution,28.4,25.1,D,Underweight,Conservative Allocation,-0.755061945,"WATCHLIST: Reference return -0.8%, Safety 28.4/100, Risk: Low Risk","Risk Reference Prices (Current: 0.13) | Lower Warning: 0.12, Lower Danger: 0.11, Upper Warning: 0.13, Upper Danger: 0.14",WATCHLIST,Caution,Acceptable,Moderately Conservative,Watch / DCA Only,Core Allocation,Low Risk | Caution | Acceptable,35.2,"Suitable as a relatively stable core risk asset, but current conditions require caution. Current weakness suggests observation or gradual accumulation only."
HNT/USDT,MATURE,4.67,Downward,-1,-1.28,35,41.22,Neutral,-6.23,High Risk,Caution,0,1.9,D,Underweight,Conservative Allocation,-1.03334286,"WATCHLIST: Reference return -6.2%, Safety 0.0/100, Risk: High Risk","Risk Reference Prices (Current: 4.67) | Lower Warning: 4.44, Lower Danger: 4.2, Upper Warning: 4.9, Upper Danger: 5.14",WATCHLIST,Speculative,Fragile,Speculative,Avoid / Too Fragile,Tactical Satellite Position,High Risk | Speculative | Fragile,11.74,Suitable only for high-risk tactical or speculative positioning. Current profile appears too fragile for normal allocation.
CHR/USDT,MATURE,0.02,Downward,-1,1.68,75,33.68,Bearish,-4.94,High Risk,Caution,0,33.8,D,Underweight,Conservative Allocation,-2.300629985,"WATCHLIST: Reference return -4.9%, Safety 0.0/100, Risk: High Risk","Risk Reference Prices (Current: 0.02) | Lower Warning: 0.02, Lower Danger: 0.02, Upper Warning: 0.02, Upper Danger: 0.02",WATCHLIST,Speculative,Acceptable,Balanced Aggressive,Watch / DCA Only,Growth Allocation,High Risk | Speculative | Acceptable,33.96,Suitable for investors willing to accept higher volatility in exchange for stronger growth potential. Current weakness suggests observation or gradual accumulation only.
BETH/USDT,MATURE,1556.27,Downward,-1,-2.23,20,56.44,Neutral,-1.13,Low Risk,Mediate,54.8,7.3,D,Underweight,Conservative Allocation,-0.410106173,"WATCHLIST: Reference return -1.1%, Safety 54.8/100, Risk: Low Risk","Risk Reference Prices (Current: 1556.27) | Lower Warning: 1478.46, Lower Danger: 1400.64, Upper Warning: 1634.08, Upper Danger: 1711.9",WATCHLIST,Defensive,Fragile,Moderately Conservative,Avoid / Too Fragile,Core Allocation,Low Risk | Defensive | Fragile,29.44,"Suitable as a relatively stable core risk asset, but current conditions require caution. Current profile appears too fragile for normal allocation."
YB/USDT,MATURE,0.11,Downward,-1,0.25,70,38.16,Bearish,-4.24,High Risk,Caution,0,22.2,D,Underweight,Conservative Allocation,-1.844561344,"WATCHLIST: Reference return -4.2%, Safety 0.0/100, Risk: High Risk","Risk Reference Prices (Current: 0.11) | Lower Warning: 0.11, Lower Danger: 0.1, Upper Warning: 0.12, Upper Danger: 0.13",WATCHLIST,Speculative,Weak,Speculative,Watch / DCA Only,Tactical Satellite Position,High Risk | Speculative | Weak,26.6,Suitable only for high-risk tactical or speculative positioning. Current weakness suggests observation or gradual accumulation only.
SXP/USDT,MATURE,0,Downward,-1,-1.64,30,26.45,Bearish,-15.67,High Risk,Caution,0,-3.5,D,Underweight,Conservative Allocation,-4.009693981,"WATCHLIST: Reference return -15.7%, Safety 0.0/100, Risk: High Risk","Risk Reference Prices (Current: 0.00) | Lower Warning: 0.0, Lower Danger: 0.0, Upper Warning: 0.0, Upper Danger: 0.0",WATCHLIST,Speculative,Fragile,Speculative,Avoid / Too Fragile,Tactical Satellite Position,High Risk | Speculative | Fragile,7,Suitable only for high-risk tactical or speculative positioning. Current profile appears too fragile for normal allocation.
EPIC/USDT,MATURE,0.26,Downward,-1,0.19,50,40.44,Neutral,-2.65,High Risk,Caution,0,18,D,Underweight,Conservative Allocation,-2.487956094,"WATCHLIST: Reference return -2.6%, Safety 0.0/100, Risk: High Risk","Risk Reference Prices (Current: 0.26) | Lower Warning: 0.25, Lower Danger: 0.23, Upper Warning: 0.27, Upper Danger: 0.28",WATCHLIST,Speculative,Weak,Speculative,Watch / DCA Only,Tactical Satellite Position,High Risk | Speculative | Weak,22.42,Suitable only for high-risk tactical or speculative positioning. Current weakness suggests observation or gradual accumulation only.
GALA/USDT,MATURE,0,Downward,-1,-0.48,35,37.5,Bearish,-4.34,High Risk,Caution,0,7.9,D,Underweight,Conservative Allocation,-2.48255791,"WATCHLIST: Reference return -4.3%, Safety 0.0/100, Risk: High Risk","Risk Reference Prices (Current: 0.00) | Lower Warning: 0.0, Lower Danger: 0.0, Upper Warning: 0.0, Upper Danger: 0.0",WATCHLIST,Speculative,Fragile,Speculative,Avoid / Too Fragile,Tactical Satellite Position,High Risk | Speculative | Fragile,15.17,Suitable only for high-risk tactical or speculative positioning. Current profile appears too fragile for normal allocation.
DGB/USDT,MATURE,0,Downward,-1,1.56,75,46.33,Neutral,-0.86,High Risk,Caution,0,35,C,Caution,Risk Mitigation,-0.559856171,"WATCHLIST: Reference return -0.9%, Safety 0.0/100, Risk: High Risk","Risk Reference Prices (Current: 0.00) | Lower Warning: 0.0, Lower Danger: 0.0, Upper Warning: 0.0, Upper Danger: 0.0",WATCHLIST,Speculative,Acceptable,Balanced Aggressive,Watch / DCA Only,Growth Allocation,High Risk | Speculative | Acceptable,35.28,Suitable for investors willing to accept higher volatility in exchange for stronger growth potential. Current weakness suggests observation or gradual accumulation only.
PLA/USDT,MATURE,0.23,Downward,-1,1.63,70,42.49,Neutral,-2.24,Mediate Risk,Caution,0,33.8,D,Underweight,Conservative Allocation,0.711722346,"WATCHLIST: Reference return -2.2%, Safety 0.0/100, Risk: Mediate Risk","Risk Reference Prices (Current: 0.23) | Lower Warning: 0.22, Lower Danger: 0.21, Upper Warning: 0.25, Upper Danger: 0.26",WATCHLIST,Speculative,Acceptable,Balanced Growth,Watch / DCA Only,Growth Allocation,Mediate Risk | Speculative | Acceptable,33.96,Suitable for investors seeking a balance between upside potential and manageable volatility. Current weakness suggests observation or gradual accumulation only.
LIT/USDT,MATURE,0.74,Downward,-1,3.84,75,41.83,Neutral,-4.21,High Risk,Caution,0,40.4,C,Caution,Risk Mitigation,0.574007565,"WATCHLIST: Reference return -4.2%, Safety 0.0/100, Risk: High Risk","Risk Reference Prices (Current: 0.74) | Lower Warning: 0.71, Lower Danger: 0.67, Upper Warning: 0.78, Upper Danger: 0.82",WATCHLIST,Speculative,Strong,Balanced Aggressive,Watch / DCA Only,Growth Allocation,High Risk | Speculative | Strong,42.15,Suitable for investors willing to accept higher volatility in exchange for stronger growth potential. Current weakness suggests observation or gradual accumulation only.
AGIX/USDT,MATURE,0.61,Downward,-1,1.16,60,40.7,Neutral,-2.52,High Risk,Caution,0,28.6,D,Underweight,Conservative Allocation,1.200370384,"WATCHLIST: Reference return -2.5%, Safety 0.0/100, Risk: High Risk","Risk Reference Prices (Current: 0.61) | Lower Warning: 0.58, Lower Danger: 0.55, Upper Warning: 0.64, Upper Danger: 0.68",WATCHLIST,Speculative,Acceptable,Balanced Aggressive,Watch / DCA Only,Growth Allocation,High Risk | Speculative | Acceptable,29.55,Suitable for investors willing to accept higher volatility in exchange for stronger growth potential. Current weakness suggests observation or gradual accumulation only.
CFX/USDT,MATURE,0.05,Downward,-1,-2.85,20,51.43,Neutral,-3.05,High Risk,Caution,0,-6.1,D,Underweight,Conservative Allocation,-1.647286274,"WATCHLIST: Reference return -3.0%, Safety 0.0/100, Risk: High Risk","Risk Reference Prices (Current: 0.05) | Lower Warning: 0.05, Lower Danger: 0.05, Upper Warning: 0.05, Upper Danger: 0.06",WATCHLIST,Speculative,Fragile,Speculative,Avoid / Too Fragile,Tactical Satellite Position,High Risk | Speculative | Fragile,4.19,Suitable only for high-risk tactical or speculative positioning. Current profile appears too fragile for normal allocation.
PYTH/USDT,MATURE,0.04,Downward,-1,0.36,60,43.36,Neutral,-4.59,High Risk,Caution,0,22.1,D,Underweight,Conservative Allocation,-1.805403892,"WATCHLIST: Reference return -4.6%, Safety 0.0/100, Risk: High Risk","Risk Reference Prices (Current: 0.04) | Lower Warning: 0.04, Lower Danger: 0.04, Upper Warning: 0.04, Upper Danger: 0.04",WATCHLIST,Speculative,Weak,Speculative,Watch / DCA Only,Tactical Satellite Position,High Risk | Speculative | Weak,25.87,Suitable only for high-risk tactical or speculative positioning. Current weakness suggests observation or gradual accumulation only.
CITY/USDT,MATURE,0.51,Downward,-1,-0.37,25,47.13,Neutral,-2.63,High Risk,Caution,28.7,14.2,D,Underweight,Conservative Allocation,-1.336994388,"WATCHLIST: Reference return -2.6%, Safety 28.7/100, Risk: High Risk","Risk Reference Prices (Current: 0.51) | Lower Warning: 0.48, Lower Danger: 0.46, Upper Warning: 0.53, Upper Danger: 0.56",WATCHLIST,Caution,Weak,Speculative,High Risk Tactical Only,Tactical Satellite Position,High Risk | Caution | Weak,26.84,"Suitable only for high-risk tactical or speculative positioning. Current profile is only suitable for tactical, high-risk participation."
DNT/USDT,MATURE,0.04,Downward,-1,0.45,60,41.34,Neutral,-2.76,High Risk,Caution,0,22.6,D,Underweight,Conservative Allocation,-1.21569071,"WATCHLIST: Reference return -2.8%, Safety 0.0/100, Risk: High Risk","Risk Reference Prices (Current: 0.04) | Lower Warning: 0.03, Lower Danger: 0.03, Upper Warning: 0.04, Upper Danger: 0.04",WATCHLIST,Speculative,Weak,Speculative,Watch / DCA Only,Tactical Satellite Position,High Risk | Speculative | Weak,26.04,Suitable only for high-risk tactical or speculative positioning. Current weakness suggests observation or gradual accumulation only.
FORM/USDT,MATURE,0.2,Downward,-1,-2.61,20,48.85,Neutral,-5.31,High Risk,Caution,0,-5.9,D,Underweight,Conservative Allocation,-1.421088394,"WATCHLIST: Reference return -5.3%, Safety 0.0/100, Risk: High Risk","Risk Reference Prices (Current: 0.20) | Lower Warning: 0.19, Lower Danger: 0.18, Upper Warning: 0.21, Upper Danger: 0.22",WATCHLIST,Speculative,Fragile,Speculative,Avoid / Too Fragile,Tactical Satellite Position,High Risk | Speculative | Fragile,4.59,Suitable only for high-risk tactical or speculative positioning. Current profile appears too fragile for normal allocation.
BNX/USDT,MATURE,1.78,Upward,1,3.05,75,57.94,Neutral,-1.02,High Risk,Caution,0,41.9,C,Caution,Risk Mitigation,0.951021152,"ATTENTION: Reference return -1.0%, Safety 0.0/100, Risk: High Risk","Risk Reference Prices (Current: 1.78) | Lower Warning: 1.69, Lower Danger: 1.6, Upper Warning: 1.87, Upper Danger: 1.96",ATTENTION,Speculative,Strong,Balanced Aggressive,Selective Exposure,Growth Allocation,High Risk | Speculative | Strong,42.24,Suitable for investors willing to accept higher volatility in exchange for stronger growth potential. Current setup allows selective exposure under controlled sizing.
YFII/USDT,MATURE,435.5,Downward,-1,-1.96,40,36.4,Bearish,-1.35,High Risk,Caution,0,-1.6,D,Underweight,Conservative Allocation,-2.104861723,"WATCHLIST: Reference return -1.4%, Safety 0.0/100, Risk: High Risk","Risk Reference Prices (Current: 435.50) | Lower Warning: 413.72, Lower Danger: 391.95, Upper Warning: 457.28, Upper Danger: 479.05",WATCHLIST,Speculative,Fragile,Speculative,Avoid / Too Fragile,Tactical Satellite Position,High Risk | Speculative | Fragile,9.26,Suitable only for high-risk tactical or speculative positioning. Current profile appears too fragile for normal allocation.
PYR/USDT,MATURE,0.26,Downward,-1,-2.55,20,41.65,Neutral,-2.26,High Risk,Caution,0,-6.9,D,Underweight,Conservative Allocation,-0.859862199,"WATCHLIST: Reference return -2.3%, Safety 0.0/100, Risk: High Risk","Risk Reference Prices (Current: 0.26) | Lower Warning: 0.24, Lower Danger: 0.23, Upper Warning: 0.27, Upper Danger: 0.28",WATCHLIST,Speculative,Fragile,Speculative,Avoid / Too Fragile,Tactical Satellite Position,High Risk | Speculative | Fragile,3.72,Suitable only for high-risk tactical or speculative positioning. Current profile appears too fragile for normal allocation.
MFT/USDT,MATURE,0.01,Upward,1,-0.7,45,51.11,Neutral,0.32,High Risk,Caution,1,10.7,D,Underweight,Conservative Allocation,1.022549239,"WATCHLIST: Reference return 0.3%, Safety 1.0/100, Risk: High Risk","Risk Reference Prices (Current: 0.01) | Lower Warning: 0.0, Lower Danger: 0.0, Upper Warning: 0.01, Upper Danger: 0.01",WATCHLIST,Speculative,Weak,Speculative,High Risk Tactical Only,Tactical Satellite Position,High Risk | Speculative | Weak,18.67,"Suitable only for high-risk tactical or speculative positioning. Current profile is only suitable for tactical, high-risk participation."
NEO/USDT,MATURE,2.78,Downward,-1,1.48,75,47.53,Neutral,-0.93,High Risk,Caution,2.2,35.2,C,Caution,Risk Mitigation,-1.335350089,"WATCHLIST: Reference return -0.9%, Safety 2.2/100, Risk: High Risk","Risk Reference Prices (Current: 2.78) | Lower Warning: 2.64, Lower Danger: 2.5, Upper Warning: 2.92, Upper Danger: 3.06",WATCHLIST,Speculative,Acceptable,Balanced Aggressive,Watch / DCA Only,Growth Allocation,High Risk | Speculative | Acceptable,36.03,Suitable for investors willing to accept higher volatility in exchange for stronger growth potential. Current weakness suggests observation or gradual accumulation only.
BEAM/USDT,MATURE,0.07,Downward,-1,-1.36,40,44.04,Neutral,-1.29,High Risk,Caution,0,2.8,D,Underweight,Conservative Allocation,-0.102434516,"WATCHLIST: Reference return -1.3%, Safety 0.0/100, Risk: High Risk","Risk Reference Prices (Current: 0.07) | Lower Warning: 0.06, Lower Danger: 0.06, Upper Warning: 0.07, Upper Danger: 0.07",WATCHLIST,Speculative,Fragile,Speculative,Avoid / Too Fragile,Tactical Satellite Position,High Risk | Speculative | Fragile,12.84,Suitable only for high-risk tactical or speculative positioning. Current profile appears too fragile for normal allocation.
BTG/USDT,MATURE,17.65,Downward,-1,0.66,70,40.76,Neutral,-2.32,High Risk,Caution,3.3,27.2,D,Underweight,Conservative Allocation,-0.549146313,"WATCHLIST: Reference return -2.3%, Safety 3.3/100, Risk: High Risk","Risk Reference Prices (Current: 17.65) | Lower Warning: 16.77, Lower Danger: 15.88, Upper Warning: 18.53, Upper Danger: 19.42",WATCHLIST,Speculative,Acceptable,Balanced Aggressive,Watch / DCA Only,Growth Allocation,High Risk | Speculative | Acceptable,30.54,Suitable for investors willing to accept higher volatility in exchange for stronger growth potential. Current weakness suggests observation or gradual accumulation only.
DAR/USDT,MATURE,0.22,Upward,1,4.32,100,53.43,Neutral,8.26,Mediate Risk,Caution,0,60,B,Attention,Opportunity Confirmation,1.102404631,"ATTENTION: Reference return 8.3%, Safety 0.0/100, Risk: Mediate Risk","Risk Reference Prices (Current: 0.22) | Lower Warning: 0.21, Lower Danger: 0.2, Upper Warning: 0.23, Upper Danger: 0.24",ATTENTION,Speculative,Strong,Balanced Growth,Selective Exposure,Growth Allocation,Mediate Risk | Speculative | Strong,54.14,Suitable for investors seeking a balance between upside potential and manageable volatility. Current setup allows selective exposure under controlled sizing.
PNUT/USDT,MATURE,0.04,Downward,-1,0.17,50,41.4,Neutral,-2.9,High Risk,Caution,0,17.9,D,Underweight,Conservative Allocation,-2.202975515,"WATCHLIST: Reference return -2.9%, Safety 0.0/100, Risk: High Risk","Risk Reference Prices (Current: 0.04) | Lower Warning: 0.04, Lower Danger: 0.04, Upper Warning: 0.04, Upper Danger: 0.04",WATCHLIST,Speculative,Weak,Speculative,Watch / DCA Only,Tactical Satellite Position,High Risk | Speculative | Weak,22.44,Suitable only for high-risk tactical or speculative positioning. Current weakness suggests observation or gradual accumulation only.
STG/USDT,MATURE,0.23,Upward,1,1.58,85,60.28,Neutral,4.21,Mediate Risk,Caution,0,46,C+,Watchlist,Double Check,0.743785392,"WATCHLIST: Reference return 4.2%, Safety 0.0/100, Risk: Mediate Risk","Risk Reference Prices (Current: 0.23) | Lower Warning: 0.22, Lower Danger: 0.21, Upper Warning: 0.24, Upper Danger: 0.25",WATCHLIST,Speculative,Strong,Balanced Growth,Selective Exposure,Growth Allocation,Mediate Risk | Speculative | Strong,41.53,Suitable for investors seeking a balance between upside potential and manageable volatility. Current setup allows selective exposure under controlled sizing.
OOKI/USDT,MATURE,0,Downward,-1,-1.75,40,41.63,Neutral,-0.27,High Risk,Caution,0,0.2,D,Underweight,Conservative Allocation,-3.310023725,"WATCHLIST: Reference return -0.3%, Safety 0.0/100, Risk: High Risk","Risk Reference Prices (Current: 0.00) | Lower Warning: 0.0, Lower Danger: 0.0, Upper Warning: 0.0, Upper Danger: 0.0",WATCHLIST,Speculative,Fragile,Speculative,Avoid / Too Fragile,Tactical Satellite Position,High Risk | Speculative | Fragile,10.85,Suitable only for high-risk tactical or speculative positioning. Current profile appears too fragile for normal allocation.
BAKE/USDT,MATURE,0.05,Downward,-1,1.48,70,43.06,Neutral,-3.05,High Risk,Caution,0,33,D,Underweight,Conservative Allocation,0.164357837,"WATCHLIST: Reference return -3.0%, Safety 0.0/100, Risk: High Risk","Risk Reference Prices (Current: 0.05) | Lower Warning: 0.05, Lower Danger: 0.05, Upper Warning: 0.05, Upper Danger: 0.06",WATCHLIST,Speculative,Acceptable,Balanced Aggressive,Watch / DCA Only,Growth Allocation,High Risk | Speculative | Acceptable,33.41,Suitable for investors willing to accept higher volatility in exchange for stronger growth potential. Current weakness suggests observation or gradual accumulation only.
APE/USDT,MATURE,0.09,Downward,-1,0.31,60,36.08,Bearish,-3.47,High Risk,Caution,0,20.5,D,Underweight,Conservative Allocation,-2.758949266,"WATCHLIST: Reference return -3.5%, Safety 0.0/100, Risk: High Risk","Risk Reference Prices (Current: 0.09) | Lower Warning: 0.08, Lower Danger: 0.08, Upper Warning: 0.09, Upper Danger: 0.09",WATCHLIST,Speculative,Weak,Speculative,Watch / DCA Only,Tactical Satellite Position,High Risk | Speculative | Weak,24.53,Suitable only for high-risk tactical or speculative positioning. Current weakness suggests observation or gradual accumulation only.
BOND/USDT,MATURE,2.15,Downward,-1,0.48,60,34.6,Bearish,-1.29,High Risk,Caution,0,21.9,D,Underweight,Conservative Allocation,-0.248298261,"WATCHLIST: Reference return -1.3%, Safety 0.0/100, Risk: High Risk","Risk Reference Prices (Current: 2.15) | Lower Warning: 2.04, Lower Danger: 1.94, Upper Warning: 2.26, Upper Danger: 2.37",WATCHLIST,Speculative,Weak,Speculative,Watch / DCA Only,Tactical Satellite Position,High Risk | Speculative | Weak,25.23,Suitable only for high-risk tactical or speculative positioning. Current weakness suggests observation or gradual accumulation only.
XVG/USDT,MATURE,0,Downward,-1,-2.41,20,41.28,Neutral,-2.49,High Risk,Caution,15.4,-3.4,D,Underweight,Conservative Allocation,0.141116668,"WATCHLIST: Reference return -2.5%, Safety 15.4/100, Risk: High Risk","Risk Reference Prices (Current: 0.00) | Lower Warning: 0.0, Lower Danger: 0.0, Upper Warning: 0.0, Upper Danger: 0.0",WATCHLIST,Risky,Fragile,Speculative,Avoid / Too Fragile,Tactical Satellite Position,High Risk | Risky | Fragile,10.47,Suitable only for high-risk tactical or speculative positioning. Current profile appears too fragile for normal allocation.
KAVA/USDT,MATURE,0.05,Downward,-1,-1.22,35,46.04,Neutral,-3.72,High Risk,Caution,0,3,D,Underweight,Conservative Allocation,-2.034801657,"WATCHLIST: Reference return -3.7%, Safety 0.0/100, Risk: High Risk","Risk Reference Prices (Current: 0.05) | Lower Warning: 0.05, Lower Danger: 0.05, Upper Warning: 0.05, Upper Danger: 0.06",WATCHLIST,Speculative,Fragile,Speculative,Avoid / Too Fragile,Tactical Satellite Position,High Risk | Speculative | Fragile,12.7,Suitable only for high-risk tactical or speculative positioning. Current profile appears too fragile for normal allocation.
JUP/USDT,MATURE,0.16,Downward,-1,0.99,65,47.14,Neutral,-2.38,High Risk,Caution,0,29.2,D,Underweight,Conservative Allocation,-1.662062192,"WATCHLIST: Reference return -2.4%, Safety 0.0/100, Risk: High Risk","Risk Reference Prices (Current: 0.16) | Lower Warning: 0.15, Lower Danger: 0.15, Upper Warning: 0.17, Upper Danger: 0.18",WATCHLIST,Speculative,Acceptable,Balanced Aggressive,Watch / DCA Only,Growth Allocation,High Risk | Speculative | Acceptable,30.7,Suitable for investors willing to accept higher volatility in exchange for stronger growth potential. Current weakness suggests observation or gradual accumulation only.
EURI/USDT,MATURE,1.15,Downward,-1,1.24,65,49.03,Neutral,-0.19,Low Risk,Safe,90.7,49.5,C+,Watchlist,Double Check,-1.264055665,"WATCHLIST: Reference return -0.2%, Safety 90.7/100, Risk: Low Risk","Risk Reference Prices (Current: 1.15) | Lower Warning: 1.09, Lower Danger: 1.04, Upper Warning: 1.21, Upper Danger: 1.27",WATCHLIST,Safe,Strong,Safe / Defensive,Safe Hold,Defensive / Cash Position,Low Risk | Safe | Strong,69.35,"Best suited for capital preservation, portfolio stabilization, and low-volatility allocation. Current profile supports defensive holding."
FF/USDT,MATURE,0.07,Downward,-1,0.26,50,45.35,Neutral,-0.75,High Risk,Caution,12.6,21.9,D,Underweight,Conservative Allocation,-1.123564702,"WATCHLIST: Reference return -0.8%, Safety 12.6/100, Risk: High Risk","Risk Reference Prices (Current: 0.07) | Lower Warning: 0.07, Lower Danger: 0.06, Upper Warning: 0.07, Upper Danger: 0.08",WATCHLIST,Risky,Weak,Aggressive Growth,Watch / DCA Only,High-Beta Growth Position,High Risk | Risky | Weak,28.66,Suitable for aggressive investors targeting high upside with elevated risk exposure. Current weakness suggests observation or gradual accumulation only.
ADX/USDT,MATURE,0.07,Downward,-1,1.83,85,44.68,Neutral,-2.46,High Risk,Caution,7.6,39.7,C,Caution,Risk Mitigation,-0.821312688,"WATCHLIST: Reference return -2.5%, Safety 7.6/100, Risk: High Risk","Risk Reference Prices (Current: 0.07) | Lower Warning: 0.07, Lower Danger: 0.07, Upper Warning: 0.08, Upper Danger: 0.08",WATCHLIST,Speculative,Acceptable,Balanced Aggressive,Watch / DCA Only,Growth Allocation,High Risk | Speculative | Acceptable,41.36,Suitable for investors willing to accept higher volatility in exchange for stronger growth potential. Current weakness suggests observation or gradual accumulation only.
IO/USDT,MATURE,0.1,Downward,-1,-2.22,10,47.26,Neutral,-1.79,High Risk,Caution,0,-7,D,Underweight,Conservative Allocation,-2.126326177,"WATCHLIST: Reference return -1.8%, Safety 0.0/100, Risk: High Risk","Risk Reference Prices (Current: 0.10) | Lower Warning: 0.09, Lower Danger: 0.09, Upper Warning: 0.1, Upper Danger: 0.11",WATCHLIST,Speculative,Fragile,Speculative,Avoid / Too Fragile,Tactical Satellite Position,High Risk | Speculative | Fragile,3.58,Suitable only for high-risk tactical or speculative positioning. Current profile appears too fragile for normal allocation.
ARKM/USDT,MATURE,0.09,Downward,-1,-2.25,10,41.73,Neutral,-2.79,High Risk,Caution,0,-7.9,D,Underweight,Conservative Allocation,-2.371071676,"WATCHLIST: Reference return -2.8%, Safety 0.0/100, Risk: High Risk","Risk Reference Prices (Current: 0.09) | Lower Warning: 0.09, Lower Danger: 0.08, Upper Warning: 0.1, Upper Danger: 0.1",WATCHLIST,Speculative,Fragile,Speculative,Avoid / Too Fragile,Tactical Satellite Position,High Risk | Speculative | Fragile,2.68,Suitable only for high-risk tactical or speculative positioning. Current profile appears too fragile for normal allocation.
OMG/USDT,MATURE,0.38,Downward,-1,-1.41,40,42.42,Neutral,-2.21,High Risk,Caution,0,2.2,D,Underweight,Conservative Allocation,-0.294456719,"WATCHLIST: Reference return -2.2%, Safety 0.0/100, Risk: High Risk","Risk Reference Prices (Current: 0.38) | Lower Warning: 0.36, Lower Danger: 0.34, Upper Warning: 0.4, Upper Danger: 0.42",WATCHLIST,Speculative,Fragile,Speculative,Avoid / Too Fragile,Tactical Satellite Position,High Risk | Speculative | Fragile,12.38,Suitable only for high-risk tactical or speculative positioning. Current profile appears too fragile for normal allocation.
RSR/USDT,MATURE,0,Downward,-1,-1.22,35,46.67,Neutral,-0.88,High Risk,Caution,0,3.1,D,Underweight,Conservative Allocation,-1.866033268,"WATCHLIST: Reference return -0.9%, Safety 0.0/100, Risk: High Risk","Risk Reference Prices (Current: 0.00) | Lower Warning: 0.0, Lower Danger: 0.0, Upper Warning: 0.0, Upper Danger: 0.0",WATCHLIST,Speculative,Fragile,Speculative,Avoid / Too Fragile,Tactical Satellite Position,High Risk | Speculative | Fragile,12.8,Suitable only for high-risk tactical or speculative positioning. Current profile appears too fragile for normal allocation.
TURTLE/USDT,MATURE,0.04,Downward,-1,0.34,60,46.82,Neutral,0,High Risk,Caution,0,22.4,D,Underweight,Conservative Allocation,-1.844491271,"WATCHLIST: Reference return 0.0%, Safety 0.0/100, Risk: High Risk","Risk Reference Prices (Current: 0.04) | Lower Warning: 0.04, Lower Danger: 0.04, Upper Warning: 0.05, Upper Danger: 0.05",WATCHLIST,Speculative,Weak,Speculative,Watch / DCA Only,Tactical Satellite Position,High Risk | Speculative | Weak,26.25,Suitable only for high-risk tactical or speculative positioning. Current weakness suggests observation or gradual accumulation only.
ESP/USDT,WARM,0.07,Unknown,0,-0.77,10,50,Low Confidence,-2.2,High Risk,Caution,6.5,3.5,D,Underweight,Conservative Allocation,0.973535609,"WATCHLIST: Reference return -2.2%, Safety 6.5/100, Risk: High Risk","Risk Reference Prices (Current: 0.07) | Lower Warning: 0.07, Lower Danger: 0.07, Upper Warning: 0.08, Upper Danger: 0.08",WATCHLIST,Speculative,Fragile,Speculative,Avoid / Too Fragile,Tactical Satellite Position,High Risk | Speculative | Fragile,12.9,Suitable only for high-risk tactical or speculative positioning. Current profile appears too fragile for normal allocation.
BTCST/USDT,MATURE,5.35,Downward,-1,-1.58,10,41.16,Neutral,-0.51,High Risk,Caution,0,-5,D,Underweight,Conservative Allocation,0.515278052,"WATCHLIST: Reference return -0.5%, Safety 0.0/100, Risk: High Risk","Risk Reference Prices (Current: 5.35) | Lower Warning: 5.08, Lower Danger: 4.81, Upper Warning: 5.62, Upper Danger: 5.88",WATCHLIST,Speculative,Fragile,Speculative,Avoid / Too Fragile,Tactical Satellite Position,High Risk | Speculative | Fragile,5.17,Suitable only for high-risk tactical or speculative positioning. Current profile appears too fragile for normal allocation.
GUN/USDT,MATURE,0.01,Downward,-1,-1.8,10,39,Bearish,-6.07,High Risk,Caution,0,-6.5,D,Underweight,Conservative Allocation,0.072587259,"WATCHLIST: Reference return -6.1%, Safety 0.0/100, Risk: High Risk","Risk Reference Prices (Current: 0.01) | Lower Warning: 0.01, Lower Danger: 0.01, Upper Warning: 0.01, Upper Danger: 0.02",WATCHLIST,Speculative,Fragile,Speculative,Avoid / Too Fragile,Tactical Satellite Position,High Risk | Speculative | Fragile,3.95,Suitable only for high-risk tactical or speculative positioning. Current profile appears too fragile for normal allocation.
DYM/USDT,MATURE,0.02,Downward,-1,-1.29,20,34.4,Bearish,-6.43,High Risk,Caution,0,-2.2,D,Underweight,Conservative Allocation,-1.748240471,"WATCHLIST: Reference return -6.4%, Safety 0.0/100, Risk: High Risk","Risk Reference Prices (Current: 0.02) | Lower Warning: 0.02, Lower Danger: 0.02, Upper Warning: 0.02, Upper Danger: 0.02",WATCHLIST,Speculative,Fragile,Speculative,Avoid / Too Fragile,Tactical Satellite Position,High Risk | Speculative | Fragile,7.56,Suitable only for high-risk tactical or speculative positioning. Current profile appears too fragile for normal allocation.
ZRX/USDT,MATURE,0.11,Downward,-1,0.3,50,47.62,Neutral,-0.1,High Risk,Caution,3.8,20.9,D,Underweight,Conservative Allocation,-1.114051256,"WATCHLIST: Reference return -0.1%, Safety 3.8/100, Risk: High Risk","Risk Reference Prices (Current: 0.11) | Lower Warning: 0.1, Lower Danger: 0.1, Upper Warning: 0.11, Upper Danger: 0.12",WATCHLIST,Speculative,Weak,Speculative,Watch / DCA Only,Tactical Satellite Position,High Risk | Speculative | Weak,25.61,Suitable only for high-risk tactical or speculative positioning. Current weakness suggests observation or gradual accumulation only.
RED/USDT,MATURE,0.11,Downward,-1,0.3,60,32.94,Bearish,-6.26,High Risk,Caution,0,19.9,D,Underweight,Conservative Allocation,-2.401268095,"WATCHLIST: Reference return -6.3%, Safety 0.0/100, Risk: High Risk","Risk Reference Prices (Current: 0.11) | Lower Warning: 0.1, Lower Danger: 0.1, Upper Warning: 0.12, Upper Danger: 0.12",WATCHLIST,Speculative,Weak,Speculative,Watch / DCA Only,Tactical Satellite Position,High Risk | Speculative | Weak,24.01,Suitable only for high-risk tactical or speculative positioning. Current weakness suggests observation or gradual accumulation only.
TREE/USDT,MATURE,0.06,Downward,-1,0.18,50,44.13,Neutral,-2.25,High Risk,Caution,0,18.4,D,Underweight,Conservative Allocation,-2.092294782,"WATCHLIST: Reference return -2.2%, Safety 0.0/100, Risk: High Risk","Risk Reference Prices (Current: 0.06) | Lower Warning: 0.06, Lower Danger: 0.06, Upper Warning: 0.06, Upper Danger: 0.07",WATCHLIST,Speculative,Weak,Speculative,Watch / DCA Only,Tactical Satellite Position,High Risk | Speculative | Weak,22.88,Suitable only for high-risk tactical or speculative positioning. Current weakness suggests observation or gradual accumulation only.
ALT/USDT,MATURE,0.01,Downward,-1,0.32,60,39.99,Bearish,-2.57,High Risk,Caution,0,21.2,D,Underweight,Conservative Allocation,-2.106300451,"WATCHLIST: Reference return -2.6%, Safety 0.0/100, Risk: High Risk","Risk Reference Prices (Current: 0.01) | Lower Warning: 0.01, Lower Danger: 0.01, Upper Warning: 0.01, Upper Danger: 0.01",WATCHLIST,Speculative,Weak,Speculative,Watch / DCA Only,Tactical Satellite Position,High Risk | Speculative | Weak,25.16,Suitable only for high-risk tactical or speculative positioning. Current weakness suggests observation or gradual accumulation only.
BFUSD/USDT,MATURE,1,Downward,-1,2.65,75,49.99,Neutral,0,Low Risk,Safe,99.7,59.8,B,Attention,Opportunity Confirmation,-12.25304869,"WATCHLIST: Reference return 0.0%, Safety 99.7/100, Risk: Low Risk","Risk Reference Prices (Current: 1.00) | Lower Warning: 0.95, Lower Danger: 0.9, Upper Warning: 1.05, Upper Danger: 1.1",WATCHLIST,Safe,Strong,Safe / Defensive,Safe Hold,Defensive / Cash Position,Low Risk | Safe | Strong,80.71,"Best suited for capital preservation, portfolio stabilization, and low-volatility allocation. Current profile supports defensive holding."
LPT/USDT,MATURE,2.09,Downward,-1,0.34,60,44.12,Neutral,-1.19,High Risk,Caution,5.5,23.1,D,Underweight,Conservative Allocation,-1.50996382,"WATCHLIST: Reference return -1.2%, Safety 5.5/100, Risk: High Risk","Risk Reference Prices (Current: 2.09) | Lower Warning: 1.98, Lower Danger: 1.88, Upper Warning: 2.19, Upper Danger: 2.29",WATCHLIST,Speculative,Weak,Speculative,Watch / DCA Only,Tactical Satellite Position,High Risk | Speculative | Weak,28.12,Suitable only for high-risk tactical or speculative positioning. Current weakness suggests observation or gradual accumulation only.
KAIA/USDT,MATURE,0.05,Downward,-1,0.37,60,44.22,Neutral,-1.33,High Risk,Caution,4,23.1,D,Underweight,Conservative Allocation,-1.20036168,"WATCHLIST: Reference return -1.3%, Safety 4.0/100, Risk: High Risk","Risk Reference Prices (Current: 0.05) | Lower Warning: 0.05, Lower Danger: 0.04, Upper Warning: 0.05, Upper Danger: 0.05",WATCHLIST,Speculative,Weak,Speculative,Watch / DCA Only,Tactical Satellite Position,High Risk | Speculative | Weak,27.68,Suitable only for high-risk tactical or speculative positioning. Current weakness suggests observation or gradual accumulation only.
MANTRA/USDT,WARM,0.01,Unknown,0,-1.76,20,50,Low Confidence,-2.6,High Risk,Caution,2.1,-2.2,D,Underweight,Conservative Allocation,-8.496785158,"WATCHLIST: Reference return -2.6%, Safety 2.1/100, Risk: High Risk","Risk Reference Prices (Current: 0.01) | Lower Warning: 0.01, Lower Danger: 0.01, Upper Warning: 0.01, Upper Danger: 0.01",WATCHLIST,Speculative,Fragile,Speculative,Avoid / Too Fragile,Tactical Satellite Position,High Risk | Speculative | Fragile,8.67,Suitable only for high-risk tactical or speculative positioning. Current profile appears too fragile for normal allocation.
1000SATS/USDT,MATURE,0,Downward,-1,0.24,50,45.68,Neutral,-0.5,High Risk,Caution,0,19.2,D,Underweight,Conservative Allocation,-1.137066108,"WATCHLIST: Reference return -0.5%, Safety 0.0/100, Risk: High Risk","Risk Reference Prices (Current: 0.00) | Lower Warning: 0.0, Lower Danger: 0.0, Upper Warning: 0.0, Upper Danger: 0.0",WATCHLIST,Speculative,Weak,Speculative,Watch / DCA Only,Tactical Satellite Position,High Risk | Speculative | Weak,23.43,Suitable only for high-risk tactical or speculative positioning. Current weakness suggests observation or gradual accumulation only.
ENS/USDT,MATURE,5.75,Downward,-1,0.19,50,47.8,Neutral,-1.56,High Risk,Caution,0,19.1,D,Underweight,Conservative Allocation,-2.117261264,"WATCHLIST: Reference return -1.6%, Safety 0.0/100, Risk: High Risk","Risk Reference Prices (Current: 5.75) | Lower Warning: 5.46, Lower Danger: 5.18, Upper Warning: 6.04, Upper Danger: 6.32",WATCHLIST,Speculative,Weak,Speculative,Watch / DCA Only,Tactical Satellite Position,High Risk | Speculative | Weak,23.49,Suitable only for high-risk tactical or speculative positioning. Current weakness suggests observation or gradual accumulation only.
1000CAT/USDT,MATURE,0,Downward,-1,0.18,50,43.78,Neutral,-3.09,High Risk,Caution,0,18.4,D,Underweight,Conservative Allocation,-1.968726966,"WATCHLIST: Reference return -3.1%, Safety 0.0/100, Risk: High Risk","Risk Reference Prices (Current: 0.00) | Lower Warning: 0.0, Lower Danger: 0.0, Upper Warning: 0.0, Upper Danger: 0.0",WATCHLIST,Speculative,Weak,Speculative,Watch / DCA Only,Tactical Satellite Position,High Risk | Speculative | Weak,22.85,Suitable only for high-risk tactical or speculative positioning. Current weakness suggests observation or gradual accumulation only.
SPELL/USDT,MATURE,0,Downward,-1,-2.9,20,43.51,Neutral,-1.91,High Risk,Caution,14,-4.6,D,Underweight,Conservative Allocation,-2.01354119,"WATCHLIST: Reference return -1.9%, Safety 14.0/100, Risk: High Risk","Risk Reference Prices (Current: 0.00) | Lower Warning: 0.0, Lower Danger: 0.0, Upper Warning: 0.0, Upper Danger: 0.0",WATCHLIST,Risky,Fragile,Speculative,Avoid / Too Fragile,Tactical Satellite Position,High Risk | Risky | Fragile,8.62,Suitable only for high-risk tactical or speculative positioning. Current profile appears too fragile for normal allocation.
DUSK/USDT,MATURE,0.11,Upward,1,1.2,75,49.23,Neutral,1.48,High Risk,Caution,0,35.6,C,Caution,Risk Mitigation,1.161679685,"WATCHLIST: Reference return 1.5%, Safety 0.0/100, Risk: High Risk","Risk Reference Prices (Current: 0.11) | Lower Warning: 0.11, Lower Danger: 0.1, Upper Warning: 0.12, Upper Danger: 0.12",WATCHLIST,Speculative,Acceptable,Balanced Aggressive,Selective Exposure,Growth Allocation,High Risk | Speculative | Acceptable,34.85,Suitable for investors willing to accept higher volatility in exchange for stronger growth potential. Current setup allows selective exposure under controlled sizing.
FUN/USDT,MATURE,0,Downward,-1,1.46,75,51.89,Neutral,0.57,High Risk,Caution,0,36.2,C,Caution,Risk Mitigation,-2.272344155,"WATCHLIST: Reference return 0.6%, Safety 0.0/100, Risk: High Risk","Risk Reference Prices (Current: 0.00) | Lower Warning: 0.0, Lower Danger: 0.0, Upper Warning: 0.0, Upper Danger: 0.0",WATCHLIST,Speculative,Acceptable,Balanced Aggressive,Watch / DCA Only,Growth Allocation,High Risk | Speculative | Acceptable,35.95,Suitable for investors willing to accept higher volatility in exchange for stronger growth potential. Current weakness suggests observation or gradual accumulation only.
PROVE/USDT,MATURE,0.22,Downward,-1,-2.32,20,39.93,Bearish,-2.26,High Risk,Caution,0,-6.4,D,Underweight,Conservative Allocation,-1.356709843,"WATCHLIST: Reference return -2.3%, Safety 0.0/100, Risk: High Risk","Risk Reference Prices (Current: 0.22) | Lower Warning: 0.21, Lower Danger: 0.2, Upper Warning: 0.23, Upper Danger: 0.24",WATCHLIST,Speculative,Fragile,Speculative,Avoid / Too Fragile,Tactical Satellite Position,High Risk | Speculative | Fragile,4.27,Suitable only for high-risk tactical or speculative positioning. Current profile appears too fragile for normal allocation.
INIT/USDT,MATURE,0.08,Downward,-1,0.4,60,50.09,Neutral,1.58,High Risk,Caution,0,26.1,D,Underweight,Conservative Allocation,-1.104848134,"WATCHLIST: Reference return 1.6%, Safety 0.0/100, Risk: High Risk","Risk Reference Prices (Current: 0.08) | Lower Warning: 0.08, Lower Danger: 0.07, Upper Warning: 0.09, Upper Danger: 0.09",WATCHLIST,Speculative,Acceptable,Balanced Aggressive,Watch / DCA Only,Growth Allocation,High Risk | Speculative | Acceptable,27.84,Suitable for investors willing to accept higher volatility in exchange for stronger growth potential. Current weakness suggests observation or gradual accumulation only.
AXL/USDT,MATURE,0.05,Downward,-1,-1.25,35,41.02,Neutral,-3.33,High Risk,Caution,0,2.1,D,Underweight,Conservative Allocation,-2.124717102,"WATCHLIST: Reference return -3.3%, Safety 0.0/100, Risk: High Risk","Risk Reference Prices (Current: 0.05) | Lower Warning: 0.04, Lower Danger: 0.04, Upper Warning: 0.05, Upper Danger: 0.05",WATCHLIST,Speculative,Fragile,Speculative,Avoid / Too Fragile,Tactical Satellite Position,High Risk | Speculative | Fragile,11.86,Suitable only for high-risk tactical or speculative positioning. Current profile appears too fragile for normal allocation.
NFP/USDT,MATURE,0.01,Downward,-1,-1.55,45,42.27,Neutral,-2.55,High Risk,Caution,0,2.3,D,Underweight,Conservative Allocation,-2.20144945,"WATCHLIST: Reference return -2.5%, Safety 0.0/100, Risk: High Risk","Risk Reference Prices (Current: 0.01) | Lower Warning: 0.01, Lower Danger: 0.01, Upper Warning: 0.01, Upper Danger: 0.02",WATCHLIST,Speculative,Fragile,Speculative,Avoid / Too Fragile,Tactical Satellite Position,High Risk | Speculative | Fragile,12.79,Suitable only for high-risk tactical or speculative positioning. Current profile appears too fragile for normal allocation.
GRT/USDT,MATURE,0.02,Downward,-1,0.2,50,44.46,Neutral,-1.98,High Risk,Caution,1.5,19,D,Underweight,Conservative Allocation,-2.0177374,"WATCHLIST: Reference return -2.0%, Safety 1.5/100, Risk: High Risk","Risk Reference Prices (Current: 0.02) | Lower Warning: 0.02, Lower Danger: 0.02, Upper Warning: 0.03, Upper Danger: 0.03",WATCHLIST,Speculative,Weak,Speculative,Watch / DCA Only,Tactical Satellite Position,High Risk | Speculative | Weak,23.67,Suitable only for high-risk tactical or speculative positioning. Current weakness suggests observation or gradual accumulation only.
PLUME/USDT,MATURE,0.01,Downward,-1,-2.63,20,45.25,Neutral,-3.37,High Risk,Caution,0,-6.5,D,Underweight,Conservative Allocation,-2.840576447,"WATCHLIST: Reference return -3.4%, Safety 0.0/100, Risk: High Risk","Risk Reference Prices (Current: 0.01) | Lower Warning: 0.01, Lower Danger: 0.01, Upper Warning: 0.01, Upper Danger: 0.01",WATCHLIST,Speculative,Fragile,Speculative,Avoid / Too Fragile,Tactical Satellite Position,High Risk | Speculative | Fragile,4,Suitable only for high-risk tactical or speculative positioning. Current profile appears too fragile for normal allocation.
USUAL/USDT,MATURE,0.01,Downward,-1,0.18,50,41.76,Neutral,-3.58,High Risk,Caution,0,18.1,D,Underweight,Conservative Allocation,-1.690789775,"WATCHLIST: Reference return -3.6%, Safety 0.0/100, Risk: High Risk","Risk Reference Prices (Current: 0.01) | Lower Warning: 0.01, Lower Danger: 0.01, Upper Warning: 0.01, Upper Danger: 0.01",WATCHLIST,Speculative,Weak,Speculative,Watch / DCA Only,Tactical Satellite Position,High Risk | Speculative | Weak,22.56,Suitable only for high-risk tactical or speculative positioning. Current weakness suggests observation or gradual accumulation only.
SUN/USDT,MATURE,0.02,Downward,-1,0.49,70,50.21,Neutral,-0.21,High Risk,Caution,18.6,30.1,D,Underweight,Conservative Allocation,-0.381268609,"WATCHLIST: Reference return -0.2%, Safety 18.6/100, Risk: High Risk","Risk Reference Prices (Current: 0.02) | Lower Warning: 0.02, Lower Danger: 0.02, Upper Warning: 0.02, Upper Danger: 0.02",WATCHLIST,Risky,Acceptable,Balanced Aggressive,Watch / DCA Only,Growth Allocation,High Risk | Risky | Acceptable,37.29,Suitable for investors willing to accept higher volatility in exchange for stronger growth potential. Current weakness suggests observation or gradual accumulation only.
ANC/USDT,MATURE,0.03,Downward,-1,-3.49,30,32.37,Bearish,-2.56,High Risk,Caution,0,-8,D,Underweight,Conservative Allocation,-0.742603536,"WATCHLIST: Reference return -2.6%, Safety 0.0/100, Risk: High Risk","Risk Reference Prices (Current: 0.03) | Lower Warning: 0.03, Lower Danger: 0.03, Upper Warning: 0.03, Upper Danger: 0.03",WATCHLIST,Speculative,Fragile,Speculative,Avoid / Too Fragile,Tactical Satellite Position,High Risk | Speculative | Fragile,1.61,Suitable only for high-risk tactical or speculative positioning. Current profile appears too fragile for normal allocation.
ADADOWN/USDT,MATURE,0,Downward,-1,2.42,65,43.53,Neutral,0.32,High Risk,Caution,0,36.8,C,Caution,Risk Mitigation,0.187653212,"WATCHLIST: Reference return 0.3%, Safety 0.0/100, Risk: High Risk","Risk Reference Prices (Current: 0.00) | Lower Warning: 0.0, Lower Danger: 0.0, Upper Warning: 0.0, Upper Danger: 0.0",WATCHLIST,Speculative,Acceptable,Balanced Aggressive,Watch / DCA Only,Growth Allocation,High Risk | Speculative | Acceptable,36.19,Suitable for investors willing to accept higher volatility in exchange for stronger growth potential. Current weakness suggests observation or gradual accumulation only.
AIXBT/USDT,MATURE,0.02,Downward,-1,-1.16,35,50.71,Neutral,-1.95,High Risk,Caution,0,4.2,D,Underweight,Conservative Allocation,-1.254812729,"WATCHLIST: Reference return -1.9%, Safety 0.0/100, Risk: High Risk","Risk Reference Prices (Current: 0.02) | Lower Warning: 0.02, Lower Danger: 0.02, Upper Warning: 0.02, Upper Danger: 0.03",WATCHLIST,Speculative,Fragile,Speculative,Avoid / Too Fragile,Tactical Satellite Position,High Risk | Speculative | Fragile,13.68,Suitable only for high-risk tactical or speculative positioning. Current profile appears too fragile for normal allocation.
GPS/USDT,MATURE,0.01,Downward,-1,0.79,50,42.68,Neutral,-0.7,High Risk,Caution,0,23.9,D,Underweight,Conservative Allocation,0.085405917,"WATCHLIST: Reference return -0.7%, Safety 0.0/100, Risk: High Risk","Risk Reference Prices (Current: 0.01) | Lower Warning: 0.01, Lower Danger: 0.01, Upper Warning: 0.01, Upper Danger: 0.01",WATCHLIST,Speculative,Weak,Speculative,Watch / DCA Only,Tactical Satellite Position,High Risk | Speculative | Weak,25.91,Suitable only for high-risk tactical or speculative positioning. Current weakness suggests observation or gradual accumulation only.
ERN/USDT,MATURE,2.18,Downward,-1,2.62,60,40.94,Neutral,-1.7,High Risk,Caution,0,35.4,C,Caution,Risk Mitigation,0.210139728,"WATCHLIST: Reference return -1.7%, Safety 0.0/100, Risk: High Risk","Risk Reference Prices (Current: 2.18) | Lower Warning: 2.07, Lower Danger: 1.96, Upper Warning: 2.29, Upper Danger: 2.4",WATCHLIST,Speculative,Acceptable,Balanced Aggressive,Watch / DCA Only,Growth Allocation,High Risk | Speculative | Acceptable,35.26,Suitable for investors willing to accept higher volatility in exchange for stronger growth potential. Current weakness suggests observation or gradual accumulation only.
ELF/USDT,MATURE,0.23,Downward,-1,-0.93,35,42.6,Neutral,-3.46,High Risk,Caution,0,4.7,D,Underweight,Conservative Allocation,-0.303116167,"WATCHLIST: Reference return -3.5%, Safety 0.0/100, Risk: High Risk","Risk Reference Prices (Current: 0.23) | Lower Warning: 0.22, Lower Danger: 0.2, Upper Warning: 0.24, Upper Danger: 0.25",WATCHLIST,Speculative,Fragile,Speculative,Avoid / Too Fragile,Tactical Satellite Position,High Risk | Speculative | Fragile,13.6,Suitable only for high-risk tactical or speculative positioning. Current profile appears too fragile for normal allocation.
PARTI/USDT,MATURE,0.08,Downward,-1,-0.87,35,48.21,Neutral,-2.67,High Risk,Caution,0,6,D,Underweight,Conservative Allocation,0.038225271,"WATCHLIST: Reference return -2.7%, Safety 0.0/100, Risk: High Risk","Risk Reference Prices (Current: 0.08) | Lower Warning: 0.08, Lower Danger: 0.07, Upper Warning: 0.09, Upper Danger: 0.09",WATCHLIST,Speculative,Fragile,Speculative,Avoid / Too Fragile,Tactical Satellite Position,High Risk | Speculative | Fragile,14.7,Suitable only for high-risk tactical or speculative positioning. Current profile appears too fragile for normal allocation.
MC/USDT,MATURE,0.49,Upward,1,0.49,60,62.69,Bullish,2.56,Low Risk,Caution,6,31.6,D,Underweight,Conservative Allocation,1.046876174,"WATCHLIST: Reference return 2.6%, Safety 6.0/100, Risk: Low Risk","Risk Reference Prices (Current: 0.49) | Lower Warning: 0.46, Lower Danger: 0.44, Upper Warning: 0.51, Upper Danger: 0.53",WATCHLIST,Speculative,Acceptable,Moderately Conservative,Selective Exposure,Core Allocation,Low Risk | Speculative | Acceptable,33.07,"Suitable as a relatively stable core risk asset, but current conditions require caution. Current setup allows selective exposure under controlled sizing."
NEXO/USDT,MATURE,0.85,Downward,-1,-2.06,10,52.4,Neutral,0.4,Low Risk,Caution,37.3,2.5,D,Underweight,Conservative Allocation,-1.198380945,"WATCHLIST: Reference return 0.4%, Safety 37.3/100, Risk: Low Risk","Risk Reference Prices (Current: 0.85) | Lower Warning: 0.81, Lower Danger: 0.77, Upper Warning: 0.89, Upper Danger: 0.94",WATCHLIST,Caution,Fragile,Moderately Conservative,Avoid / Too Fragile,Core Allocation,Low Risk | Caution | Fragile,20.4,"Suitable as a relatively stable core risk asset, but current conditions require caution. Current profile appears too fragile for normal allocation."
BTTC/USDT,MATURE,0,Downward,-1,-1.22,35,47.3,Neutral,0,High Risk,Caution,18.7,6.9,D,Underweight,Conservative Allocation,-1.525987398,"WATCHLIST: Reference return 0.0%, Safety 18.7/100, Risk: High Risk","Risk Reference Prices (Current: 0.00) | Lower Warning: 0.0, Lower Danger: 0.0, Upper Warning: 0.0, Upper Danger: 0.0",WATCHLIST,Risky,Fragile,Speculative,Avoid / Too Fragile,Tactical Satellite Position,High Risk | Risky | Fragile,20.54,Suitable only for high-risk tactical or speculative positioning. Current profile appears too fragile for normal allocation.
RAD/USDT,MATURE,0.22,Downward,-1,0.37,60,45.75,Neutral,-1.33,High Risk,Caution,10.9,24.7,D,Underweight,Conservative Allocation,-1.787737903,"WATCHLIST: Reference return -1.3%, Safety 10.9/100, Risk: High Risk","Risk Reference Prices (Current: 0.22) | Lower Warning: 0.21, Lower Danger: 0.19, Upper Warning: 0.23, Upper Danger: 0.24",WATCHLIST,Risky,Weak,Aggressive Growth,Watch / DCA Only,High-Beta Growth Position,High Risk | Risky | Weak,30.72,Suitable for aggressive investors targeting high upside with elevated risk exposure. Current weakness suggests observation or gradual accumulation only.
LOOM/USDT,MATURE,0.05,Downward,-1,0.34,50,46.87,Neutral,-0.4,High Risk,Caution,0,20.4,D,Underweight,Conservative Allocation,-0.646730878,"WATCHLIST: Reference return -0.4%, Safety 0.0/100, Risk: High Risk","Risk Reference Prices (Current: 0.05) | Lower Warning: 0.05, Lower Danger: 0.04, Upper Warning: 0.05, Upper Danger: 0.05",WATCHLIST,Speculative,Weak,Speculative,Watch / DCA Only,Tactical Satellite Position,High Risk | Speculative | Weak,24.16,Suitable only for high-risk tactical or speculative positioning. Current weakness suggests observation or gradual accumulation only.
XTZ/USDT,MATURE,0.35,Downward,-1,-1.17,35,43.94,Neutral,-1.42,High Risk,Caution,18.3,6.7,D,Underweight,Conservative Allocation,-1.337597853,"WATCHLIST: Reference return -1.4%, Safety 18.3/100, Risk: High Risk","Risk Reference Prices (Current: 0.35) | Lower Warning: 0.34, Lower Danger: 0.32, Upper Warning: 0.37, Upper Danger: 0.39",WATCHLIST,Risky,Fragile,Speculative,Avoid / Too Fragile,Tactical Satellite Position,High Risk | Risky | Fragile,20.13,Suitable only for high-risk tactical or speculative positioning. Current profile appears too fragile for normal allocation.
EDEN/USDT,MATURE,0.03,Downward,-1,0.34,60,45.3,Neutral,-0.59,High Risk,Caution,0,22.2,D,Underweight,Conservative Allocation,-2.456151243,"WATCHLIST: Reference return -0.6%, Safety 0.0/100, Risk: High Risk","Risk Reference Prices (Current: 0.03) | Lower Warning: 0.03, Lower Danger: 0.03, Upper Warning: 0.03, Upper Danger: 0.03",WATCHLIST,Speculative,Weak,Speculative,Watch / DCA Only,Tactical Satellite Position,High Risk | Speculative | Weak,26.04,Suitable only for high-risk tactical or speculative positioning. Current weakness suggests observation or gradual accumulation only.
XMR/USDT,MATURE,118.7,Downward,-1,-2.72,30,39.76,Bearish,-0.65,High Risk,Caution,0,-5.6,D,Underweight,Conservative Allocation,-0.363496498,"WATCHLIST: Reference return -0.7%, Safety 0.0/100, Risk: High Risk","Risk Reference Prices (Current: 118.70) | Lower Warning: 112.76, Lower Danger: 106.83, Upper Warning: 124.64, Upper Danger: 130.57",WATCHLIST,Speculative,Fragile,Speculative,Avoid / Too Fragile,Tactical Satellite Position,High Risk | Speculative | Fragile,5,Suitable only for high-risk tactical or speculative positioning. Current profile appears too fragile for normal allocation.
SPK/USDT,MATURE,0.02,Downward,-1,-1.12,35,48.11,Neutral,-1.1,High Risk,Caution,14.9,7,D,Underweight,Conservative Allocation,-1.199510268,"WATCHLIST: Reference return -1.1%, Safety 14.9/100, Risk: High Risk","Risk Reference Prices (Current: 0.02) | Lower Warning: 0.02, Lower Danger: 0.02, Upper Warning: 0.02, Upper Danger: 0.02",WATCHLIST,Risky,Fragile,Speculative,Avoid / Too Fragile,Tactical Satellite Position,High Risk | Risky | Fragile,19.58,Suitable only for high-risk tactical or speculative positioning. Current profile appears too fragile for normal allocation.
AUTO/USDT,MATURE,95.3,Downward,-1,-1.44,30,33.95,Bearish,-4.74,High Risk,Caution,0,-1.2,D,Underweight,Conservative Allocation,-0.508663971,"WATCHLIST: Reference return -4.7%, Safety 0.0/100, Risk: High Risk","Risk Reference Prices (Current: 95.30) | Lower Warning: 90.54, Lower Danger: 85.77, Upper Warning: 100.06, Upper Danger: 104.83",WATCHLIST,Speculative,Fragile,Speculative,Avoid / Too Fragile,Tactical Satellite Position,High Risk | Speculative | Fragile,8.94,Suitable only for high-risk tactical or speculative positioning. Current profile appears too fragile for normal allocation.
OM/USDT,MATURE,0.07,Downward,-1,1.77,85,46.05,Neutral,-1.98,High Risk,Caution,0,38.1,C,Caution,Risk Mitigation,-1.280510509,"WATCHLIST: Reference return -2.0%, Safety 0.0/100, Risk: High Risk","Risk Reference Prices (Current: 0.07) | Lower Warning: 0.06, Lower Danger: 0.06, Upper Warning: 0.07, Upper Danger: 0.07",WATCHLIST,Speculative,Acceptable,Balanced Aggressive,Watch / DCA Only,Growth Allocation,High Risk | Speculative | Acceptable,38.21,Suitable for investors willing to accept higher volatility in exchange for stronger growth potential. Current weakness suggests observation or gradual accumulation only.
AION/USDT,MATURE,0.01,Upward,1,-0.93,40,56.22,Neutral,1.65,High Risk,Caution,0,10.5,D,Underweight,Conservative Allocation,-1.164105508,"WATCHLIST: Reference return 1.7%, Safety 0.0/100, Risk: High Risk","Risk Reference Prices (Current: 0.01) | Lower Warning: 0.01, Lower Danger: 0.01, Upper Warning: 0.01, Upper Danger: 0.01",WATCHLIST,Speculative,Weak,Speculative,High Risk Tactical Only,Tactical Satellite Position,High Risk | Speculative | Weak,17.45,"Suitable only for high-risk tactical or speculative positioning. Current profile is only suitable for tactical, high-risk participation."
NBS/USDT,MATURE,0,Downward,-1,-2.19,40,41.14,Neutral,-3.09,High Risk,Caution,0,-1.8,D,Underweight,Conservative Allocation,-1.216023266,"WATCHLIST: Reference return -3.1%, Safety 0.0/100, Risk: High Risk","Risk Reference Prices (Current: 0.00) | Lower Warning: 0.0, Lower Danger: 0.0, Upper Warning: 0.0, Upper Danger: 0.0",WATCHLIST,Speculative,Fragile,Speculative,Avoid / Too Fragile,Tactical Satellite Position,High Risk | Speculative | Fragile,9.1,Suitable only for high-risk tactical or speculative positioning. Current profile appears too fragile for normal allocation.
BSW/USDT,MATURE,0.01,Downward,-1,-1.33,30,32.1,Bearish,-5.34,High Risk,Caution,0,-0.8,D,Underweight,Conservative Allocation,-0.344701837,"WATCHLIST: Reference return -5.3%, Safety 0.0/100, Risk: High Risk","Risk Reference Prices (Current: 0.01) | Lower Warning: 0.01, Lower Danger: 0.01, Upper Warning: 0.01, Upper Danger: 0.01",WATCHLIST,Speculative,Fragile,Speculative,Avoid / Too Fragile,Tactical Satellite Position,High Risk | Speculative | Fragile,9.15,Suitable only for high-risk tactical or speculative positioning. Current profile appears too fragile for normal allocation.
MINA/USDT,MATURE,0.06,Downward,-1,0.27,50,43.28,Neutral,-3.17,High Risk,Caution,0,19.2,D,Underweight,Conservative Allocation,-1.090136166,"WATCHLIST: Reference return -3.2%, Safety 0.0/100, Risk: High Risk","Risk Reference Prices (Current: 0.06) | Lower Warning: 0.05, Lower Danger: 0.05, Upper Warning: 0.06, Upper Danger: 0.06",WATCHLIST,Speculative,Weak,Speculative,Watch / DCA Only,Tactical Satellite Position,High Risk | Speculative | Weak,23.26,Suitable only for high-risk tactical or speculative positioning. Current weakness suggests observation or gradual accumulation only.
PEOPLE/USDT,MATURE,0.01,Downward,-1,0.27,50,46.96,Neutral,-0.96,High Risk,Caution,0,19.7,D,Underweight,Conservative Allocation,-1.084603548,"WATCHLIST: Reference return -1.0%, Safety 0.0/100, Risk: High Risk","Risk Reference Prices (Current: 0.01) | Lower Warning: 0.01, Lower Danger: 0.01, Upper Warning: 0.01, Upper Danger: 0.01",WATCHLIST,Speculative,Weak,Speculative,Watch / DCA Only,Tactical Satellite Position,High Risk | Speculative | Weak,23.78,Suitable only for high-risk tactical or speculative positioning. Current weakness suggests observation or gradual accumulation only.
AT/USDT,MATURE,0.15,Downward,-1,1.78,75,47.4,Neutral,0.06,High Risk,Caution,7.6,38,C,Caution,Risk Mitigation,-0.212343381,"WATCHLIST: Reference return 0.1%, Safety 7.6/100, Risk: High Risk","Risk Reference Prices (Current: 0.15) | Lower Warning: 0.14, Lower Danger: 0.13, Upper Warning: 0.16, Upper Danger: 0.16",WATCHLIST,Speculative,Acceptable,Balanced Aggressive,Watch / DCA Only,Growth Allocation,High Risk | Speculative | Acceptable,39.5,Suitable for investors willing to accept higher volatility in exchange for stronger growth potential. Current weakness suggests observation or gradual accumulation only.
ANT/USDT,MATURE,7.41,Upward,1,1.53,75,54.74,Neutral,2.06,Low Risk,Mediate,65.7,52.6,C+,Watchlist,Double Check,1.92250831,"WATCHLIST: Reference return 2.1%, Safety 65.7/100, Risk: Low Risk","Risk Reference Prices (Current: 7.41) | Lower Warning: 7.04, Lower Danger: 6.67, Upper Warning: 7.78, Upper Danger: 8.15",WATCHLIST,Defensive,Strong,Conservative,Selective Exposure,Core Allocation,Low Risk | Defensive | Strong,64.32,Suitable for lower-risk investors seeking relatively stable core exposure. Current setup allows selective exposure under controlled sizing.
FRONT/USDT,MATURE,0.88,Downward,-1,4.27,85,46.85,Neutral,-1.93,High Risk,Caution,0,43.5,C,Caution,Risk Mitigation,1.252299691,"WATCHLIST: Reference return -1.9%, Safety 0.0/100, Risk: High Risk","Risk Reference Prices (Current: 0.88) | Lower Warning: 0.84, Lower Danger: 0.79, Upper Warning: 0.92, Upper Danger: 0.97",WATCHLIST,Speculative,Strong,Balanced Aggressive,Watch / DCA Only,Growth Allocation,High Risk | Speculative | Strong,46.16,Suitable for investors willing to accept higher volatility in exchange for stronger growth potential. Current weakness suggests observation or gradual accumulation only.
BOME/USDT,MATURE,0,Downward,-1,-1.35,35,45.89,Neutral,-2.02,High Risk,Caution,0,2.1,D,Underweight,Conservative Allocation,-1.664369377,"WATCHLIST: Reference return -2.0%, Safety 0.0/100, Risk: High Risk","Risk Reference Prices (Current: 0.00) | Lower Warning: 0.0, Lower Danger: 0.0, Upper Warning: 0.0, Upper Danger: 0.0",WATCHLIST,Speculative,Fragile,Speculative,Avoid / Too Fragile,Tactical Satellite Position,High Risk | Speculative | Fragile,12.09,Suitable only for high-risk tactical or speculative positioning. Current profile appears too fragile for normal allocation.
PHB/USDT,MATURE,0.1,Downward,-1,-0.54,45,35.4,Bearish,-6.5,High Risk,Caution,0,9,D,Underweight,Conservative Allocation,-2.023616123,"WATCHLIST: Reference return -6.5%, Safety 0.0/100, Risk: High Risk","Risk Reference Prices (Current: 0.10) | Lower Warning: 0.09, Lower Danger: 0.09, Upper Warning: 0.1, Upper Danger: 0.11",WATCHLIST,Speculative,Fragile,Speculative,High Risk Tactical Only,Tactical Satellite Position,High Risk | Speculative | Fragile,16.64,"Suitable only for high-risk tactical or speculative positioning. Current profile is only suitable for tactical, high-risk participation."
GTO/USDT,MATURE,0.01,Downward,-1,1.23,60,38.53,Bearish,-0.23,High Risk,Caution,0,28.7,D,Underweight,Conservative Allocation,0.28887848,"WATCHLIST: Reference return -0.2%, Safety 0.0/100, Risk: High Risk","Risk Reference Prices (Current: 0.01) | Lower Warning: 0.01, Lower Danger: 0.01, Upper Warning: 0.01, Upper Danger: 0.01",WATCHLIST,Speculative,Acceptable,Balanced Aggressive,Watch / DCA Only,Growth Allocation,High Risk | Speculative | Acceptable,29.54,Suitable for investors willing to accept higher volatility in exchange for stronger growth potential. Current weakness suggests observation or gradual accumulation only.
BEAMX/USDT,MATURE,0,Downward,-1,0.35,60,39.06,Bearish,-1.85,High Risk,Caution,0,21.3,D,Underweight,Conservative Allocation,-2.044383723,"WATCHLIST: Reference return -1.8%, Safety 0.0/100, Risk: High Risk","Risk Reference Prices (Current: 0.00) | Lower Warning: 0.0, Lower Danger: 0.0, Upper Warning: 0.0, Upper Danger: 0.0",WATCHLIST,Speculative,Weak,Speculative,Watch / DCA Only,Tactical Satellite Position,High Risk | Speculative | Weak,25.17,Suitable only for high-risk tactical or speculative positioning. Current weakness suggests observation or gradual accumulation only.
PDA/USDT,MATURE,0.01,Downward,-1,0.88,50,39.04,Bearish,-6.6,High Risk,Caution,0,24.1,D,Underweight,Conservative Allocation,-1.467824735,"WATCHLIST: Reference return -6.6%, Safety 0.0/100, Risk: High Risk","Risk Reference Prices (Current: 0.01) | Lower Warning: 0.01, Lower Danger: 0.01, Upper Warning: 0.01, Upper Danger: 0.01",WATCHLIST,Speculative,Weak,Speculative,Watch / DCA Only,Tactical Satellite Position,High Risk | Speculative | Weak,25.83,Suitable only for high-risk tactical or speculative positioning. Current weakness suggests observation or gradual accumulation only.
GFT/USDT,MATURE,0,Downward,-1,-1.34,30,44.55,Neutral,-0.41,High Risk,Caution,0,1,D,Underweight,Conservative Allocation,-1.00425472,"WATCHLIST: Reference return -0.4%, Safety 0.0/100, Risk: High Risk","Risk Reference Prices (Current: 0.00) | Lower Warning: 0.0, Lower Danger: 0.0, Upper Warning: 0.0, Upper Danger: 0.0",WATCHLIST,Speculative,Fragile,Speculative,Avoid / Too Fragile,Tactical Satellite Position,High Risk | Speculative | Fragile,10.9,Suitable only for high-risk tactical or speculative positioning. Current profile appears too fragile for normal allocation.
MIR/USDT,MATURE,0.14,Downward,-1,3.37,85,37.81,Bearish,-2.5,High Risk,Caution,0,41.3,C,Caution,Risk Mitigation,0.424942248,"WATCHLIST: Reference return -2.5%, Safety 0.0/100, Risk: High Risk","Risk Reference Prices (Current: 0.14) | Lower Warning: 0.13, Lower Danger: 0.13, Upper Warning: 0.15, Upper Danger: 0.16",WATCHLIST,Speculative,Strong,Balanced Aggressive,Watch / DCA Only,Growth Allocation,High Risk | Speculative | Strong,42.35,Suitable for investors willing to accept higher volatility in exchange for stronger growth potential. Current weakness suggests observation or gradual accumulation only.
WCT/USDT,MATURE,0.06,Downward,-1,-1.21,35,46.8,Neutral,-1.44,High Risk,Caution,0,3.2,D,Underweight,Conservative Allocation,-1.615873799,"WATCHLIST: Reference return -1.4%, Safety 0.0/100, Risk: High Risk","Risk Reference Prices (Current: 0.06) | Lower Warning: 0.05, Lower Danger: 0.05, Upper Warning: 0.06, Upper Danger: 0.06",WATCHLIST,Speculative,Fragile,Speculative,Avoid / Too Fragile,Tactical Satellite Position,High Risk | Speculative | Fragile,12.86,Suitable only for high-risk tactical or speculative positioning. Current profile appears too fragile for normal allocation.
NEBL/USDT,MATURE,0.36,Downward,-1,-2.87,20,29.05,Bearish,-6.6,High Risk,Caution,0,-9.5,D,Underweight,Conservative Allocation,-1.087282235,"WATCHLIST: Reference return -6.6%, Safety 0.0/100, Risk: High Risk","Risk Reference Prices (Current: 0.35) | Lower Warning: 0.34, Lower Danger: 0.32, Upper Warning: 0.37, Upper Danger: 0.39",WATCHLIST,Speculative,Fragile,Speculative,Avoid / Too Fragile,Tactical Satellite Position,High Risk | Speculative | Fragile,0.88,Suitable only for high-risk tactical or speculative positioning. Current profile appears too fragile for normal allocation.
SC/USDT,MATURE,0,Downward,-1,0.36,60,40.97,Neutral,-2.85,High Risk,Caution,7.7,23.2,D,Underweight,Conservative Allocation,-2.430982994,"WATCHLIST: Reference return -2.9%, Safety 7.7/100, Risk: High Risk","Risk Reference Prices (Current: 0.00) | Lower Warning: 0.0, Lower Danger: 0.0, Upper Warning: 0.0, Upper Danger: 0.0",WATCHLIST,Speculative,Weak,Speculative,Watch / DCA Only,Tactical Satellite Position,High Risk | Speculative | Weak,28.65,Suitable only for high-risk tactical or speculative positioning. Current weakness suggests observation or gradual accumulation only.
BREV/USDT,MATURE,0.11,Unknown,0,0.17,40,40.4,Neutral,-2.32,High Risk,Caution,0,15.8,D,Underweight,Conservative Allocation,-2.548500079,"WATCHLIST: Reference return -2.3%, Safety 0.0/100, Risk: High Risk","Risk Reference Prices (Current: 0.11) | Lower Warning: 0.11, Lower Danger: 0.1, Upper Warning: 0.12, Upper Danger: 0.12",WATCHLIST,Speculative,Weak,Speculative,Selective Exposure,Tactical Satellite Position,High Risk | Speculative | Weak,20.21,Suitable only for high-risk tactical or speculative positioning. Current setup allows selective exposure under controlled sizing.
VGX/USDT,MATURE,0.02,Downward,-1,0.4,55,33.74,Bearish,-6.2,High Risk,Caution,0,20,D,Underweight,Conservative Allocation,-1.804590683,"WATCHLIST: Reference return -6.2%, Safety 0.0/100, Risk: High Risk","Risk Reference Prices (Current: 0.02) | Lower Warning: 0.02, Lower Danger: 0.02, Upper Warning: 0.02, Upper Danger: 0.02",WATCHLIST,Speculative,Weak,Speculative,Watch / DCA Only,Tactical Satellite Position,High Risk | Speculative | Weak,23.62,Suitable only for high-risk tactical or speculative positioning. Current weakness suggests observation or gradual accumulation only.
TRB/USDT,MATURE,14.9,Downward,-1,-1.03,35,52.22,Neutral,-1.01,High Risk,Caution,15.7,8.5,D,Underweight,Conservative Allocation,-1.031577338,"WATCHLIST: Reference return -1.0%, Safety 15.7/100, Risk: High Risk","Risk Reference Prices (Current: 14.90) | Lower Warning: 14.16, Lower Danger: 13.41, Upper Warning: 15.65, Upper Danger: 16.39",WATCHLIST,Risky,Fragile,Speculative,High Risk Tactical Only,Tactical Satellite Position,High Risk | Risky | Fragile,20.94,"Suitable only for high-risk tactical or speculative positioning. Current profile is only suitable for tactical, high-risk participation."
MBL/USDT,MATURE,0,Downward,-1,0.44,60,47.1,Neutral,-0.95,High Risk,Caution,24.4,28.3,D,Underweight,Conservative Allocation,-1.349468728,"WATCHLIST: Reference return -0.9%, Safety 24.4/100, Risk: High Risk","Risk Reference Prices (Current: 0.00) | Lower Warning: 0.0, Lower Danger: 0.0, Upper Warning: 0.0, Upper Danger: 0.0",WATCHLIST,Risky,Acceptable,Balanced Aggressive,Watch / DCA Only,Growth Allocation,High Risk | Risky | Acceptable,36.84,Suitable for investors willing to accept higher volatility in exchange for stronger growth potential. Current weakness suggests observation or gradual accumulation only.
BIFI/USDT,MATURE,101.5,Downward,-1,1.48,70,50.97,Neutral,-2.1,High Risk,Caution,4,35,C,Caution,Risk Mitigation,0.055835741,"WATCHLIST: Reference return -2.1%, Safety 4.0/100, Risk: High Risk","Risk Reference Prices (Current: 101.50) | Lower Warning: 96.42, Lower Danger: 91.35, Upper Warning: 106.58, Upper Danger: 111.65",WATCHLIST,Speculative,Acceptable,Balanced Aggressive,Watch / DCA Only,Growth Allocation,High Risk | Speculative | Acceptable,36.2,Suitable for investors willing to accept higher volatility in exchange for stronger growth potential. Current weakness suggests observation or gradual accumulation only.
WBETH/USDT,MATURE,2336.88,Downward,-1,0.3,50,58.87,Neutral,-1,High Risk,Caution,11.3,24.1,D,Underweight,Conservative Allocation,-1.282848257,"WATCHLIST: Reference return -1.0%, Safety 11.3/100, Risk: High Risk","Risk Reference Prices (Current: 2336.88) | Lower Warning: 2220.04, Lower Danger: 2103.19, Upper Warning: 2453.72, Upper Danger: 2570.57",WATCHLIST,Risky,Weak,Aggressive Growth,Watch / DCA Only,High-Beta Growth Position,High Risk | Risky | Weak,30.32,Suitable for aggressive investors targeting high upside with elevated risk exposure. Current weakness suggests observation or gradual accumulation only.
TCT/USDT,MATURE,0,Downward,-1,-1.51,30,31.82,Bearish,-5.33,High Risk,Caution,0,-2,D,Underweight,Conservative Allocation,-1.241668298,"WATCHLIST: Reference return -5.3%, Safety 0.0/100, Risk: High Risk","Risk Reference Prices (Current: 0.00) | Lower Warning: 0.0, Lower Danger: 0.0, Upper Warning: 0.0, Upper Danger: 0.0",WATCHLIST,Speculative,Fragile,Speculative,Avoid / Too Fragile,Tactical Satellite Position,High Risk | Speculative | Fragile,8.31,Suitable only for high-risk tactical or speculative positioning. Current profile appears too fragile for normal allocation.
LAZIO/USDT,MATURE,0.7,Downward,-1,0.53,60,41.04,Neutral,-1.14,Low Risk,Caution,28.6,29.1,D,Underweight,Conservative Allocation,-0.393469886,"WATCHLIST: Reference return -1.1%, Safety 28.6/100, Risk: Low Risk","Risk Reference Prices (Current: 0.70) | Lower Warning: 0.67, Lower Danger: 0.63, Upper Warning: 0.74, Upper Danger: 0.77",WATCHLIST,Caution,Acceptable,Moderately Conservative,Watch / DCA Only,Core Allocation,Low Risk | Caution | Acceptable,38.17,"Suitable as a relatively stable core risk asset, but current conditions require caution. Current weakness suggests observation or gradual accumulation only."
HOOK/USDT,MATURE,0.01,Downward,-1,-1.81,40,30.96,Bearish,-9.39,High Risk,Caution,0,-1.7,D,Underweight,Conservative Allocation,-2.747250471,"WATCHLIST: Reference return -9.4%, Safety 0.0/100, Risk: High Risk","Risk Reference Prices (Current: 0.01) | Lower Warning: 0.01, Lower Danger: 0.01, Upper Warning: 0.01, Upper Danger: 0.01",WATCHLIST,Speculative,Fragile,Speculative,Avoid / Too Fragile,Tactical Satellite Position,High Risk | Speculative | Fragile,9.06,Suitable only for high-risk tactical or speculative positioning. Current profile appears too fragile for normal allocation.
ZKC/USDT,MATURE,0.07,Downward,-1,0.19,50,39.73,Bearish,-2.74,High Risk,Caution,0,17.9,D,Underweight,Conservative Allocation,-1.911065951,"WATCHLIST: Reference return -2.7%, Safety 0.0/100, Risk: High Risk","Risk Reference Prices (Current: 0.07) | Lower Warning: 0.07, Lower Danger: 0.06, Upper Warning: 0.07, Upper Danger: 0.08",WATCHLIST,Speculative,Weak,Speculative,Watch / DCA Only,Tactical Satellite Position,High Risk | Speculative | Weak,22.32,Suitable only for high-risk tactical or speculative positioning. Current weakness suggests observation or gradual accumulation only.
ORN/USDT,MATURE,1.05,Downward,-1,-0.98,35,47.1,Neutral,0.34,High Risk,Caution,0,5.5,D,Underweight,Conservative Allocation,-0.614739454,"WATCHLIST: Reference return 0.3%, Safety 0.0/100, Risk: High Risk","Risk Reference Prices (Current: 1.05) | Lower Warning: 1.0, Lower Danger: 0.95, Upper Warning: 1.11, Upper Danger: 1.16",WATCHLIST,Speculative,Fragile,Speculative,Avoid / Too Fragile,Tactical Satellite Position,High Risk | Speculative | Fragile,14.16,Suitable only for high-risk tactical or speculative positioning. Current profile appears too fragile for normal allocation.
MET/USDT,MATURE,0.13,Downward,-1,-0.54,25,35.11,Bearish,-5.66,High Risk,Caution,0,5,D,Underweight,Conservative Allocation,-2.067363232,"WATCHLIST: Reference return -5.7%, Safety 0.0/100, Risk: High Risk","Risk Reference Prices (Current: 0.13) | Lower Warning: 0.12, Lower Danger: 0.12, Upper Warning: 0.14, Upper Danger: 0.14",WATCHLIST,Speculative,Fragile,Speculative,Avoid / Too Fragile,Tactical Satellite Position,High Risk | Speculative | Fragile,12.41,Suitable only for high-risk tactical or speculative positioning. Current profile appears too fragile for normal allocation.
TORN/USDT,MATURE,4.06,Downward,-1,-1.71,45,41.38,Neutral,-0.8,High Risk,Caution,0,1.3,D,Underweight,Conservative Allocation,-1.104756378,"WATCHLIST: Reference return -0.8%, Safety 0.0/100, Risk: High Risk","Risk Reference Prices (Current: 4.06) | Lower Warning: 3.86, Lower Danger: 3.65, Upper Warning: 4.26, Upper Danger: 4.47",WATCHLIST,Speculative,Fragile,Speculative,Avoid / Too Fragile,Tactical Satellite Position,High Risk | Speculative | Fragile,12,Suitable only for high-risk tactical or speculative positioning. Current profile appears too fragile for normal allocation.
WTC/USDT,MATURE,0.01,Downward,-1,-1.6,40,46.35,Neutral,-0.79,High Risk,Caution,0,1.7,D,Underweight,Conservative Allocation,-1.410558866,"WATCHLIST: Reference return -0.8%, Safety 0.0/100, Risk: High Risk","Risk Reference Prices (Current: 0.01) | Lower Warning: 0.01, Lower Danger: 0.01, Upper Warning: 0.01, Upper Danger: 0.01",WATCHLIST,Speculative,Fragile,Speculative,Avoid / Too Fragile,Tactical Satellite Position,High Risk | Speculative | Fragile,12.14,Suitable only for high-risk tactical or speculative positioning. Current profile appears too fragile for normal allocation.
TRIBE/USDT,MATURE,0.2,Downward,-1,-0.13,45,48.85,Neutral,0,Low Risk,Caution,26.8,20.4,D,Underweight,Conservative Allocation,-0.563145742,"WATCHLIST: Reference return 0.0%, Safety 26.8/100, Risk: Low Risk","Risk Reference Prices (Current: 0.20) | Lower Warning: 0.19, Lower Danger: 0.18, Upper Warning: 0.21, Upper Danger: 0.22",WATCHLIST,Caution,Weak,Moderately Conservative,Watch / DCA Only,Core Allocation,Low Risk | Caution | Weak,31.81,"Suitable as a relatively stable core risk asset, but current conditions require caution. Current weakness suggests observation or gradual accumulation only."
RONIN/USDT,MATURE,0.08,Downward,-1,-2.04,10,43.99,Neutral,-1.46,High Risk,Caution,0,-6.8,D,Underweight,Conservative Allocation,-2.523200476,"WATCHLIST: Reference return -1.5%, Safety 0.0/100, Risk: High Risk","Risk Reference Prices (Current: 0.08) | Lower Warning: 0.08, Lower Danger: 0.08, Upper Warning: 0.09, Upper Danger: 0.09",WATCHLIST,Speculative,Fragile,Speculative,Avoid / Too Fragile,Tactical Satellite Position,High Risk | Speculative | Fragile,3.76,Suitable only for high-risk tactical or speculative positioning. Current profile appears too fragile for normal allocation.
HOME/USDT,MATURE,0.02,Downward,-1,0.51,70,39.69,Bearish,-2.21,High Risk,Caution,7.7,26.5,D,Underweight,Conservative Allocation,-0.827805505,"WATCHLIST: Reference return -2.2%, Safety 7.7/100, Risk: High Risk","Risk Reference Prices (Current: 0.02) | Lower Warning: 0.02, Lower Danger: 0.02, Upper Warning: 0.02, Upper Danger: 0.02",WATCHLIST,Speculative,Acceptable,Balanced Aggressive,Watch / DCA Only,Growth Allocation,High Risk | Speculative | Acceptable,31.39,Suitable for investors willing to accept higher volatility in exchange for stronger growth potential. Current weakness suggests observation or gradual accumulation only.
REN/USDT,MATURE,0.04,Upward,1,0.5,85,56.78,Neutral,1.04,High Risk,Caution,0,32.1,D,Underweight,Conservative Allocation,-0.382769208,"WATCHLIST: Reference return 1.0%, Safety 0.0/100, Risk: High Risk","Risk Reference Prices (Current: 0.04) | Lower Warning: 0.04, Lower Danger: 0.04, Upper Warning: 0.04, Upper Danger: 0.05",WATCHLIST,Speculative,Acceptable,Balanced Aggressive,Selective Exposure,Growth Allocation,High Risk | Speculative | Acceptable,34.31,Suitable for investors willing to accept higher volatility in exchange for stronger growth potential. Current setup allows selective exposure under controlled sizing.
ACH/USDT,MATURE,0.01,Downward,-1,-2.62,20,42.42,Neutral,-2.63,High Risk,Caution,6.6,-5.6,D,Underweight,Conservative Allocation,-1.666050256,"WATCHLIST: Reference return -2.6%, Safety 6.6/100, Risk: High Risk","Risk Reference Prices (Current: 0.01) | Lower Warning: 0.01, Lower Danger: 0.01, Upper Warning: 0.01, Upper Danger: 0.01",WATCHLIST,Speculative,Fragile,Speculative,Avoid / Too Fragile,Tactical Satellite Position,High Risk | Speculative | Fragile,6.32,Suitable only for high-risk tactical or speculative positioning. Current profile appears too fragile for normal allocation.
REP/USDT,MATURE,4.73,Downward,-1,-2.89,30,42.37,Neutral,-1.58,High Risk,Caution,6.5,-4.2,D,Underweight,Conservative Allocation,-1.106505111,"WATCHLIST: Reference return -1.6%, Safety 6.5/100, Risk: High Risk","Risk Reference Prices (Current: 4.73) | Lower Warning: 4.49, Lower Danger: 4.26, Upper Warning: 4.97, Upper Danger: 5.2",WATCHLIST,Speculative,Fragile,Speculative,Avoid / Too Fragile,Tactical Satellite Position,High Risk | Speculative | Fragile,7.53,Suitable only for high-risk tactical or speculative positioning. Current profile appears too fragile for normal allocation.
SRM/USDT,MATURE,0.24,Downward,-1,-0.17,35,36.58,Bearish,-0.95,High Risk,Caution,0,10.8,D,Underweight,Conservative Allocation,-0.512631791,"WATCHLIST: Reference return -0.9%, Safety 0.0/100, Risk: High Risk","Risk Reference Prices (Current: 0.24) | Lower Warning: 0.23, Lower Danger: 0.22, Upper Warning: 0.26, Upper Danger: 0.27",WATCHLIST,Speculative,Weak,Speculative,High Risk Tactical Only,Tactical Satellite Position,High Risk | Speculative | Weak,16.72,"Suitable only for high-risk tactical or speculative positioning. Current profile is only suitable for tactical, high-risk participation."
DOCK/USDT,MATURE,0,Downward,-1,0.44,55,28.03,Bearish,-5.82,High Risk,Caution,0,19.5,D,Underweight,Conservative Allocation,-1.33562252,"WATCHLIST: Reference return -5.8%, Safety 0.0/100, Risk: High Risk","Risk Reference Prices (Current: 0.00) | Lower Warning: 0.0, Lower Danger: 0.0, Upper Warning: 0.0, Upper Danger: 0.0",WATCHLIST,Speculative,Weak,Speculative,Watch / DCA Only,Tactical Satellite Position,High Risk | Speculative | Weak,23,Suitable only for high-risk tactical or speculative positioning. Current weakness suggests observation or gradual accumulation only.
STX/USDT,MATURE,0.22,Downward,-1,-1.51,45,44.13,Neutral,-1.86,High Risk,Caution,5,3.9,D,Underweight,Conservative Allocation,-1.478605892,"WATCHLIST: Reference return -1.9%, Safety 5.0/100, Risk: High Risk","Risk Reference Prices (Current: 0.22) | Lower Warning: 0.21, Lower Danger: 0.2, Upper Warning: 0.23, Upper Danger: 0.24",WATCHLIST,Speculative,Fragile,Speculative,Avoid / Too Fragile,Tactical Satellite Position,High Risk | Speculative | Fragile,15.31,Suitable only for high-risk tactical or speculative positioning. Current profile appears too fragile for normal allocation.
ALICE/USDT,MATURE,0.11,Downward,-1,0.6,70,45.71,Neutral,-3.09,High Risk,Caution,0,26.7,D,Underweight,Conservative Allocation,-0.660728626,"WATCHLIST: Reference return -3.1%, Safety 0.0/100, Risk: High Risk","Risk Reference Prices (Current: 0.11) | Lower Warning: 0.1, Lower Danger: 0.1, Upper Warning: 0.11, Upper Danger: 0.12",WATCHLIST,Speculative,Acceptable,Balanced Aggressive,Watch / DCA Only,Growth Allocation,High Risk | Speculative | Acceptable,29.58,Suitable for investors willing to accept higher volatility in exchange for stronger growth potential. Current weakness suggests observation or gradual accumulation only.
STPT/USDT,MATURE,0.07,Upward,1,1.49,85,58.18,Neutral,-0.09,High Risk,Caution,0,38.4,C,Caution,Risk Mitigation,1.12943374,"WATCHLIST: Reference return -0.1%, Safety 0.0/100, Risk: High Risk","Risk Reference Prices (Current: 0.07) | Lower Warning: 0.07, Lower Danger: 0.06, Upper Warning: 0.07, Upper Danger: 0.08",WATCHLIST,Speculative,Acceptable,Balanced Aggressive,Selective Exposure,Growth Allocation,High Risk | Speculative | Acceptable,38.81,Suitable for investors willing to accept higher volatility in exchange for stronger growth potential. Current setup allows selective exposure under controlled sizing.
FXS/USDT,MATURE,0.81,Downward,-1,1.84,85,40.08,Neutral,-4.69,High Risk,Caution,0,37.5,C,Caution,Risk Mitigation,-0.685107369,"WATCHLIST: Reference return -4.7%, Safety 0.0/100, Risk: High Risk","Risk Reference Prices (Current: 0.81) | Lower Warning: 0.77, Lower Danger: 0.73, Upper Warning: 0.85, Upper Danger: 0.89",WATCHLIST,Speculative,Acceptable,Balanced Aggressive,Watch / DCA Only,Growth Allocation,High Risk | Speculative | Acceptable,37.61,Suitable for investors willing to accept higher volatility in exchange for stronger growth potential. Current weakness suggests observation or gradual accumulation only.
ETHUP/USDT,MATURE,11.65,Upward,1,1.75,85,58.34,Neutral,4.71,Low Risk,Caution,7.1,48.9,C+,Watchlist,Double Check,1.573498048,"WATCHLIST: Reference return 4.7%, Safety 7.1/100, Risk: Low Risk","Risk Reference Prices (Current: 11.65) | Lower Warning: 11.07, Lower Danger: 10.49, Upper Warning: 12.23, Upper Danger: 12.82",WATCHLIST,Speculative,Strong,Moderately Conservative,Selective Exposure,Core Allocation,Low Risk | Speculative | Strong,45.11,"Suitable as a relatively stable core risk asset, but current conditions require caution. Current setup allows selective exposure under controlled sizing."
MOVE/USDT,MATURE,0.02,Downward,-1,-0.5,35,40.35,Neutral,-2.48,High Risk,Caution,0,8.2,D,Underweight,Conservative Allocation,-2.521128604,"WATCHLIST: Reference return -2.5%, Safety 0.0/100, Risk: High Risk","Risk Reference Prices (Current: 0.02) | Lower Warning: 0.02, Lower Danger: 0.02, Upper Warning: 0.02, Upper Danger: 0.02",WATCHLIST,Speculative,Fragile,Speculative,High Risk Tactical Only,Tactical Satellite Position,High Risk | Speculative | Fragile,15.5,"Suitable only for high-risk tactical or speculative positioning. Current profile is only suitable for tactical, high-risk participation."
AUD/USDT,MATURE,0.73,Upward,1,4.03,100,53.1,Neutral,0.37,Mediate Risk,Caution,25.1,52.9,C+,Watchlist,Double Check,0.341461358,"ATTENTION: Reference return 0.4%, Safety 25.1/100, Risk: Mediate Risk","Risk Reference Prices (Current: 0.73) | Lower Warning: 0.69, Lower Danger: 0.65, Upper Warning: 0.76, Upper Danger: 0.8",ATTENTION,Caution,Strong,Balanced Growth,Selective Exposure,Growth Allocation,Mediate Risk | Caution | Strong,60.04,Suitable for investors seeking a balance between upside potential and manageable volatility. Current setup allows selective exposure under controlled sizing.
YGG/USDT,MATURE,0.04,Downward,-1,0.18,50,43.46,Neutral,-1.08,High Risk,Caution,0,18.3,D,Underweight,Conservative Allocation,-1.823440827,"WATCHLIST: Reference return -1.1%, Safety 0.0/100, Risk: High Risk","Risk Reference Prices (Current: 0.04) | Lower Warning: 0.03, Lower Danger: 0.03, Upper Warning: 0.04, Upper Danger: 0.04",WATCHLIST,Speculative,Weak,Speculative,Watch / DCA Only,Tactical Satellite Position,High Risk | Speculative | Weak,22.79,Suitable only for high-risk tactical or speculative positioning. Current weakness suggests observation or gradual accumulation only.
CELR/USDT,MATURE,0,Downward,-1,-1.3,35,47.29,Neutral,-0.16,High Risk,Caution,0,2.7,D,Underweight,Conservative Allocation,-1.649778745,"WATCHLIST: Reference return -0.2%, Safety 0.0/100, Risk: High Risk","Risk Reference Prices (Current: 0.00) | Lower Warning: 0.0, Lower Danger: 0.0, Upper Warning: 0.0, Upper Danger: 0.0",WATCHLIST,Speculative,Fragile,Speculative,Avoid / Too Fragile,Tactical Satellite Position,High Risk | Speculative | Fragile,12.54,Suitable only for high-risk tactical or speculative positioning. Current profile appears too fragile for normal allocation.
MKR/USDT,MATURE,1813.7,Downward,-1,2.53,65,42.36,Neutral,0.64,Low Risk,Caution,29.7,43.4,C,Caution,Risk Mitigation,0.537556592,"WATCHLIST: Reference return 0.6%, Safety 29.7/100, Risk: Low Risk","Risk Reference Prices (Current: 1813.70) | Lower Warning: 1723.02, Lower Danger: 1632.33, Upper Warning: 1904.39, Upper Danger: 1995.07",WATCHLIST,Caution,Strong,Moderately Conservative,Watch / DCA Only,Core Allocation,Low Risk | Caution | Strong,48.73,"Suitable as a relatively stable core risk asset, but current conditions require caution. Current weakness suggests observation or gradual accumulation only."
WAVES/USDT,MATURE,1.08,Downward,-1,-1.49,40,39.48,Bearish,-3.72,High Risk,Caution,0,1.3,D,Underweight,Conservative Allocation,-0.613782028,"WATCHLIST: Reference return -3.7%, Safety 0.0/100, Risk: High Risk","Risk Reference Prices (Current: 1.08) | Lower Warning: 1.02, Lower Danger: 0.97, Upper Warning: 1.13, Upper Danger: 1.18",WATCHLIST,Speculative,Fragile,Speculative,Avoid / Too Fragile,Tactical Satellite Position,High Risk | Speculative | Fragile,11.61,Suitable only for high-risk tactical or speculative positioning. Current profile appears too fragile for normal allocation.
FORTH/USDT,MATURE,0.24,Downward,-1,-1.82,40,29.27,Bearish,-8.82,High Risk,Caution,0,-2,D,Underweight,Conservative Allocation,-3.141364397,"WATCHLIST: Reference return -8.8%, Safety 0.0/100, Risk: High Risk","Risk Reference Prices (Current: 0.24) | Lower Warning: 0.23, Lower Danger: 0.21, Upper Warning: 0.25, Upper Danger: 0.26",WATCHLIST,Speculative,Fragile,Speculative,Avoid / Too Fragile,Tactical Satellite Position,High Risk | Speculative | Fragile,8.78,Suitable only for high-risk tactical or speculative positioning. Current profile appears too fragile for normal allocation.
TOWNS/USDT,MATURE,0,Downward,-1,-1.74,55,42.68,Neutral,-4.32,High Risk,Caution,0,3.4,D,Underweight,Conservative Allocation,-2.25399426,"WATCHLIST: Reference return -4.3%, Safety 0.0/100, Risk: High Risk","Risk Reference Prices (Current: 0.00) | Lower Warning: 0.0, Lower Danger: 0.0, Upper Warning: 0.0, Upper Danger: 0.0",WATCHLIST,Speculative,Fragile,Speculative,Avoid / Too Fragile,Tactical Satellite Position,High Risk | Speculative | Fragile,14.19,Suitable only for high-risk tactical or speculative positioning. Current profile appears too fragile for normal allocation.
BAR/USDT,MATURE,0.56,Upward,1,0.39,60,53.15,Neutral,1.21,High Risk,Caution,13.3,28.5,D,Underweight,Conservative Allocation,-1.606644592,"WATCHLIST: Reference return 1.2%, Safety 13.3/100, Risk: High Risk","Risk Reference Prices (Current: 0.56) | Lower Warning: 0.53, Lower Danger: 0.5, Upper Warning: 0.59, Upper Danger: 0.61",WATCHLIST,Risky,Acceptable,Balanced Aggressive,Selective Exposure,Growth Allocation,High Risk | Risky | Acceptable,33.49,Suitable for investors willing to accept higher volatility in exchange for stronger growth potential. Current setup allows selective exposure under controlled sizing.
FTT/USDT,MATURE,0.3,Downward,-1,1.47,75,45.32,Neutral,-2.07,High Risk,Caution,0,34.3,D,Underweight,Conservative Allocation,-1.267788958,"WATCHLIST: Reference return -2.1%, Safety 0.0/100, Risk: High Risk","Risk Reference Prices (Current: 0.30) | Lower Warning: 0.28, Lower Danger: 0.27, Upper Warning: 0.31, Upper Danger: 0.33",WATCHLIST,Speculative,Acceptable,Balanced Aggressive,Watch / DCA Only,Growth Allocation,High Risk | Speculative | Acceptable,34.75,Suitable for investors willing to accept higher volatility in exchange for stronger growth potential. Current weakness suggests observation or gradual accumulation only.
QTUM/USDT,MATURE,0.96,Downward,-1,1.62,75,46.1,Neutral,-0.51,High Risk,Caution,0,35.3,C,Caution,Risk Mitigation,-1.341679517,"WATCHLIST: Reference return -0.5%, Safety 0.0/100, Risk: High Risk","Risk Reference Prices (Current: 0.96) | Lower Warning: 0.91, Lower Danger: 0.86, Upper Warning: 1.01, Upper Danger: 1.05",WATCHLIST,Speculative,Acceptable,Balanced Aggressive,Watch / DCA Only,Growth Allocation,High Risk | Speculative | Acceptable,35.5,Suitable for investors willing to accept higher volatility in exchange for stronger growth potential. Current weakness suggests observation or gradual accumulation only.
CVP/USDT,MATURE,0.03,Downward,-1,-1.45,30,42.4,Neutral,-12.17,High Risk,Caution,0,0,D,Underweight,Conservative Allocation,-1.132648289,"WATCHLIST: Reference return -12.2%, Safety 0.0/100, Risk: High Risk","Risk Reference Prices (Current: 0.03) | Lower Warning: 0.03, Lower Danger: 0.03, Upper Warning: 0.04, Upper Danger: 0.04",WATCHLIST,Speculative,Fragile,Speculative,Avoid / Too Fragile,Tactical Satellite Position,High Risk | Speculative | Fragile,10.12,Suitable only for high-risk tactical or speculative positioning. Current profile appears too fragile for normal allocation.
ACM/USDT,MATURE,0.41,Downward,-1,0.22,50,47.02,Neutral,-0.71,High Risk,Caution,24.2,24.1,D,Underweight,Conservative Allocation,-1.828825818,"WATCHLIST: Reference return -0.7%, Safety 24.2/100, Risk: High Risk","Risk Reference Prices (Current: 0.41) | Lower Warning: 0.39, Lower Danger: 0.37, Upper Warning: 0.43, Upper Danger: 0.45",WATCHLIST,Risky,Weak,Aggressive Growth,Watch / DCA Only,High-Beta Growth Position,High Risk | Risky | Weak,33.45,Suitable for aggressive investors targeting high upside with elevated risk exposure. Current weakness suggests observation or gradual accumulation only.
MEME/USDT,MATURE,0,Downward,-1,-0.52,25,38.24,Bearish,-3.89,High Risk,Caution,0,5.7,D,Underweight,Conservative Allocation,-2.026187403,"WATCHLIST: Reference return -3.9%, Safety 0.0/100, Risk: High Risk","Risk Reference Prices (Current: 0.00) | Lower Warning: 0.0, Lower Danger: 0.0, Upper Warning: 0.0, Upper Danger: 0.0",WATCHLIST,Speculative,Fragile,Speculative,Avoid / Too Fragile,Tactical Satellite Position,High Risk | Speculative | Fragile,12.98,Suitable only for high-risk tactical or speculative positioning. Current profile appears too fragile for normal allocation.
IMX/USDT,MATURE,0.14,Downward,-1,-2.03,10,44.45,Neutral,-3.47,High Risk,Caution,0,-6.7,D,Underweight,Conservative Allocation,-2.274191947,"WATCHLIST: Reference return -3.5%, Safety 0.0/100, Risk: High Risk","Risk Reference Prices (Current: 0.14) | Lower Warning: 0.13, Lower Danger: 0.12, Upper Warning: 0.14, Upper Danger: 0.15",WATCHLIST,Speculative,Fragile,Speculative,Avoid / Too Fragile,Tactical Satellite Position,High Risk | Speculative | Fragile,3.86,Suitable only for high-risk tactical or speculative positioning. Current profile appears too fragile for normal allocation.
1MBABYDOGE/USDT,MATURE,0,Downward,-1,-1.34,35,46.98,Neutral,-1.4,High Risk,Caution,0,2.3,D,Underweight,Conservative Allocation,-1.834611586,"WATCHLIST: Reference return -1.4%, Safety 0.0/100, Risk: High Risk","Risk Reference Prices (Current: 0.00) | Lower Warning: 0.0, Lower Danger: 0.0, Upper Warning: 0.0, Upper Danger: 0.0",WATCHLIST,Speculative,Fragile,Speculative,Avoid / Too Fragile,Tactical Satellite Position,High Risk | Speculative | Fragile,12.29,Suitable only for high-risk tactical or speculative positioning. Current profile appears too fragile for normal allocation.
ALPHA/USDT,MATURE,0.01,Downward,-1,-1.6,30,33.77,Bearish,-8.04,High Risk,Caution,0,-2.2,D,Underweight,Conservative Allocation,-2.830497698,"WATCHLIST: Reference return -8.0%, Safety 0.0/100, Risk: High Risk","Risk Reference Prices (Current: 0.01) | Lower Warning: 0.01, Lower Danger: 0.01, Upper Warning: 0.01, Upper Danger: 0.01",WATCHLIST,Speculative,Fragile,Speculative,Avoid / Too Fragile,Tactical Satellite Position,High Risk | Speculative | Fragile,8.22,Suitable only for high-risk tactical or speculative positioning. Current profile appears too fragile for normal allocation.
MANTA/USDT,MATURE,0.06,Downward,-1,0.25,50,44.78,Neutral,-0.76,High Risk,Caution,4.3,20.1,D,Underweight,Conservative Allocation,-1.102672191,"WATCHLIST: Reference return -0.8%, Safety 4.3/100, Risk: High Risk","Risk Reference Prices (Current: 0.06) | Lower Warning: 0.06, Lower Danger: 0.06, Upper Warning: 0.07, Upper Danger: 0.07",WATCHLIST,Speculative,Weak,Speculative,Watch / DCA Only,Tactical Satellite Position,High Risk | Speculative | Weak,25.14,Suitable only for high-risk tactical or speculative positioning. Current weakness suggests observation or gradual accumulation only.
ADAUP/USDT,MATURE,0.1,Downward,-1,-2.44,20,51.49,Neutral,-3.17,High Risk,Caution,0,-5.1,D,Underweight,Conservative Allocation,-0.885932651,"WATCHLIST: Reference return -3.2%, Safety 0.0/100, Risk: High Risk","Risk Reference Prices (Current: 0.10) | Lower Warning: 0.1, Lower Danger: 0.09, Upper Warning: 0.11, Upper Danger: 0.11",WATCHLIST,Speculative,Fragile,Speculative,Avoid / Too Fragile,Tactical Satellite Position,High Risk | Speculative | Fragile,5.52,Suitable only for high-risk tactical or speculative positioning. Current profile appears too fragile for normal allocation.
FIRO/USDT,MATURE,0.3,Downward,-1,-1.3,30,35.17,Bearish,-6.35,High Risk,Caution,0,-0.2,D,Underweight,Conservative Allocation,-0.442630067,"WATCHLIST: Reference return -6.3%, Safety 0.0/100, Risk: High Risk","Risk Reference Prices (Current: 0.30) | Lower Warning: 0.28, Lower Danger: 0.27, Upper Warning: 0.32, Upper Danger: 0.33",WATCHLIST,Speculative,Fragile,Speculative,Avoid / Too Fragile,Tactical Satellite Position,High Risk | Speculative | Fragile,9.71,Suitable only for high-risk tactical or speculative positioning. Current profile appears too fragile for normal allocation.
MITH/USDT,MATURE,0,Downward,-1,-1.64,40,33.03,Bearish,-3,High Risk,Caution,0,-0.5,D,Underweight,Conservative Allocation,-0.7766581,"WATCHLIST: Reference return -3.0%, Safety 0.0/100, Risk: High Risk","Risk Reference Prices (Current: 0.00) | Lower Warning: 0.0, Lower Danger: 0.0, Upper Warning: 0.0, Upper Danger: 0.0",WATCHLIST,Speculative,Fragile,Speculative,Avoid / Too Fragile,Tactical Satellite Position,High Risk | Speculative | Fragile,10.05,Suitable only for high-risk tactical or speculative positioning. Current profile appears too fragile for normal allocation.
LTO/USDT,MATURE,0,Downward,-1,-1.09,40,31.33,Bearish,-8.29,High Risk,Caution,0,2.8,D,Underweight,Conservative Allocation,-2.592651885,"WATCHLIST: Reference return -8.3%, Safety 0.0/100, Risk: High Risk","Risk Reference Prices (Current: 0.00) | Lower Warning: 0.0, Lower Danger: 0.0, Upper Warning: 0.0, Upper Danger: 0.0",WATCHLIST,Speculative,Fragile,Speculative,Avoid / Too Fragile,Tactical Satellite Position,High Risk | Speculative | Fragile,12.25,Suitable only for high-risk tactical or speculative positioning. Current profile appears too fragile for normal allocation.
FRAX/USDT,MATURE,0.39,Unknown,0,0.34,35,35.62,Bearish,-3.81,High Risk,Caution,0,15.7,D,Underweight,Conservative Allocation,-1.53576317,"WATCHLIST: Reference return -3.8%, Safety 0.0/100, Risk: High Risk","Risk Reference Prices (Current: 0.39) | Lower Warning: 0.37, Lower Danger: 0.35, Upper Warning: 0.41, Upper Danger: 0.43",WATCHLIST,Speculative,Weak,Speculative,Selective Exposure,Tactical Satellite Position,High Risk | Speculative | Weak,19.37,Suitable only for high-risk tactical or speculative positioning. Current setup allows selective exposure under controlled sizing.
DREP/USDT,MATURE,0.03,Downward,-1,-1.34,30,51.49,Neutral,-0.42,High Risk,Caution,0,2,D,Underweight,Conservative Allocation,-1.229872658,"WATCHLIST: Reference return -0.4%, Safety 0.0/100, Risk: High Risk","Risk Reference Prices (Current: 0.03) | Lower Warning: 0.02, Lower Danger: 0.02, Upper Warning: 0.03, Upper Danger: 0.03",WATCHLIST,Speculative,Fragile,Speculative,Avoid / Too Fragile,Tactical Satellite Position,High Risk | Speculative | Fragile,11.9,Suitable only for high-risk tactical or speculative positioning. Current profile appears too fragile for normal allocation.
IDEX/USDT,MATURE,0,Downward,-1,-1.77,40,38.4,Bearish,-2.76,High Risk,Caution,0,-0.4,D,Underweight,Conservative Allocation,-3.551990161,"WATCHLIST: Reference return -2.8%, Safety 0.0/100, Risk: High Risk","Risk Reference Prices (Current: 0.00) | Lower Warning: 0.0, Lower Danger: 0.0, Upper Warning: 0.0, Upper Danger: 0.0",WATCHLIST,Speculative,Fragile,Speculative,Avoid / Too Fragile,Tactical Satellite Position,High Risk | Speculative | Fragile,10.29,Suitable only for high-risk tactical or speculative positioning. Current profile appears too fragile for normal allocation.
NTRN/USDT,MATURE,0,Downward,-1,-1.83,40,27.52,Bearish,-11.03,High Risk,Caution,0,-2.3,D,Underweight,Conservative Allocation,-4.190096788,"WATCHLIST: Reference return -11.0%, Safety 0.0/100, Risk: High Risk","Risk Reference Prices (Current: 0.00) | Lower Warning: 0.0, Lower Danger: 0.0, Upper Warning: 0.0, Upper Danger: 0.0",WATCHLIST,Speculative,Fragile,Speculative,Avoid / Too Fragile,Tactical Satellite Position,High Risk | Speculative | Fragile,8.49,Suitable only for high-risk tactical or speculative positioning. Current profile appears too fragile for normal allocation.
WRX/USDT,MATURE,0.02,Upward,1,-0.78,30,62.54,Bullish,5.76,High Risk,Caution,0,17.1,D,Underweight,Conservative Allocation,-1.513777378,"WATCHLIST: Reference return 5.8%, Safety 0.0/100, Risk: High Risk","Risk Reference Prices (Current: 0.02) | Lower Warning: 0.02, Lower Danger: 0.02, Upper Warning: 0.02, Upper Danger: 0.02",WATCHLIST,Speculative,Weak,Speculative,Watch / DCA Only,Tactical Satellite Position,High Risk | Speculative | Weak,18.93,Suitable only for high-risk tactical or speculative positioning. Current weakness suggests observation or gradual accumulation only.
OCEAN/USDT,MATURE,0.61,Downward,-1,1.27,60,40.21,Neutral,-2.09,High Risk,Caution,0,29.3,D,Underweight,Conservative Allocation,0.633592392,"WATCHLIST: Reference return -2.1%, Safety 0.0/100, Risk: High Risk","Risk Reference Prices (Current: 0.61) | Lower Warning: 0.58, Lower Danger: 0.55, Upper Warning: 0.64, Upper Danger: 0.67",WATCHLIST,Speculative,Acceptable,Balanced Aggressive,Watch / DCA Only,Growth Allocation,High Risk | Speculative | Acceptable,29.99,Suitable for investors willing to accept higher volatility in exchange for stronger growth potential. Current weakness suggests observation or gradual accumulation only.
LAYER/USDT,MATURE,0.08,Downward,-1,0.18,50,44.52,Neutral,-0.53,High Risk,Caution,0,18.5,D,Underweight,Conservative Allocation,-2.305189675,"WATCHLIST: Reference return -0.5%, Safety 0.0/100, Risk: High Risk","Risk Reference Prices (Current: 0.08) | Lower Warning: 0.07, Lower Danger: 0.07, Upper Warning: 0.08, Upper Danger: 0.09",WATCHLIST,Speculative,Weak,Speculative,Watch / DCA Only,Tactical Satellite Position,High Risk | Speculative | Weak,22.95,Suitable only for high-risk tactical or speculative positioning. Current weakness suggests observation or gradual accumulation only.
CYBER/USDT,MATURE,0.5,Downward,-1,0.25,50,45.43,Neutral,-1.43,High Risk,Caution,0.9,19.5,D,Underweight,Conservative Allocation,-1.382909557,"WATCHLIST: Reference return -1.4%, Safety 0.9/100, Risk: High Risk","Risk Reference Prices (Current: 0.50) | Lower Warning: 0.47, Lower Danger: 0.45, Upper Warning: 0.52, Upper Danger: 0.55",WATCHLIST,Speculative,Weak,Speculative,Watch / DCA Only,Tactical Satellite Position,High Risk | Speculative | Weak,23.83,Suitable only for high-risk tactical or speculative positioning. Current weakness suggests observation or gradual accumulation only.
CETUS/USDT,MATURE,0.02,Upward,1,-1.34,55,54.92,Neutral,1.14,High Risk,Caution,0,9.4,D,Underweight,Conservative Allocation,-1.823700529,"WATCHLIST: Reference return 1.1%, Safety 0.0/100, Risk: High Risk","Risk Reference Prices (Current: 0.02) | Lower Warning: 0.02, Lower Danger: 0.02, Upper Warning: 0.02, Upper Danger: 0.02",WATCHLIST,Speculative,Fragile,Speculative,High Risk Tactical Only,Tactical Satellite Position,High Risk | Speculative | Fragile,18.21,"Suitable only for high-risk tactical or speculative positioning. Current profile is only suitable for tactical, high-risk participation."
REEF/USDT,MATURE,0,Downward,-1,0.54,55,38.82,Bearish,-3.49,High Risk,Caution,0,22.1,D,Underweight,Conservative Allocation,-0.635468833,"WATCHLIST: Reference return -3.5%, Safety 0.0/100, Risk: High Risk","Risk Reference Prices (Current: 0.00) | Lower Warning: 0.0, Lower Danger: 0.0, Upper Warning: 0.0, Upper Danger: 0.0",WATCHLIST,Speculative,Weak,Speculative,Watch / DCA Only,Tactical Satellite Position,High Risk | Speculative | Weak,25.11,Suitable only for high-risk tactical or speculative positioning. Current weakness suggests observation or gradual accumulation only.
UNFI/USDT,MATURE,1.34,Downward,-1,-1.78,40,45.63,Neutral,-0.39,High Risk,Caution,0,0.6,D,Underweight,Conservative Allocation,-1.051564472,"WATCHLIST: Reference return -0.4%, Safety 0.0/100, Risk: High Risk","Risk Reference Prices (Current: 1.34) | Lower Warning: 1.27, Lower Danger: 1.21, Upper Warning: 1.41, Upper Danger: 1.48",WATCHLIST,Speculative,Fragile,Speculative,Avoid / Too Fragile,Tactical Satellite Position,High Risk | Speculative | Fragile,11.29,Suitable only for high-risk tactical or speculative positioning. Current profile appears too fragile for normal allocation.
LEVER/USDT,MATURE,0,Downward,-1,-1.3,20,33.62,Bearish,-5.69,High Risk,Caution,0,-2.4,D,Underweight,Conservative Allocation,-2.022074886,"WATCHLIST: Reference return -5.7%, Safety 0.0/100, Risk: High Risk","Risk Reference Prices (Current: 0.00) | Lower Warning: 0.0, Lower Danger: 0.0, Upper Warning: 0.0, Upper Danger: 0.0",WATCHLIST,Speculative,Fragile,Speculative,Avoid / Too Fragile,Tactical Satellite Position,High Risk | Speculative | Fragile,7.39,Suitable only for high-risk tactical or speculative positioning. Current profile appears too fragile for normal allocation.
JASMY/USDT,MATURE,0.01,Downward,-1,-1.24,35,47.11,Neutral,-0.81,High Risk,Caution,8.5,4.7,D,Underweight,Conservative Allocation,-1.16269208,"WATCHLIST: Reference return -0.8%, Safety 8.5/100, Risk: High Risk","Risk Reference Prices (Current: 0.01) | Lower Warning: 0.01, Lower Danger: 0.0, Upper Warning: 0.01, Upper Danger: 0.01",WATCHLIST,Speculative,Fragile,Speculative,Avoid / Too Fragile,Tactical Satellite Position,High Risk | Speculative | Fragile,16.25,Suitable only for high-risk tactical or speculative positioning. Current profile appears too fragile for normal allocation.
TNSR/USDT,MATURE,0.04,Downward,-1,-2.23,20,42.14,Neutral,-3.3,High Risk,Caution,0,-5.8,D,Underweight,Conservative Allocation,0.416995692,"WATCHLIST: Reference return -3.3%, Safety 0.0/100, Risk: High Risk","Risk Reference Prices (Current: 0.04) | Lower Warning: 0.03, Lower Danger: 0.03, Upper Warning: 0.04, Upper Danger: 0.04",WATCHLIST,Speculative,Fragile,Speculative,Avoid / Too Fragile,Tactical Satellite Position,High Risk | Speculative | Fragile,4.9,Suitable only for high-risk tactical or speculative positioning. Current profile appears too fragile for normal allocation.
NOT/USDT,MATURE,0,Downward,-1,-1.23,35,44.97,Neutral,-1.78,High Risk,Caution,0,2.8,D,Underweight,Conservative Allocation,-1.758013511,"WATCHLIST: Reference return -1.8%, Safety 0.0/100, Risk: High Risk","Risk Reference Prices (Current: 0.00) | Lower Warning: 0.0, Lower Danger: 0.0, Upper Warning: 0.0, Upper Danger: 0.0",WATCHLIST,Speculative,Fragile,Speculative,Avoid / Too Fragile,Tactical Satellite Position,High Risk | Speculative | Fragile,12.51,Suitable only for high-risk tactical or speculative positioning. Current profile appears too fragile for normal allocation.
VIB/USDT,MATURE,0,Downward,-1,-1.55,20,30.84,Bearish,-8.1,High Risk,Caution,0,-4.4,D,Underweight,Conservative Allocation,-1.250842539,"WATCHLIST: Reference return -8.1%, Safety 0.0/100, Risk: High Risk","Risk Reference Prices (Current: 0.00) | Lower Warning: 0.0, Lower Danger: 0.0, Upper Warning: 0.0, Upper Danger: 0.0",WATCHLIST,Speculative,Fragile,Speculative,Avoid / Too Fragile,Tactical Satellite Position,High Risk | Speculative | Fragile,5.89,Suitable only for high-risk tactical or speculative positioning. Current profile appears too fragile for normal allocation.
IRIS/USDT,MATURE,0.01,Downward,-1,-2.79,30,43.85,Neutral,-0.61,High Risk,Caution,0,-5.1,D,Underweight,Conservative Allocation,-0.507508639,"WATCHLIST: Reference return -0.6%, Safety 0.0/100, Risk: High Risk","Risk Reference Prices (Current: 0.01) | Lower Warning: 0.0, Lower Danger: 0.0, Upper Warning: 0.01, Upper Danger: 0.01",WATCHLIST,Speculative,Fragile,Speculative,Avoid / Too Fragile,Tactical Satellite Position,High Risk | Speculative | Fragile,5.38,Suitable only for high-risk tactical or speculative positioning. Current profile appears too fragile for normal allocation.
METIS/USDT,MATURE,2.85,Downward,-1,0.18,50,41.67,Neutral,-1.61,High Risk,Caution,0,18,D,Underweight,Conservative Allocation,-1.843198566,"WATCHLIST: Reference return -1.6%, Safety 0.0/100, Risk: High Risk","Risk Reference Prices (Current: 2.85) | Lower Warning: 2.71, Lower Danger: 2.56, Upper Warning: 2.99, Upper Danger: 3.14",WATCHLIST,Speculative,Weak,Speculative,Watch / DCA Only,Tactical Satellite Position,High Risk | Speculative | Weak,22.52,Suitable only for high-risk tactical or speculative positioning. Current weakness suggests observation or gradual accumulation only.
PHA/USDT,MATURE,0.04,Upward,1,0.49,85,53.66,Neutral,-2.24,High Risk,Caution,0,29.9,D,Underweight,Conservative Allocation,-0.714346567,"WATCHLIST: Reference return -2.2%, Safety 0.0/100, Risk: High Risk","Risk Reference Prices (Current: 0.04) | Lower Warning: 0.03, Lower Danger: 0.03, Upper Warning: 0.04, Upper Danger: 0.04",WATCHLIST,Speculative,Acceptable,Balanced Aggressive,Selective Exposure,Growth Allocation,High Risk | Speculative | Acceptable,33.31,Suitable for investors willing to accept higher volatility in exchange for stronger growth potential. Current setup allows selective exposure under controlled sizing.
EGLD/USDT,MATURE,3.74,Downward,-1,-0.49,25,42.99,Neutral,-2.03,High Risk,Caution,1.2,6.9,D,Underweight,Conservative Allocation,-1.721533528,"WATCHLIST: Reference return -2.0%, Safety 1.2/100, Risk: High Risk","Risk Reference Prices (Current: 3.74) | Lower Warning: 3.55, Lower Danger: 3.37, Upper Warning: 3.93, Upper Danger: 4.11",WATCHLIST,Speculative,Fragile,Speculative,Avoid / Too Fragile,Tactical Satellite Position,High Risk | Speculative | Fragile,14.31,Suitable only for high-risk tactical or speculative positioning. Current profile appears too fragile for normal allocation.
SYN/USDT,MATURE,0.05,Downward,-1,1.57,75,43.76,Neutral,-0.82,High Risk,Caution,0,34.7,D,Underweight,Conservative Allocation,-0.47148219,"WATCHLIST: Reference return -0.8%, Safety 0.0/100, Risk: High Risk","Risk Reference Prices (Current: 0.05) | Lower Warning: 0.05, Lower Danger: 0.05, Upper Warning: 0.05, Upper Danger: 0.06",WATCHLIST,Speculative,Acceptable,Balanced Aggressive,Watch / DCA Only,Growth Allocation,High Risk | Speculative | Acceptable,34.96,Suitable for investors willing to accept higher volatility in exchange for stronger growth potential. Current weakness suggests observation or gradual accumulation only.
CTK/USDT,MATURE,0.16,Downward,-1,0.22,50,41.35,Neutral,-2.03,High Risk,Caution,12.6,20.9,D,Underweight,Conservative Allocation,-1.325933815,"WATCHLIST: Reference return -2.0%, Safety 12.6/100, Risk: High Risk","Risk Reference Prices (Current: 0.16) | Lower Warning: 0.15, Lower Danger: 0.15, Upper Warning: 0.17, Upper Danger: 0.18",WATCHLIST,Risky,Weak,Aggressive Growth,Watch / DCA Only,High-Beta Growth Position,High Risk | Risky | Weak,27.86,Suitable for aggressive investors targeting high upside with elevated risk exposure. Current weakness suggests observation or gradual accumulation only.
MORPHO/USDT,MATURE,1.53,Upward,1,-0.59,35,56.97,Neutral,0.44,High Risk,Caution,18.7,14.3,D,Underweight,Conservative Allocation,0.048641835,"WATCHLIST: Reference return 0.4%, Safety 18.7/100, Risk: High Risk","Risk Reference Prices (Current: 1.53) | Lower Warning: 1.45, Lower Danger: 1.37, Upper Warning: 1.6, Upper Danger: 1.68",WATCHLIST,Risky,Weak,Speculative,High Risk Tactical Only,Tactical Satellite Position,High Risk | Risky | Weak,25.31,"Suitable only for high-risk tactical or speculative positioning. Current profile is only suitable for tactical, high-risk participation."
ACA/USDT,MATURE,0,Downward,-1,-1.45,20,30.33,Bearish,-6.81,High Risk,Caution,0,-3.9,D,Underweight,Conservative Allocation,-2.837642464,"WATCHLIST: Reference return -6.8%, Safety 0.0/100, Risk: High Risk","Risk Reference Prices (Current: 0.00) | Lower Warning: 0.0, Lower Danger: 0.0, Upper Warning: 0.0, Upper Danger: 0.0",WATCHLIST,Speculative,Fragile,Speculative,Avoid / Too Fragile,Tactical Satellite Position,High Risk | Speculative | Fragile,6.24,Suitable only for high-risk tactical or speculative positioning. Current profile appears too fragile for normal allocation.
PIVX/USDT,MATURE,0.09,Downward,-1,0.87,50,43.3,Neutral,-2.59,High Risk,Caution,0,24.7,D,Underweight,Conservative Allocation,0.071230964,"WATCHLIST: Reference return -2.6%, Safety 0.0/100, Risk: High Risk","Risk Reference Prices (Current: 0.09) | Lower Warning: 0.08, Lower Danger: 0.08, Upper Warning: 0.09, Upper Danger: 0.1",WATCHLIST,Speculative,Weak,Speculative,Watch / DCA Only,Tactical Satellite Position,High Risk | Speculative | Weak,26.42,Suitable only for high-risk tactical or speculative positioning. Current weakness suggests observation or gradual accumulation only.
FOR/USDT,MATURE,0,Downward,-1,-1.75,40,40.99,Neutral,-4.42,High Risk,Caution,0,0.1,D,Underweight,Conservative Allocation,-1.991153923,"WATCHLIST: Reference return -4.4%, Safety 0.0/100, Risk: High Risk","Risk Reference Prices (Current: 0.00) | Lower Warning: 0.0, Lower Danger: 0.0, Upper Warning: 0.0, Upper Danger: 0.0",WATCHLIST,Speculative,Fragile,Speculative,Avoid / Too Fragile,Tactical Satellite Position,High Risk | Speculative | Fragile,10.75,Suitable only for high-risk tactical or speculative positioning. Current profile appears too fragile for normal allocation.
COMP/USDT,MATURE,16.73,Downward,-1,-2.77,20,52.13,Neutral,-1.72,High Risk,Caution,13.8,-3.1,D,Underweight,Conservative Allocation,-1.388964905,"WATCHLIST: Reference return -1.7%, Safety 13.8/100, Risk: High Risk","Risk Reference Prices (Current: 16.73) | Lower Warning: 15.89, Lower Danger: 15.06, Upper Warning: 17.57, Upper Danger: 18.4",WATCHLIST,Risky,Fragile,Speculative,Avoid / Too Fragile,Tactical Satellite Position,High Risk | Risky | Fragile,10.19,Suitable only for high-risk tactical or speculative positioning. Current profile appears too fragile for normal allocation.
AMB/USDT,MATURE,0,Downward,-1,-1.82,40,30.51,Bearish,-6.61,High Risk,Caution,0,-1.8,D,Underweight,Conservative Allocation,-2.206578985,"WATCHLIST: Reference return -6.6%, Safety 0.0/100, Risk: High Risk","Risk Reference Prices (Current: 0.00) | Lower Warning: 0.0, Lower Danger: 0.0, Upper Warning: 0.0, Upper Danger: 0.0",WATCHLIST,Speculative,Fragile,Speculative,Avoid / Too Fragile,Tactical Satellite Position,High Risk | Speculative | Fragile,8.96,Suitable only for high-risk tactical or speculative positioning. Current profile appears too fragile for normal allocation.
KP3R/USDT,MATURE,16.48,Downward,-1,-1.53,30,45.17,Neutral,-0.79,High Risk,Caution,0,-0.1,D,Underweight,Conservative Allocation,-2.217666469,"WATCHLIST: Reference return -0.8%, Safety 0.0/100, Risk: High Risk","Risk Reference Prices (Current: 16.48) | Lower Warning: 15.66, Lower Danger: 14.83, Upper Warning: 17.3, Upper Danger: 18.13",WATCHLIST,Speculative,Fragile,Speculative,Avoid / Too Fragile,Tactical Satellite Position,High Risk | Speculative | Fragile,10.16,Suitable only for high-risk tactical or speculative positioning. Current profile appears too fragile for normal allocation.
SYRUP/USDT,MATURE,0.21,Downward,-1,0.24,50,41.64,Neutral,-4.03,High Risk,Caution,12.7,21.2,D,Underweight,Conservative Allocation,-0.784181996,"WATCHLIST: Reference return -4.0%, Safety 12.7/100, Risk: High Risk","Risk Reference Prices (Current: 0.21) | Lower Warning: 0.2, Lower Danger: 0.19, Upper Warning: 0.22, Upper Danger: 0.24",WATCHLIST,Risky,Weak,Aggressive Growth,Watch / DCA Only,High-Beta Growth Position,High Risk | Risky | Weak,28.07,Suitable for aggressive investors targeting high upside with elevated risk exposure. Current weakness suggests observation or gradual accumulation only.
PERL/USDT,MATURE,0,Downward,-1,-1.36,30,45.72,Neutral,-0.57,High Risk,Caution,0,1,D,Underweight,Conservative Allocation,-0.428485975,"WATCHLIST: Reference return -0.6%, Safety 0.0/100, Risk: High Risk","Risk Reference Prices (Current: 0.00) | Lower Warning: 0.0, Lower Danger: 0.0, Upper Warning: 0.0, Upper Danger: 0.01",WATCHLIST,Speculative,Fragile,Speculative,Avoid / Too Fragile,Tactical Satellite Position,High Risk | Speculative | Fragile,10.97,Suitable only for high-risk tactical or speculative positioning. Current profile appears too fragile for normal allocation.
SSV/USDT,MATURE,2.28,Downward,-1,-0.41,45,37.27,Bearish,-4.07,High Risk,Caution,0,10.5,D,Underweight,Conservative Allocation,-1.387278694,"WATCHLIST: Reference return -4.1%, Safety 0.0/100, Risk: High Risk","Risk Reference Prices (Current: 2.28) | Lower Warning: 2.16, Lower Danger: 2.05, Upper Warning: 2.39, Upper Danger: 2.5",WATCHLIST,Speculative,Weak,Speculative,High Risk Tactical Only,Tactical Satellite Position,High Risk | Speculative | Weak,17.6,"Suitable only for high-risk tactical or speculative positioning. Current profile is only suitable for tactical, high-risk participation."
KSM/USDT,MATURE,4.19,Downward,-1,0.21,50,46.84,Neutral,-0.94,High Risk,Caution,8.5,20.8,D,Underweight,Conservative Allocation,-1.7031811,"WATCHLIST: Reference return -0.9%, Safety 8.5/100, Risk: High Risk","Risk Reference Prices (Current: 4.19) | Lower Warning: 3.98, Lower Danger: 3.77, Upper Warning: 4.4, Upper Danger: 4.61",WATCHLIST,Speculative,Weak,Speculative,Watch / DCA Only,Tactical Satellite Position,High Risk | Speculative | Weak,26.92,Suitable only for high-risk tactical or speculative positioning. Current weakness suggests observation or gradual accumulation only.
CATI/USDT,MATURE,0.05,Downward,-1,2.05,85,53.11,Neutral,1.45,High Risk,Caution,0,42.8,C,Caution,Risk Mitigation,-0.804537431,"WATCHLIST: Reference return 1.5%, Safety 0.0/100, Risk: High Risk","Risk Reference Prices (Current: 0.05) | Lower Warning: 0.05, Lower Danger: 0.05, Upper Warning: 0.06, Upper Danger: 0.06",WATCHLIST,Speculative,Strong,Balanced Aggressive,Watch / DCA Only,Growth Allocation,High Risk | Speculative | Strong,41.03,Suitable for investors willing to accept higher volatility in exchange for stronger growth potential. Current weakness suggests observation or gradual accumulation only.
HEI/USDT,MATURE,0.09,Downward,-1,1.78,85,43.96,Neutral,-1.35,High Risk,Caution,0,37.8,C,Caution,Risk Mitigation,-1.611297735,"WATCHLIST: Reference return -1.4%, Safety 0.0/100, Risk: High Risk","Risk Reference Prices (Current: 0.09) | Lower Warning: 0.08, Lower Danger: 0.08, Upper Warning: 0.09, Upper Danger: 0.09",WATCHLIST,Speculative,Acceptable,Balanced Aggressive,Watch / DCA Only,Growth Allocation,High Risk | Speculative | Acceptable,37.94,Suitable for investors willing to accept higher volatility in exchange for stronger growth potential. Current weakness suggests observation or gradual accumulation only.
VTHO/USDT,MATURE,0,Downward,-1,-0.47,35,46.07,Neutral,-0.5,High Risk,Caution,7.2,10.7,D,Underweight,Conservative Allocation,-2.139000189,"WATCHLIST: Reference return -0.5%, Safety 7.2/100, Risk: High Risk","Risk Reference Prices (Current: 0.00) | Lower Warning: 0.0, Lower Danger: 0.0, Upper Warning: 0.0, Upper Danger: 0.0",WATCHLIST,Speculative,Weak,Speculative,High Risk Tactical Only,Tactical Satellite Position,High Risk | Speculative | Weak,19.41,"Suitable only for high-risk tactical or speculative positioning. Current profile is only suitable for tactical, high-risk participation."
ACT/USDT,MATURE,0.01,Downward,-1,-2.71,20,42.69,Neutral,-1.79,High Risk,Caution,0,-7.1,D,Underweight,Conservative Allocation,-0.903552338,"WATCHLIST: Reference return -1.8%, Safety 0.0/100, Risk: High Risk","Risk Reference Prices (Current: 0.01) | Lower Warning: 0.01, Lower Danger: 0.01, Upper Warning: 0.01, Upper Danger: 0.01",WATCHLIST,Speculative,Fragile,Speculative,Avoid / Too Fragile,Tactical Satellite Position,High Risk | Speculative | Fragile,3.36,Suitable only for high-risk tactical or speculative positioning. Current profile appears too fragile for normal allocation.
MOB/USDT,MATURE,0.06,Downward,-1,-2.89,30,47.33,Neutral,2.14,High Risk,Caution,0,-1.3,D,Underweight,Conservative Allocation,-0.055585877,"WATCHLIST: Reference return 2.1%, Safety 0.0/100, Risk: High Risk","Risk Reference Prices (Current: 0.06) | Lower Warning: 0.06, Lower Danger: 0.06, Upper Warning: 0.07, Upper Danger: 0.07",WATCHLIST,Speculative,Fragile,Speculative,Avoid / Too Fragile,Tactical Satellite Position,High Risk | Speculative | Fragile,6.62,Suitable only for high-risk tactical or speculative positioning. Current profile appears too fragile for normal allocation.
CLV/USDT,MATURE,0.03,Downward,-1,-0.7,20,36.38,Bearish,-5.74,High Risk,Caution,0,2.7,D,Underweight,Conservative Allocation,0.35306764,"WATCHLIST: Reference return -5.7%, Safety 0.0/100, Risk: High Risk","Risk Reference Prices (Current: 0.03) | Lower Warning: 0.03, Lower Danger: 0.03, Upper Warning: 0.03, Upper Danger: 0.03",WATCHLIST,Speculative,Fragile,Speculative,Avoid / Too Fragile,Tactical Satellite Position,High Risk | Speculative | Fragile,10.7,Suitable only for high-risk tactical or speculative positioning. Current profile appears too fragile for normal allocation.
A/USDT,MATURE,0.08,Downward,-1,0.21,50,45.53,Neutral,-1.23,High Risk,Caution,0,18.9,D,Underweight,Conservative Allocation,-2.706284638,"WATCHLIST: Reference return -1.2%, Safety 0.0/100, Risk: High Risk","Risk Reference Prices (Current: 0.08) | Lower Warning: 0.08, Lower Danger: 0.07, Upper Warning: 0.08, Upper Danger: 0.09",WATCHLIST,Speculative,Weak,Speculative,Watch / DCA Only,Tactical Satellite Position,High Risk | Speculative | Weak,23.25,Suitable only for high-risk tactical or speculative positioning. Current weakness suggests observation or gradual accumulation only.
KDA/USDT,MATURE,0.01,Downward,-1,0.38,55,26.98,Bearish,-12.68,High Risk,Caution,0,18.8,D,Underweight,Conservative Allocation,-2.903074158,"WATCHLIST: Reference return -12.7%, Safety 0.0/100, Risk: High Risk","Risk Reference Prices (Current: 0.01) | Lower Warning: 0.01, Lower Danger: 0.01, Upper Warning: 0.01, Upper Danger: 0.01",WATCHLIST,Speculative,Weak,Speculative,Watch / DCA Only,Tactical Satellite Position,High Risk | Speculative | Weak,22.54,Suitable only for high-risk tactical or speculative positioning. Current weakness suggests observation or gradual accumulation only.
SUSHI/USDT,MATURE,0.19,Downward,-1,0.21,50,45.69,Neutral,-1.16,High Risk,Caution,0,18.9,D,Underweight,Conservative Allocation,-1.69169885,"WATCHLIST: Reference return -1.2%, Safety 0.0/100, Risk: High Risk","Risk Reference Prices (Current: 0.19) | Lower Warning: 0.19, Lower Danger: 0.18, Upper Warning: 0.2, Upper Danger: 0.21",WATCHLIST,Speculative,Weak,Speculative,Watch / DCA Only,Tactical Satellite Position,High Risk | Speculative | Weak,23.26,Suitable only for high-risk tactical or speculative positioning. Current weakness suggests observation or gradual accumulation only.
VANA/USDT,MATURE,1.23,Downward,-1,-0.44,25,41.16,Neutral,-2.37,High Risk,Caution,0,6.8,D,Underweight,Conservative Allocation,-1.562816888,"WATCHLIST: Reference return -2.4%, Safety 0.0/100, Risk: High Risk","Risk Reference Prices (Current: 1.23) | Lower Warning: 1.17, Lower Danger: 1.11, Upper Warning: 1.3, Upper Danger: 1.36",WATCHLIST,Speculative,Fragile,Speculative,Avoid / Too Fragile,Tactical Satellite Position,High Risk | Speculative | Fragile,13.81,Suitable only for high-risk tactical or speculative positioning. Current profile appears too fragile for normal allocation.
MULTI/USDT,MATURE,0.83,Downward,-1,-1,30,43.03,Neutral,-3.05,High Risk,Caution,0,3.2,D,Underweight,Conservative Allocation,0.368582419,"WATCHLIST: Reference return -3.0%, Safety 0.0/100, Risk: High Risk","Risk Reference Prices (Current: 0.83) | Lower Warning: 0.79, Lower Danger: 0.75, Upper Warning: 0.88, Upper Danger: 0.92",WATCHLIST,Speculative,Fragile,Speculative,Avoid / Too Fragile,Tactical Satellite Position,High Risk | Speculative | Fragile,12.26,Suitable only for high-risk tactical or speculative positioning. Current profile appears too fragile for normal allocation.
SNT/USDT,MATURE,0.03,Downward,-1,1.44,70,39.12,Bearish,-3.8,High Risk,Caution,0,32.2,D,Underweight,Conservative Allocation,0.55090716,"WATCHLIST: Reference return -3.8%, Safety 0.0/100, Risk: High Risk","Risk Reference Prices (Current: 0.03) | Lower Warning: 0.03, Lower Danger: 0.02, Upper Warning: 0.03, Upper Danger: 0.03",WATCHLIST,Speculative,Acceptable,Balanced Aggressive,Watch / DCA Only,Growth Allocation,High Risk | Speculative | Acceptable,32.67,Suitable for investors willing to accept higher volatility in exchange for stronger growth potential. Current weakness suggests observation or gradual accumulation only.
WING/USDT,MATURE,0.33,Downward,-1,-1.99,10,34.34,Bearish,-3.5,High Risk,Caution,0,-8,D,Underweight,Conservative Allocation,-1.307308788,"WATCHLIST: Reference return -3.5%, Safety 0.0/100, Risk: High Risk","Risk Reference Prices (Current: 0.33) | Lower Warning: 0.31, Lower Danger: 0.29, Upper Warning: 0.34, Upper Danger: 0.36",WATCHLIST,Speculative,Fragile,Speculative,Avoid / Too Fragile,Tactical Satellite Position,High Risk | Speculative | Fragile,2.56,Suitable only for high-risk tactical or speculative positioning. Current profile appears too fragile for normal allocation.
DIA/USDT,MATURE,0.18,Downward,-1,0.19,50,44.02,Neutral,-1.04,High Risk,Caution,0,18.5,D,Underweight,Conservative Allocation,-1.39122664,"WATCHLIST: Reference return -1.0%, Safety 0.0/100, Risk: High Risk","Risk Reference Prices (Current: 0.18) | Lower Warning: 0.17, Lower Danger: 0.16, Upper Warning: 0.19, Upper Danger: 0.2",WATCHLIST,Speculative,Weak,Speculative,Watch / DCA Only,Tactical Satellite Position,High Risk | Speculative | Weak,22.93,Suitable only for high-risk tactical or speculative positioning. Current weakness suggests observation or gradual accumulation only.
NIL/USDT,MATURE,0.03,Downward,-1,-0.5,35,40.88,Neutral,-1.56,High Risk,Caution,0,8.2,D,Underweight,Conservative Allocation,-1.809270532,"WATCHLIST: Reference return -1.6%, Safety 0.0/100, Risk: High Risk","Risk Reference Prices (Current: 0.03) | Lower Warning: 0.03, Lower Danger: 0.03, Upper Warning: 0.04, Upper Danger: 0.04",WATCHLIST,Speculative,Fragile,Speculative,High Risk Tactical Only,Tactical Satellite Position,High Risk | Speculative | Fragile,15.55,"Suitable only for high-risk tactical or speculative positioning. Current profile is only suitable for tactical, high-risk participation."
SANTOS/USDT,MATURE,1.03,Downward,-1,-0.2,45,33.11,Bearish,-3.74,High Risk,Caution,0,12,D,Underweight,Conservative Allocation,-0.58793212,"WATCHLIST: Reference return -3.7%, Safety 0.0/100, Risk: High Risk","Risk Reference Prices (Current: 1.03) | Lower Warning: 0.98, Lower Danger: 0.93, Upper Warning: 1.09, Upper Danger: 1.14",WATCHLIST,Speculative,Weak,Speculative,High Risk Tactical Only,Tactical Satellite Position,High Risk | Speculative | Weak,18.16,"Suitable only for high-risk tactical or speculative positioning. Current profile is only suitable for tactical, high-risk participation."
MDT/USDT,MATURE,0.01,Downward,-1,-2.65,20,41.8,Neutral,-2.25,High Risk,Caution,1.3,-6.8,D,Underweight,Conservative Allocation,-1.379032673,"WATCHLIST: Reference return -2.2%, Safety 1.3/100, Risk: High Risk","Risk Reference Prices (Current: 0.01) | Lower Warning: 0.01, Lower Danger: 0.01, Upper Warning: 0.01, Upper Danger: 0.01",WATCHLIST,Speculative,Fragile,Speculative,Avoid / Too Fragile,Tactical Satellite Position,High Risk | Speculative | Fragile,3.97,Suitable only for high-risk tactical or speculative positioning. Current profile appears too fragile for normal allocation.
CVX/USDT,MATURE,1.74,Downward,-1,0.35,50,47.31,Neutral,-0.77,High Risk,Caution,2.6,21.1,D,Underweight,Conservative Allocation,-0.583527374,"WATCHLIST: Reference return -0.8%, Safety 2.6/100, Risk: High Risk","Risk Reference Prices (Current: 1.74) | Lower Warning: 1.65, Lower Danger: 1.57, Upper Warning: 1.83, Upper Danger: 1.91",WATCHLIST,Speculative,Weak,Speculative,Watch / DCA Only,Tactical Satellite Position,High Risk | Speculative | Weak,25.35,Suitable only for high-risk tactical or speculative positioning. Current weakness suggests observation or gradual accumulation only.
COW/USDT,MATURE,0.21,Upward,1,0.38,50,54.84,Neutral,1.8,High Risk,Caution,14.3,27.8,D,Underweight,Conservative Allocation,-0.339662142,"WATCHLIST: Reference return 1.8%, Safety 14.3/100, Risk: High Risk","Risk Reference Prices (Current: 0.21) | Lower Warning: 0.2, Lower Danger: 0.19, Upper Warning: 0.22, Upper Danger: 0.23",WATCHLIST,Risky,Acceptable,Balanced Aggressive,Selective Exposure,Growth Allocation,High Risk | Risky | Acceptable,32.28,Suitable for investors willing to accept higher volatility in exchange for stronger growth potential. Current setup allows selective exposure under controlled sizing.
COMBO/USDT,MATURE,0.03,Downward,-1,-1.08,40,33.44,Bearish,-9.31,High Risk,Caution,0,3.2,D,Underweight,Conservative Allocation,-2.245002786,"WATCHLIST: Reference return -9.3%, Safety 0.0/100, Risk: High Risk","Risk Reference Prices (Current: 0.03) | Lower Warning: 0.03, Lower Danger: 0.02, Upper Warning: 0.03, Upper Danger: 0.03",WATCHLIST,Speculative,Fragile,Speculative,Avoid / Too Fragile,Tactical Satellite Position,High Risk | Speculative | Fragile,12.6,Suitable only for high-risk tactical or speculative positioning. Current profile appears too fragile for normal allocation.
EPX/USDT,MATURE,0,Downward,-1,-1.78,40,37.36,Bearish,-6.04,High Risk,Caution,0,-0.6,D,Underweight,Conservative Allocation,-1.6834087,"WATCHLIST: Reference return -6.0%, Safety 0.0/100, Risk: High Risk","Risk Reference Prices (Current: 0.00) | Lower Warning: 0.0, Lower Danger: 0.0, Upper Warning: 0.0, Upper Danger: 0.0",WATCHLIST,Speculative,Fragile,Speculative,Avoid / Too Fragile,Tactical Satellite Position,High Risk | Speculative | Fragile,10.11,Suitable only for high-risk tactical or speculative positioning. Current profile appears too fragile for normal allocation.
API3/USDT,MATURE,0.27,Downward,-1,0.2,50,43.64,Neutral,-0.92,High Risk,Caution,2.6,19.1,D,Underweight,Conservative Allocation,-1.704084045,"WATCHLIST: Reference return -0.9%, Safety 2.6/100, Risk: High Risk","Risk Reference Prices (Current: 0.27) | Lower Warning: 0.26, Lower Danger: 0.24, Upper Warning: 0.29, Upper Danger: 0.3",WATCHLIST,Speculative,Weak,Speculative,Watch / DCA Only,Tactical Satellite Position,High Risk | Speculative | Weak,24,Suitable only for high-risk tactical or speculative positioning. Current weakness suggests observation or gradual accumulation only.
C98/USDT,MATURE,0.02,Upward,1,-2.26,20,49.09,Neutral,-2.09,High Risk,Caution,3.5,-4.2,D,Underweight,Conservative Allocation,-0.231548987,"WATCHLIST: Reference return -2.1%, Safety 3.5/100, Risk: High Risk","Risk Reference Prices (Current: 0.02) | Lower Warning: 0.02, Lower Danger: 0.02, Upper Warning: 0.02, Upper Danger: 0.03",WATCHLIST,Speculative,Fragile,Speculative,Avoid / Too Fragile,Tactical Satellite Position,High Risk | Speculative | Fragile,7.22,Suitable only for high-risk tactical or speculative positioning. Current profile appears too fragile for normal allocation.
MDX/USDT,MATURE,0.03,Downward,-1,-0.84,35,39.1,Bearish,-5.31,High Risk,Caution,0,4.9,D,Underweight,Conservative Allocation,0.254161286,"WATCHLIST: Reference return -5.3%, Safety 0.0/100, Risk: High Risk","Risk Reference Prices (Current: 0.03) | Lower Warning: 0.03, Lower Danger: 0.03, Upper Warning: 0.04, Upper Danger: 0.04",WATCHLIST,Speculative,Fragile,Speculative,Avoid / Too Fragile,Tactical Satellite Position,High Risk | Speculative | Fragile,13.53,Suitable only for high-risk tactical or speculative positioning. Current profile appears too fragile for normal allocation.
ACX/USDT,MATURE,0.04,Downward,-1,-1.69,55,51.32,Neutral,-0.91,High Risk,Caution,7.7,6.5,D,Underweight,Conservative Allocation,-0.793083608,"WATCHLIST: Reference return -0.9%, Safety 7.7/100, Risk: High Risk","Risk Reference Prices (Current: 0.04) | Lower Warning: 0.04, Lower Danger: 0.04, Upper Warning: 0.04, Upper Danger: 0.05",WATCHLIST,Speculative,Fragile,Speculative,Avoid / Too Fragile,Tactical Satellite Position,High Risk | Speculative | Fragile,18.8,Suitable only for high-risk tactical or speculative positioning. Current profile appears too fragile for normal allocation.
AGLD/USDT,MATURE,0.24,Downward,-1,0.28,50,49.32,Neutral,-0.43,High Risk,Caution,1,20.4,D,Underweight,Conservative Allocation,-0.841582871,"WATCHLIST: Reference return -0.4%, Safety 1.0/100, Risk: High Risk","Risk Reference Prices (Current: 0.24) | Lower Warning: 0.23, Lower Danger: 0.22, Upper Warning: 0.25, Upper Danger: 0.26",WATCHLIST,Speculative,Weak,Speculative,Watch / DCA Only,Tactical Satellite Position,High Risk | Speculative | Weak,24.6,Suitable only for high-risk tactical or speculative positioning. Current weakness suggests observation or gradual accumulation only.
PORTAL/USDT,MATURE,0.01,Downward,-1,-0.48,35,35.75,Bearish,-5.93,High Risk,Caution,0,7.7,D,Underweight,Conservative Allocation,-1.645540422,"WATCHLIST: Reference return -5.9%, Safety 0.0/100, Risk: High Risk","Risk Reference Prices (Current: 0.01) | Lower Warning: 0.01, Lower Danger: 0.01, Upper Warning: 0.01, Upper Danger: 0.01",WATCHLIST,Speculative,Fragile,Speculative,Avoid / Too Fragile,Tactical Satellite Position,High Risk | Speculative | Fragile,14.94,Suitable only for high-risk tactical or speculative positioning. Current profile appears too fragile for normal allocation.
SLF/USDT,MATURE,0.02,Downward,-1,-0.43,45,36.52,Bearish,-4.35,High Risk,Caution,0,10.2,D,Underweight,Conservative Allocation,-0.978923391,"WATCHLIST: Reference return -4.3%, Safety 0.0/100, Risk: High Risk","Risk Reference Prices (Current: 0.02) | Lower Warning: 0.02, Lower Danger: 0.02, Upper Warning: 0.02, Upper Danger: 0.02",WATCHLIST,Speculative,Weak,Speculative,High Risk Tactical Only,Tactical Satellite Position,High Risk | Speculative | Weak,17.39,"Suitable only for high-risk tactical or speculative positioning. Current profile is only suitable for tactical, high-risk participation."
BLUR/USDT,MATURE,0.02,Downward,-1,1.58,75,44.71,Neutral,-2.02,High Risk,Caution,0,34.9,D,Underweight,Conservative Allocation,-1.780418836,"WATCHLIST: Reference return -2.0%, Safety 0.0/100, Risk: High Risk","Risk Reference Prices (Current: 0.02) | Lower Warning: 0.02, Lower Danger: 0.02, Upper Warning: 0.02, Upper Danger: 0.02",WATCHLIST,Speculative,Acceptable,Balanced Aggressive,Watch / DCA Only,Growth Allocation,High Risk | Speculative | Acceptable,35.14,Suitable for investors willing to accept higher volatility in exchange for stronger growth potential. Current weakness suggests observation or gradual accumulation only.
YFI/USDT,MATURE,2494,Downward,-1,0.34,60,46.26,Neutral,-1.92,High Risk,Caution,18.8,26.1,D,Underweight,Conservative Allocation,-1.60371758,"WATCHLIST: Reference return -1.9%, Safety 18.8/100, Risk: High Risk","Risk Reference Prices (Current: 2494.00) | Lower Warning: 2369.3, Lower Danger: 2244.6, Upper Warning: 2618.7, Upper Danger: 2743.4",WATCHLIST,Risky,Acceptable,Balanced Aggressive,Watch / DCA Only,Growth Allocation,High Risk | Risky | Acceptable,33.89,Suitable for investors willing to accept higher volatility in exchange for stronger growth potential. Current weakness suggests observation or gradual accumulation only.
OXT/USDT,MATURE,0.02,Downward,-1,0.2,50,43.34,Neutral,-3.1,High Risk,Caution,0,18.5,D,Underweight,Conservative Allocation,-2.109847162,"WATCHLIST: Reference return -3.1%, Safety 0.0/100, Risk: High Risk","Risk Reference Prices (Current: 0.01) | Lower Warning: 0.01, Lower Danger: 0.01, Upper Warning: 0.02, Upper Danger: 0.02",WATCHLIST,Speculative,Weak,Speculative,Watch / DCA Only,Tactical Satellite Position,High Risk | Speculative | Weak,22.88,Suitable only for high-risk tactical or speculative positioning. Current weakness suggests observation or gradual accumulation only.
XEM/USDT,MATURE,0.02,Downward,-1,-1.71,40,39.5,Bearish,-3.83,High Risk,Caution,0,0.1,D,Underweight,Conservative Allocation,-0.879266776,"WATCHLIST: Reference return -3.8%, Safety 0.0/100, Risk: High Risk","Risk Reference Prices (Current: 0.02) | Lower Warning: 0.02, Lower Danger: 0.01, Upper Warning: 0.02, Upper Danger: 0.02",WATCHLIST,Speculative,Fragile,Speculative,Avoid / Too Fragile,Tactical Satellite Position,High Risk | Speculative | Fragile,10.7,Suitable only for high-risk tactical or speculative positioning. Current profile appears too fragile for normal allocation.
SKL/USDT,MATURE,0.01,Downward,-1,0.87,65,45.93,Neutral,-1.29,High Risk,Caution,0,28.1,D,Underweight,Conservative Allocation,-1.869612562,"WATCHLIST: Reference return -1.3%, Safety 0.0/100, Risk: High Risk","Risk Reference Prices (Current: 0.01) | Lower Warning: 0.01, Lower Danger: 0.01, Upper Warning: 0.01, Upper Danger: 0.01",WATCHLIST,Speculative,Acceptable,Balanced Aggressive,Watch / DCA Only,Growth Allocation,High Risk | Speculative | Acceptable,29.95,Suitable for investors willing to accept higher volatility in exchange for stronger growth potential. Current weakness suggests observation or gradual accumulation only.
LISTA/USDT,MATURE,0.09,Downward,-1,1.99,85,44.54,Neutral,-2.04,High Risk,Caution,0,38.9,C,Caution,Risk Mitigation,-0.867277181,"WATCHLIST: Reference return -2.0%, Safety 0.0/100, Risk: High Risk","Risk Reference Prices (Current: 0.09) | Lower Warning: 0.08, Lower Danger: 0.08, Upper Warning: 0.09, Upper Danger: 0.1",WATCHLIST,Speculative,Acceptable,Balanced Aggressive,Watch / DCA Only,Growth Allocation,High Risk | Speculative | Acceptable,38.85,Suitable for investors willing to accept higher volatility in exchange for stronger growth potential. Current weakness suggests observation or gradual accumulation only.
ZKP/USDT,MATURE,0.07,Unknown,0,-0.5,15,41.16,Neutral,-2.98,High Risk,Caution,3.5,5,D,Underweight,Conservative Allocation,-1.641194302,"WATCHLIST: Reference return -3.0%, Safety 3.5/100, Risk: High Risk","Risk Reference Prices (Current: 0.07) | Lower Warning: 0.07, Lower Danger: 0.06, Upper Warning: 0.07, Upper Danger: 0.08",WATCHLIST,Speculative,Fragile,Speculative,Avoid / Too Fragile,Tactical Satellite Position,High Risk | Speculative | Fragile,12.84,Suitable only for high-risk tactical or speculative positioning. Current profile appears too fragile for normal allocation.
BETA/USDT,MATURE,0,Downward,-1,-1.08,40,34.67,Bearish,-7.11,High Risk,Caution,0,3.3,D,Underweight,Conservative Allocation,-3.361761877,"WATCHLIST: Reference return -7.1%, Safety 0.0/100, Risk: High Risk","Risk Reference Prices (Current: 0.00) | Lower Warning: 0.0, Lower Danger: 0.0, Upper Warning: 0.0, Upper Danger: 0.0",WATCHLIST,Speculative,Fragile,Speculative,Avoid / Too Fragile,Tactical Satellite Position,High Risk | Speculative | Fragile,12.76,Suitable only for high-risk tactical or speculative positioning. Current profile appears too fragile for normal allocation.
ANIME/USDT,MATURE,0,Downward,-1,-1.44,55,43.55,Neutral,-1.83,High Risk,Caution,0,5.2,D,Underweight,Conservative Allocation,-1.144273647,"WATCHLIST: Reference return -1.8%, Safety 0.0/100, Risk: High Risk","Risk Reference Prices (Current: 0.00) | Lower Warning: 0.0, Lower Danger: 0.0, Upper Warning: 0.0, Upper Danger: 0.01",WATCHLIST,Speculative,Fragile,Speculative,Avoid / Too Fragile,Tactical Satellite Position,High Risk | Speculative | Fragile,15.56,Suitable only for high-risk tactical or speculative positioning. Current profile appears too fragile for normal allocation.
COTI/USDT,MATURE,0.01,Downward,-1,1.49,75,49.38,Neutral,1.26,High Risk,Caution,0,37.1,C,Caution,Risk Mitigation,-1.072347571,"WATCHLIST: Reference return 1.3%, Safety 0.0/100, Risk: High Risk","Risk Reference Prices (Current: 0.01) | Lower Warning: 0.01, Lower Danger: 0.01, Upper Warning: 0.01, Upper Danger: 0.01",WATCHLIST,Speculative,Acceptable,Balanced Aggressive,Watch / DCA Only,Growth Allocation,High Risk | Speculative | Acceptable,36.04,Suitable for investors willing to accept higher volatility in exchange for stronger growth potential. Current weakness suggests observation or gradual accumulation only.
ATM/USDT,MATURE,0.99,Downward,-1,-0.07,25,47.96,Neutral,-2.69,Low Risk,Caution,31.7,17.8,D,Underweight,Conservative Allocation,-0.237307852,"WATCHLIST: Reference return -2.7%, Safety 31.7/100, Risk: Low Risk","Risk Reference Prices (Current: 0.99) | Lower Warning: 0.94, Lower Danger: 0.89, Upper Warning: 1.04, Upper Danger: 1.09",WATCHLIST,Caution,Weak,Moderately Conservative,Watch / DCA Only,Core Allocation,Low Risk | Caution | Weak,29.81,"Suitable as a relatively stable core risk asset, but current conditions require caution. Current weakness suggests observation or gradual accumulation only."
KMNO/USDT,MATURE,0.02,Downward,-1,-0.49,25,34.76,Bearish,-6.5,High Risk,Caution,0,5.4,D,Underweight,Conservative Allocation,-2.132570086,"WATCHLIST: Reference return -6.5%, Safety 0.0/100, Risk: High Risk","Risk Reference Prices (Current: 0.02) | Lower Warning: 0.02, Lower Danger: 0.02, Upper Warning: 0.02, Upper Danger: 0.02",WATCHLIST,Speculative,Fragile,Speculative,Avoid / Too Fragile,Tactical Satellite Position,High Risk | Speculative | Fragile,12.62,Suitable only for high-risk tactical or speculative positioning. Current profile appears too fragile for normal allocation.
MANA/USDT,MATURE,0.09,Downward,-1,0.2,50,42.47,Neutral,-1.18,High Risk,Caution,0,18.4,D,Underweight,Conservative Allocation,-1.956962762,"WATCHLIST: Reference return -1.2%, Safety 0.0/100, Risk: High Risk","Risk Reference Prices (Current: 0.09) | Lower Warning: 0.08, Lower Danger: 0.08, Upper Warning: 0.09, Upper Danger: 0.1",WATCHLIST,Speculative,Weak,Speculative,Watch / DCA Only,Tactical Satellite Position,High Risk | Speculative | Weak,22.77,Suitable only for high-risk tactical or speculative positioning. Current weakness suggests observation or gradual accumulation only.
HIGH/USDT,MATURE,0.14,Downward,-1,0.18,50,43.32,Neutral,-1.37,High Risk,Caution,0,18.3,D,Underweight,Conservative Allocation,-1.820934331,"WATCHLIST: Reference return -1.4%, Safety 0.0/100, Risk: High Risk","Risk Reference Prices (Current: 0.14) | Lower Warning: 0.13, Lower Danger: 0.12, Upper Warning: 0.14, Upper Danger: 0.15",WATCHLIST,Speculative,Weak,Speculative,Watch / DCA Only,Tactical Satellite Position,High Risk | Speculative | Weak,22.77,Suitable only for high-risk tactical or speculative positioning. Current weakness suggests observation or gradual accumulation only.
STMX/USDT,MATURE,0,Downward,-1,0.52,70,40.14,Neutral,-2.16,High Risk,Caution,0,25.1,D,Underweight,Conservative Allocation,-0.088058189,"WATCHLIST: Reference return -2.2%, Safety 0.0/100, Risk: High Risk","Risk Reference Prices (Current: 0.00) | Lower Warning: 0.0, Lower Danger: 0.0, Upper Warning: 0.0, Upper Danger: 0.01",WATCHLIST,Speculative,Acceptable,Balanced Aggressive,Watch / DCA Only,Growth Allocation,High Risk | Speculative | Acceptable,28.34,Suitable for investors willing to accept higher volatility in exchange for stronger growth potential. Current weakness suggests observation or gradual accumulation only.
SCR/USDT,MATURE,0.04,Downward,-1,0.18,50,42.47,Neutral,-0.64,High Risk,Caution,0,18.2,D,Underweight,Conservative Allocation,-2.548855575,"WATCHLIST: Reference return -0.6%, Safety 0.0/100, Risk: High Risk","Risk Reference Prices (Current: 0.04) | Lower Warning: 0.04, Lower Danger: 0.04, Upper Warning: 0.05, Upper Danger: 0.05",WATCHLIST,Speculative,Weak,Speculative,Watch / DCA Only,Tactical Satellite Position,High Risk | Speculative | Weak,22.66,Suitable only for high-risk tactical or speculative positioning. Current weakness suggests observation or gradual accumulation only.
BMT/USDT,MATURE,0.02,Downward,-1,0.48,70,44.2,Neutral,-2.25,High Risk,Caution,0,25.3,D,Underweight,Conservative Allocation,-2.037841278,"WATCHLIST: Reference return -2.2%, Safety 0.0/100, Risk: High Risk","Risk Reference Prices (Current: 0.02) | Lower Warning: 0.01, Lower Danger: 0.01, Upper Warning: 0.02, Upper Danger: 0.02",WATCHLIST,Speculative,Acceptable,Balanced Aggressive,Watch / DCA Only,Growth Allocation,High Risk | Speculative | Acceptable,28.71,Suitable for investors willing to accept higher volatility in exchange for stronger growth potential. Current weakness suggests observation or gradual accumulation only.
SUPER/USDT,MATURE,0.1,Downward,-1,-2.25,10,42.22,Neutral,-2.58,High Risk,Caution,0,-7.9,D,Underweight,Conservative Allocation,-2.243569149,"WATCHLIST: Reference return -2.6%, Safety 0.0/100, Risk: High Risk","Risk Reference Prices (Current: 0.10) | Lower Warning: 0.09, Lower Danger: 0.09, Upper Warning: 0.1, Upper Danger: 0.11",WATCHLIST,Speculative,Fragile,Speculative,Avoid / Too Fragile,Tactical Satellite Position,High Risk | Speculative | Fragile,2.73,Suitable only for high-risk tactical or speculative positioning. Current profile appears too fragile for normal allocation.
STEEM/USDT,MATURE,0.06,Downward,-1,-1.14,45,52.52,Neutral,-0.31,High Risk,Caution,2.5,7.1,D,Underweight,Conservative Allocation,-0.86802125,"WATCHLIST: Reference return -0.3%, Safety 2.5/100, Risk: High Risk","Risk Reference Prices (Current: 0.06) | Lower Warning: 0.06, Lower Danger: 0.05, Upper Warning: 0.06, Upper Danger: 0.06",WATCHLIST,Speculative,Fragile,Speculative,Avoid / Too Fragile,Tactical Satellite Position,High Risk | Speculative | Fragile,17.16,Suitable only for high-risk tactical or speculative positioning. Current profile appears too fragile for normal allocation.
POLS/USDT,MATURE,0.31,Downward,-1,-0.4,45,32.17,Bearish,-5.42,High Risk,Caution,0,9.9,D,Underweight,Conservative Allocation,-1.37161679,"WATCHLIST: Reference return -5.4%, Safety 0.0/100, Risk: High Risk","Risk Reference Prices (Current: 0.31) | Lower Warning: 0.29, Lower Danger: 0.28, Upper Warning: 0.32, Upper Danger: 0.34",WATCHLIST,Speculative,Fragile,Speculative,High Risk Tactical Only,Tactical Satellite Position,High Risk | Speculative | Fragile,16.94,"Suitable only for high-risk tactical or speculative positioning. Current profile is only suitable for tactical, high-risk participation."
MOVR/USDT,MATURE,1.16,Downward,-1,1.56,75,39.5,Bearish,-5.11,High Risk,Caution,0,34,D,Underweight,Conservative Allocation,-2.345144708,"WATCHLIST: Reference return -5.1%, Safety 0.0/100, Risk: High Risk","Risk Reference Prices (Current: 1.17) | Lower Warning: 1.11, Lower Danger: 1.05, Upper Warning: 1.22, Upper Danger: 1.28",WATCHLIST,Speculative,Acceptable,Balanced Aggressive,Watch / DCA Only,Growth Allocation,High Risk | Speculative | Acceptable,34.3,Suitable for investors willing to accept higher volatility in exchange for stronger growth potential. Current weakness suggests observation or gradual accumulation only.
UTK/USDT,MATURE,0.01,Downward,-1,-3.35,30,43.16,Neutral,-1.22,High Risk,Caution,0,-6.2,D,Underweight,Conservative Allocation,-1.821006202,"WATCHLIST: Reference return -1.2%, Safety 0.0/100, Risk: High Risk","Risk Reference Prices (Current: 0.01) | Lower Warning: 0.01, Lower Danger: 0.01, Upper Warning: 0.01, Upper Danger: 0.01",WATCHLIST,Speculative,Fragile,Speculative,Avoid / Too Fragile,Tactical Satellite Position,High Risk | Speculative | Fragile,3.58,Suitable only for high-risk tactical or speculative positioning. Current profile appears too fragile for normal allocation.
PSG/USDT,MATURE,0.83,Upward,1,1.82,100,54.27,Neutral,0.65,High Risk,Caution,19.6,47.6,C+,Watchlist,Double Check,-1.428615379,"WATCHLIST: Reference return 0.7%, Safety 19.6/100, Risk: High Risk","Risk Reference Prices (Current: 0.83) | Lower Warning: 0.79, Lower Danger: 0.75, Upper Warning: 0.87, Upper Danger: 0.92",WATCHLIST,Risky,Strong,Balanced Aggressive,Selective Exposure,Growth Allocation,High Risk | Risky | Strong,51.12,Suitable for investors willing to accept higher volatility in exchange for stronger growth potential. Current setup allows selective exposure under controlled sizing.
CREAM/USDT,MATURE,2.1,Downward,-1,-2.58,20,34.54,Bearish,-6.59,High Risk,Caution,0,-8,D,Underweight,Conservative Allocation,-1.174816242,"WATCHLIST: Reference return -6.6%, Safety 0.0/100, Risk: High Risk","Risk Reference Prices (Current: 2.10) | Lower Warning: 2.0, Lower Danger: 1.89, Upper Warning: 2.2, Upper Danger: 2.31",WATCHLIST,Speculative,Fragile,Speculative,Avoid / Too Fragile,Tactical Satellite Position,High Risk | Speculative | Fragile,2.6,Suitable only for high-risk tactical or speculative positioning. Current profile appears too fragile for normal allocation.
ALPACA/USDT,MATURE,0.22,Upward,1,4.22,100,36.93,Bearish,-7.46,High Risk,Caution,0,45,C+,Watchlist,Double Check,1.191548491,"ATTENTION: Reference return -7.5%, Safety 0.0/100, Risk: High Risk","Risk Reference Prices (Current: 0.22) | Lower Warning: 0.21, Lower Danger: 0.2, Upper Warning: 0.24, Upper Danger: 0.25",ATTENTION,Speculative,Strong,Balanced Aggressive,Selective Exposure,Growth Allocation,High Risk | Speculative | Strong,47.74,Suitable for investors willing to accept higher volatility in exchange for stronger growth potential. Current setup allows selective exposure under controlled sizing.
HYPER/USDT,MATURE,0.09,Downward,-1,0.42,60,43.77,Neutral,-2.46,High Risk,Caution,0,22.7,D,Underweight,Conservative Allocation,-1.288093504,"WATCHLIST: Reference return -2.5%, Safety 0.0/100, Risk: High Risk","Risk Reference Prices (Current: 0.09) | Lower Warning: 0.08, Lower Danger: 0.08, Upper Warning: 0.09, Upper Danger: 0.09",WATCHLIST,Speculative,Weak,Speculative,Watch / DCA Only,Tactical Satellite Position,High Risk | Speculative | Weak,26.24,Suitable only for high-risk tactical or speculative positioning. Current weakness suggests observation or gradual accumulation only.
SAPIEN/USDT,MATURE,0.07,Downward,-1,0.19,50,41.02,Neutral,-2.62,High Risk,Caution,0,18,D,Underweight,Conservative Allocation,-1.422753346,"WATCHLIST: Reference return -2.6%, Safety 0.0/100, Risk: High Risk","Risk Reference Prices (Current: 0.07) | Lower Warning: 0.06, Lower Danger: 0.06, Upper Warning: 0.07, Upper Danger: 0.07",WATCHLIST,Speculative,Weak,Speculative,Watch / DCA Only,Tactical Satellite Position,High Risk | Speculative | Weak,22.48,Suitable only for high-risk tactical or speculative positioning. Current weakness suggests observation or gradual accumulation only.
CVC/USDT,MATURE,0.03,Downward,-1,0.44,70,45.33,Neutral,-1.92,High Risk,Caution,7.8,26.7,D,Underweight,Conservative Allocation,-1.762477274,"WATCHLIST: Reference return -1.9%, Safety 7.8/100, Risk: High Risk","Risk Reference Prices (Current: 0.03) | Lower Warning: 0.03, Lower Danger: 0.03, Upper Warning: 0.03, Upper Danger: 0.03",WATCHLIST,Speculative,Acceptable,Balanced Aggressive,Watch / DCA Only,Growth Allocation,High Risk | Speculative | Acceptable,31.87,Suitable for investors willing to accept higher volatility in exchange for stronger growth potential. Current weakness suggests observation or gradual accumulation only.
CTXC/USDT,MATURE,0.06,Downward,-1,-1.41,40,37.13,Bearish,-5.24,High Risk,Caution,0,1.4,D,Underweight,Conservative Allocation,-0.141306143,"WATCHLIST: Reference return -5.2%, Safety 0.0/100, Risk: High Risk","Risk Reference Prices (Current: 0.06) | Lower Warning: 0.06, Lower Danger: 0.06, Upper Warning: 0.07, Upper Danger: 0.07",WATCHLIST,Speculative,Fragile,Speculative,Avoid / Too Fragile,Tactical Satellite Position,High Risk | Speculative | Fragile,11.61,Suitable only for high-risk tactical or speculative positioning. Current profile appears too fragile for normal allocation.
DOGS/USDT,MATURE,0,Downward,-1,0.21,50,46.58,Neutral,-2.21,High Risk,Caution,0,19.1,D,Underweight,Conservative Allocation,-1.587440933,"WATCHLIST: Reference return -2.2%, Safety 0.0/100, Risk: High Risk","Risk Reference Prices (Current: 0.00) | Lower Warning: 0.0, Lower Danger: 0.0, Upper Warning: 0.0, Upper Danger: 0.0",WATCHLIST,Speculative,Weak,Speculative,Watch / DCA Only,Tactical Satellite Position,High Risk | Speculative | Weak,23.41,Suitable only for high-risk tactical or speculative positioning. Current weakness suggests observation or gradual accumulation only.
SOPH/USDT,MATURE,0.01,Downward,-1,-1.88,55,43.77,Neutral,-0.86,High Risk,Caution,0,2.9,D,Underweight,Conservative Allocation,-1.326297793,"WATCHLIST: Reference return -0.9%, Safety 0.0/100, Risk: High Risk","Risk Reference Prices (Current: 0.01) | Lower Warning: 0.01, Lower Danger: 0.01, Upper Warning: 0.01, Upper Danger: 0.01",WATCHLIST,Speculative,Fragile,Speculative,Avoid / Too Fragile,Tactical Satellite Position,High Risk | Speculative | Fragile,13.8,Suitable only for high-risk tactical or speculative positioning. Current profile appears too fragile for normal allocation.
UMA/USDT,MATURE,0.41,Downward,-1,0.2,50,41.29,Neutral,-2.75,High Risk,Caution,1.7,18.5,D,Underweight,Conservative Allocation,-1.471146944,"WATCHLIST: Reference return -2.8%, Safety 1.7/100, Risk: High Risk","Risk Reference Prices (Current: 0.41) | Lower Warning: 0.39, Lower Danger: 0.37, Upper Warning: 0.43, Upper Danger: 0.45",WATCHLIST,Speculative,Weak,Speculative,Watch / DCA Only,Tactical Satellite Position,High Risk | Speculative | Weak,23.27,Suitable only for high-risk tactical or speculative positioning. Current weakness suggests observation or gradual accumulation only.
RARE/USDT,MATURE,0.01,Downward,-1,0.18,50,38.99,Bearish,-1.87,High Risk,Caution,0,17.6,D,Underweight,Conservative Allocation,-1.75551726,"WATCHLIST: Reference return -1.9%, Safety 0.0/100, Risk: High Risk","Risk Reference Prices (Current: 0.01) | Lower Warning: 0.01, Lower Danger: 0.01, Upper Warning: 0.02, Upper Danger: 0.02",WATCHLIST,Speculative,Weak,Speculative,Watch / DCA Only,Tactical Satellite Position,High Risk | Speculative | Weak,22.13,Suitable only for high-risk tactical or speculative positioning. Current weakness suggests observation or gradual accumulation only.
BTS/USDT,MATURE,0.01,Downward,-1,-1.11,30,48.91,Neutral,0.82,High Risk,Caution,0,4.6,D,Underweight,Conservative Allocation,-0.046906157,"WATCHLIST: Reference return 0.8%, Safety 0.0/100, Risk: High Risk","Risk Reference Prices (Current: 0.01) | Lower Warning: 0.01, Lower Danger: 0.0, Upper Warning: 0.01, Upper Danger: 0.01",WATCHLIST,Speculative,Fragile,Speculative,Avoid / Too Fragile,Tactical Satellite Position,High Risk | Speculative | Fragile,13,Suitable only for high-risk tactical or speculative positioning. Current profile appears too fragile for normal allocation.
ONE/USDT,MATURE,0,Downward,-1,0.18,50,43.1,Neutral,-1.06,High Risk,Caution,0,18.3,D,Underweight,Conservative Allocation,-1.815018356,"WATCHLIST: Reference return -1.1%, Safety 0.0/100, Risk: High Risk","Risk Reference Prices (Current: 0.00) | Lower Warning: 0.0, Lower Danger: 0.0, Upper Warning: 0.0, Upper Danger: 0.0",WATCHLIST,Speculative,Weak,Speculative,Watch / DCA Only,Tactical Satellite Position,High Risk | Speculative | Weak,22.75,Suitable only for high-risk tactical or speculative positioning. Current weakness suggests observation or gradual accumulation only.
PNT/USDT,MATURE,0.04,Downward,-1,-1.34,40,49.87,Neutral,1.85,High Risk,Caution,0,6.8,D,Underweight,Conservative Allocation,-0.220170564,"WATCHLIST: Reference return 1.8%, Safety 0.0/100, Risk: High Risk","Risk Reference Prices (Current: 0.04) | Lower Warning: 0.03, Lower Danger: 0.03, Upper Warning: 0.04, Upper Danger: 0.04",WATCHLIST,Speculative,Fragile,Speculative,Avoid / Too Fragile,Tactical Satellite Position,High Risk | Speculative | Fragile,14.68,Suitable only for high-risk tactical or speculative positioning. Current profile appears too fragile for normal allocation.
HOT/USDT,MATURE,0,Downward,-1,-1.35,45,51.04,Neutral,0,High Risk,Caution,14.8,7.9,D,Underweight,Conservative Allocation,-1.08078494,"WATCHLIST: Reference return 0.0%, Safety 14.8/100, Risk: High Risk","Risk Reference Prices (Current: 0.00) | Lower Warning: 0.0, Lower Danger: 0.0, Upper Warning: 0.0, Upper Danger: 0.0",WATCHLIST,Risky,Fragile,Speculative,Avoid / Too Fragile,Tactical Satellite Position,High Risk | Risky | Fragile,21.03,Suitable only for high-risk tactical or speculative positioning. Current profile appears too fragile for normal allocation.
FLM/USDT,MATURE,0.02,Downward,-1,-2.3,20,38.39,Bearish,-2.53,High Risk,Caution,0,-6.6,D,Underweight,Conservative Allocation,-0.125600927,"WATCHLIST: Reference return -2.5%, Safety 0.0/100, Risk: High Risk","Risk Reference Prices (Current: 0.02) | Lower Warning: 0.02, Lower Danger: 0.02, Upper Warning: 0.02, Upper Danger: 0.02",WATCHLIST,Speculative,Fragile,Speculative,Avoid / Too Fragile,Tactical Satellite Position,High Risk | Speculative | Fragile,4.11,Suitable only for high-risk tactical or speculative positioning. Current profile appears too fragile for normal allocation.
ASR/USDT,MATURE,1.24,Downward,-1,0.32,50,45.86,Neutral,-1.88,High Risk,Caution,18,23.6,D,Underweight,Conservative Allocation,-0.741576397,"WATCHLIST: Reference return -1.9%, Safety 18.0/100, Risk: High Risk","Risk Reference Prices (Current: 1.24) | Lower Warning: 1.18, Lower Danger: 1.12, Upper Warning: 1.3, Upper Danger: 1.36",WATCHLIST,Risky,Weak,Aggressive Growth,Watch / DCA Only,High-Beta Growth Position,High Risk | Risky | Weak,31.27,Suitable for aggressive investors targeting high upside with elevated risk exposure. Current weakness suggests observation or gradual accumulation only.
ERA/USDT,MATURE,0.13,Downward,-1,0.42,70,41.39,Neutral,-2.17,High Risk,Caution,0,24.3,D,Underweight,Conservative Allocation,-2.405591127,"WATCHLIST: Reference return -2.2%, Safety 0.0/100, Risk: High Risk","Risk Reference Prices (Current: 0.13) | Lower Warning: 0.12, Lower Danger: 0.11, Upper Warning: 0.13, Upper Danger: 0.14",WATCHLIST,Speculative,Weak,Speculative,Watch / DCA Only,Tactical Satellite Position,High Risk | Speculative | Weak,27.98,Suitable only for high-risk tactical or speculative positioning. Current weakness suggests observation or gradual accumulation only.
ALPINE/USDT,MATURE,0.41,Downward,-1,0.4,50,46.98,Neutral,0.34,High Risk,Caution,0,21.6,D,Underweight,Conservative Allocation,-0.228666503,"WATCHLIST: Reference return 0.3%, Safety 0.0/100, Risk: High Risk","Risk Reference Prices (Current: 0.41) | Lower Warning: 0.39, Lower Danger: 0.37, Upper Warning: 0.43, Upper Danger: 0.45",WATCHLIST,Speculative,Weak,Speculative,Watch / DCA Only,Tactical Satellite Position,High Risk | Speculative | Weak,24.68,Suitable only for high-risk tactical or speculative positioning. Current weakness suggests observation or gradual accumulation only.
NXPC/USDT,MATURE,0.28,Downward,-1,-1.36,55,47.37,Neutral,0.41,High Risk,Caution,15.6,10.1,D,Underweight,Conservative Allocation,-1.052929255,"WATCHLIST: Reference return 0.4%, Safety 15.6/100, Risk: High Risk","Risk Reference Prices (Current: 0.28) | Lower Warning: 0.27, Lower Danger: 0.25, Upper Warning: 0.3, Upper Danger: 0.31",WATCHLIST,Risky,Weak,Speculative,High Risk Tactical Only,Tactical Satellite Position,High Risk | Risky | Weak,23.08,"Suitable only for high-risk tactical or speculative positioning. Current profile is only suitable for tactical, high-risk participation."
SFP/USDT,MATURE,0.3,Downward,-1,1.14,65,51.07,Neutral,1.35,High Risk,Caution,18.1,36.8,C,Caution,Risk Mitigation,-0.549993583,"WATCHLIST: Reference return 1.4%, Safety 18.1/100, Risk: High Risk","Risk Reference Prices (Current: 0.30) | Lower Warning: 0.28, Lower Danger: 0.27, Upper Warning: 0.31, Upper Danger: 0.33",WATCHLIST,Risky,Acceptable,Balanced Aggressive,Watch / DCA Only,Growth Allocation,High Risk | Risky | Acceptable,40.08,Suitable for investors willing to accept higher volatility in exchange for stronger growth potential. Current weakness suggests observation or gradual accumulation only.
GMX/USDT,MATURE,5.98,Downward,-1,-1.11,35,50.44,Neutral,0,High Risk,Caution,3.9,5.3,D,Underweight,Conservative Allocation,-1.370050531,"WATCHLIST: Reference return 0.0%, Safety 3.9/100, Risk: High Risk","Risk Reference Prices (Current: 5.98) | Lower Warning: 5.68, Lower Danger: 5.38, Upper Warning: 6.28, Upper Danger: 6.58",WATCHLIST,Speculative,Fragile,Speculative,Avoid / Too Fragile,Tactical Satellite Position,High Risk | Speculative | Fragile,15.47,Suitable only for high-risk tactical or speculative positioning. Current profile appears too fragile for normal allocation.
SHELL/USDT,MATURE,0.03,Downward,-1,0.34,60,44.63,Neutral,-1.81,High Risk,Caution,0,22.1,D,Underweight,Conservative Allocation,-1.562460572,"WATCHLIST: Reference return -1.8%, Safety 0.0/100, Risk: High Risk","Risk Reference Prices (Current: 0.03) | Lower Warning: 0.03, Lower Danger: 0.03, Upper Warning: 0.03, Upper Danger: 0.03",WATCHLIST,Speculative,Weak,Speculative,Watch / DCA Only,Tactical Satellite Position,High Risk | Speculative | Weak,25.94,Suitable only for high-risk tactical or speculative positioning. Current weakness suggests observation or gradual accumulation only.
CGPT/USDT,MATURE,0.02,Downward,-1,-1.23,35,45.08,Neutral,-2.72,High Risk,Caution,0,2.8,D,Underweight,Conservative Allocation,-2.033302449,"WATCHLIST: Reference return -2.7%, Safety 0.0/100, Risk: High Risk","Risk Reference Prices (Current: 0.02) | Lower Warning: 0.02, Lower Danger: 0.02, Upper Warning: 0.02, Upper Danger: 0.02",WATCHLIST,Speculative,Fragile,Speculative,Avoid / Too Fragile,Tactical Satellite Position,High Risk | Speculative | Fragile,12.52,Suitable only for high-risk tactical or speculative positioning. Current profile appears too fragile for normal allocation.
ORCA/USDT,MATURE,0.84,Downward,-1,-1.19,45,50.13,Neutral,-0.4,High Risk,Caution,0,5.8,D,Underweight,Conservative Allocation,-0.809514853,"WATCHLIST: Reference return -0.4%, Safety 0.0/100, Risk: High Risk","Risk Reference Prices (Current: 0.84) | Lower Warning: 0.8, Lower Danger: 0.75, Upper Warning: 0.88, Upper Danger: 0.92",WATCHLIST,Speculative,Fragile,Speculative,Avoid / Too Fragile,Tactical Satellite Position,High Risk | Speculative | Fragile,15.53,Suitable only for high-risk tactical or speculative positioning. Current profile appears too fragile for normal allocation.
COOKIE/USDT,MATURE,0.02,Downward,-1,0.18,50,42.28,Neutral,-1.54,High Risk,Caution,0,18.1,D,Underweight,Conservative Allocation,-2.282751062,"WATCHLIST: Reference return -1.5%, Safety 0.0/100, Risk: High Risk","Risk Reference Prices (Current: 0.02) | Lower Warning: 0.02, Lower Danger: 0.01, Upper Warning: 0.02, Upper Danger: 0.02",WATCHLIST,Speculative,Weak,Speculative,Watch / DCA Only,Tactical Satellite Position,High Risk | Speculative | Weak,22.61,Suitable only for high-risk tactical or speculative positioning. Current weakness suggests observation or gradual accumulation only.
PROM/USDT,MATURE,1.03,Downward,-1,0.18,50,43.81,Neutral,-2.86,High Risk,Caution,0,18.4,D,Underweight,Conservative Allocation,-2.943171436,"WATCHLIST: Reference return -2.9%, Safety 0.0/100, Risk: High Risk","Risk Reference Prices (Current: 1.03) | Lower Warning: 0.98, Lower Danger: 0.93, Upper Warning: 1.08, Upper Danger: 1.13",WATCHLIST,Speculative,Weak,Speculative,Watch / DCA Only,Tactical Satellite Position,High Risk | Speculative | Weak,22.85,Suitable only for high-risk tactical or speculative positioning. Current weakness suggests observation or gradual accumulation only.
STORJ/USDT,MATURE,0.09,Downward,-1,0.29,50,46.32,Neutral,-0.48,High Risk,Caution,0,19.8,D,Underweight,Conservative Allocation,-0.984268575,"WATCHLIST: Reference return -0.5%, Safety 0.0/100, Risk: High Risk","Risk Reference Prices (Current: 0.09) | Lower Warning: 0.09, Lower Danger: 0.09, Upper Warning: 0.1, Upper Danger: 0.1",WATCHLIST,Speculative,Weak,Speculative,Watch / DCA Only,Tactical Satellite Position,High Risk | Speculative | Weak,23.8,Suitable only for high-risk tactical or speculative positioning. Current weakness suggests observation or gradual accumulation only.
VITE/USDT,MATURE,0,Downward,-1,-1.78,40,30.34,Bearish,-5.61,High Risk,Caution,0,-1.7,D,Underweight,Conservative Allocation,-1.579983401,"WATCHLIST: Reference return -5.6%, Safety 0.0/100, Risk: High Risk","Risk Reference Prices (Current: 0.00) | Lower Warning: 0.0, Lower Danger: 0.0, Upper Warning: 0.0, Upper Danger: 0.0",WATCHLIST,Speculative,Fragile,Speculative,Avoid / Too Fragile,Tactical Satellite Position,High Risk | Speculative | Fragile,9.07,Suitable only for high-risk tactical or speculative positioning. Current profile appears too fragile for normal allocation.
BAL/USDT,MATURE,0.97,Downward,-1,-0.3,45,33.49,Bearish,-4.38,High Risk,Caution,0,11,D,Underweight,Conservative Allocation,-0.736944042,"WATCHLIST: Reference return -4.4%, Safety 0.0/100, Risk: High Risk","Risk Reference Prices (Current: 0.97) | Lower Warning: 0.92, Lower Danger: 0.87, Upper Warning: 1.02, Upper Danger: 1.06",WATCHLIST,Speculative,Weak,Speculative,High Risk Tactical Only,Tactical Satellite Position,High Risk | Speculative | Weak,17.65,"Suitable only for high-risk tactical or speculative positioning. Current profile is only suitable for tactical, high-risk participation."
SXT/USDT,MATURE,0.02,Downward,-1,0.18,50,37.29,Bearish,-4.23,High Risk,Caution,0,17.4,D,Underweight,Conservative Allocation,-2.136363777,"WATCHLIST: Reference return -4.2%, Safety 0.0/100, Risk: High Risk","Risk Reference Prices (Current: 0.02) | Lower Warning: 0.02, Lower Danger: 0.01, Upper Warning: 0.02, Upper Danger: 0.02",WATCHLIST,Speculative,Weak,Speculative,Watch / DCA Only,Tactical Satellite Position,High Risk | Speculative | Weak,21.9,Suitable only for high-risk tactical or speculative positioning. Current weakness suggests observation or gradual accumulation only.
BAT/USDT,MATURE,0.1,Downward,-1,0.3,50,40.75,Neutral,-1.98,High Risk,Caution,0,19.1,D,Underweight,Conservative Allocation,-0.216811866,"WATCHLIST: Reference return -2.0%, Safety 0.0/100, Risk: High Risk","Risk Reference Prices (Current: 0.10) | Lower Warning: 0.09, Lower Danger: 0.09, Upper Warning: 0.1, Upper Danger: 0.11",WATCHLIST,Speculative,Weak,Speculative,Watch / DCA Only,Tactical Satellite Position,High Risk | Speculative | Weak,23.06,Suitable only for high-risk tactical or speculative positioning. Current weakness suggests observation or gradual accumulation only.
GMT/USDT,MATURE,0.01,Downward,-1,0.36,60,41.78,Neutral,-3.33,High Risk,Caution,0,21.8,D,Underweight,Conservative Allocation,-1.890959361,"WATCHLIST: Reference return -3.3%, Safety 0.0/100, Risk: High Risk","Risk Reference Prices (Current: 0.01) | Lower Warning: 0.01, Lower Danger: 0.01, Upper Warning: 0.01, Upper Danger: 0.01",WATCHLIST,Speculative,Weak,Speculative,Watch / DCA Only,Tactical Satellite Position,High Risk | Speculative | Weak,25.62,Suitable only for high-risk tactical or speculative positioning. Current weakness suggests observation or gradual accumulation only.
BANANA/USDT,MATURE,3.34,Downward,-1,-0.37,35,39.84,Bearish,-3.6,High Risk,Caution,0,9.3,D,Underweight,Conservative Allocation,-1.995130937,"WATCHLIST: Reference return -3.6%, Safety 0.0/100, Risk: High Risk","Risk Reference Prices (Current: 3.34) | Lower Warning: 3.17, Lower Danger: 3.01, Upper Warning: 3.51, Upper Danger: 3.67",WATCHLIST,Speculative,Fragile,Speculative,High Risk Tactical Only,Tactical Satellite Position,High Risk | Speculative | Fragile,16.1,"Suitable only for high-risk tactical or speculative positioning. Current profile is only suitable for tactical, high-risk participation."
AI/USDT,MATURE,0.02,Downward,-1,0.17,50,41.57,Neutral,-4.17,High Risk,Caution,0,17.9,D,Underweight,Conservative Allocation,-2.534682699,"WATCHLIST: Reference return -4.2%, Safety 0.0/100, Risk: High Risk","Risk Reference Prices (Current: 0.02) | Lower Warning: 0.02, Lower Danger: 0.02, Upper Warning: 0.02, Upper Danger: 0.02",WATCHLIST,Speculative,Weak,Speculative,Watch / DCA Only,Tactical Satellite Position,High Risk | Speculative | Weak,22.45,Suitable only for high-risk tactical or speculative positioning. Current weakness suggests observation or gradual accumulation only.
TLM/USDT,MATURE,0,Downward,-1,-1.63,55,47.1,Neutral,-1.78,High Risk,Caution,8.8,6.4,D,Underweight,Conservative Allocation,-1.318821333,"WATCHLIST: Reference return -1.8%, Safety 8.8/100, Risk: High Risk","Risk Reference Prices (Current: 0.00) | Lower Warning: 0.0, Lower Danger: 0.0, Upper Warning: 0.0, Upper Danger: 0.0",WATCHLIST,Speculative,Fragile,Speculative,Avoid / Too Fragile,Tactical Satellite Position,High Risk | Speculative | Fragile,18.89,Suitable only for high-risk tactical or speculative positioning. Current profile appears too fragile for normal allocation.
ILV/USDT,MATURE,3.75,Downward,-1,1.09,65,47.03,Neutral,-2.8,High Risk,Caution,0,30,D,Underweight,Conservative Allocation,-1.650689226,"WATCHLIST: Reference return -2.8%, Safety 0.0/100, Risk: High Risk","Risk Reference Prices (Current: 3.75) | Lower Warning: 3.56, Lower Danger: 3.38, Upper Warning: 3.94, Upper Danger: 4.12",WATCHLIST,Speculative,Acceptable,Balanced Aggressive,Watch / DCA Only,Growth Allocation,High Risk | Speculative | Acceptable,31.18,Suitable for investors willing to accept higher volatility in exchange for stronger growth potential. Current weakness suggests observation or gradual accumulation only.
CKB/USDT,MATURE,0,Downward,-1,0.18,50,42.18,Neutral,-2.47,High Risk,Caution,0,18.1,D,Underweight,Conservative Allocation,-1.789231367,"WATCHLIST: Reference return -2.5%, Safety 0.0/100, Risk: High Risk","Risk Reference Prices (Current: 0.00) | Lower Warning: 0.0, Lower Danger: 0.0, Upper Warning: 0.0, Upper Danger: 0.0",WATCHLIST,Speculative,Weak,Speculative,Watch / DCA Only,Tactical Satellite Position,High Risk | Speculative | Weak,22.6,Suitable only for high-risk tactical or speculative positioning. Current weakness suggests observation or gradual accumulation only.
XRPUP/USDT,MATURE,0.09,Downward,-1,-1.12,30,50.53,Neutral,-0.06,High Risk,Caution,0,3.4,D,Underweight,Conservative Allocation,-0.110513085,"WATCHLIST: Reference return -0.1%, Safety 0.0/100, Risk: High Risk","Risk Reference Prices (Current: 0.09) | Lower Warning: 0.08, Lower Danger: 0.08, Upper Warning: 0.09, Upper Danger: 0.09",WATCHLIST,Speculative,Fragile,Speculative,Avoid / Too Fragile,Tactical Satellite Position,High Risk | Speculative | Fragile,12.77,Suitable only for high-risk tactical or speculative positioning. Current profile appears too fragile for normal allocation.
WOO/USDT,MATURE,0.02,Downward,-1,0.24,50,47.46,Neutral,-0.85,High Risk,Caution,0,19.5,D,Underweight,Conservative Allocation,-1.355698486,"WATCHLIST: Reference return -0.9%, Safety 0.0/100, Risk: High Risk","Risk Reference Prices (Current: 0.02) | Lower Warning: 0.02, Lower Danger: 0.02, Upper Warning: 0.02, Upper Danger: 0.02",WATCHLIST,Speculative,Weak,Speculative,Watch / DCA Only,Tactical Satellite Position,High Risk | Speculative | Weak,23.7,Suitable only for high-risk tactical or speculative positioning. Current weakness suggests observation or gradual accumulation only.
HOLO/USDT,MATURE,0.05,Downward,-1,0.19,50,45.41,Neutral,-1.45,High Risk,Caution,0,18.7,D,Underweight,Conservative Allocation,-1.926422045,"WATCHLIST: Reference return -1.5%, Safety 0.0/100, Risk: High Risk","Risk Reference Prices (Current: 0.05) | Lower Warning: 0.05, Lower Danger: 0.05, Upper Warning: 0.06, Upper Danger: 0.06",WATCHLIST,Speculative,Weak,Speculative,Watch / DCA Only,Tactical Satellite Position,High Risk | Speculative | Weak,23.13,Suitable only for high-risk tactical or speculative positioning. Current weakness suggests observation or gradual accumulation only.
BURGER/USDT,MATURE,0.02,Downward,-1,-1.55,30,37.06,Bearish,-10.51,High Risk,Caution,0,-1.4,D,Underweight,Conservative Allocation,-1.787497671,"WATCHLIST: Reference return -10.5%, Safety 0.0/100, Risk: High Risk","Risk Reference Prices (Current: 0.02) | Lower Warning: 0.02, Lower Danger: 0.02, Upper Warning: 0.02, Upper Danger: 0.02",WATCHLIST,Speculative,Fragile,Speculative,Avoid / Too Fragile,Tactical Satellite Position,High Risk | Speculative | Fragile,8.91,Suitable only for high-risk tactical or speculative positioning. Current profile appears too fragile for normal allocation.
KMD/USDT,MATURE,0.02,Downward,-1,-1.82,40,30.15,Bearish,-10.05,High Risk,Caution,0,-1.9,D,Underweight,Conservative Allocation,-2.952289586,"WATCHLIST: Reference return -10.1%, Safety 0.0/100, Risk: High Risk","Risk Reference Prices (Current: 0.02) | Lower Warning: 0.02, Lower Danger: 0.01, Upper Warning: 0.02, Upper Danger: 0.02",WATCHLIST,Speculative,Fragile,Speculative,Avoid / Too Fragile,Tactical Satellite Position,High Risk | Speculative | Fragile,8.9,Suitable only for high-risk tactical or speculative positioning. Current profile appears too fragile for normal allocation.
GBP/USDT,MATURE,1.18,Downward,-1,-1.25,30,49.33,Neutral,-0.04,Low Risk,Safe,79.4,18.2,D,Underweight,Conservative Allocation,-0.988716894,"WATCHLIST: Reference return -0.0%, Safety 79.4/100, Risk: Low Risk","Risk Reference Prices (Current: 1.18) | Lower Warning: 1.12, Lower Danger: 1.06, Upper Warning: 1.24, Upper Danger: 1.3",WATCHLIST,Defensive,Weak,Conservative,Watch / DCA Only,Core Allocation,Low Risk | Defensive | Weak,44.56,Suitable for lower-risk investors seeking relatively stable core exposure. Current weakness suggests observation or gradual accumulation only.
BNSOL/USDT,MATURE,90.5,Downward,-1,-1.28,35,56.25,Neutral,-1.5,High Risk,Caution,6.6,5.5,D,Underweight,Conservative Allocation,-1.791446793,"WATCHLIST: Reference return -1.5%, Safety 6.6/100, Risk: High Risk","Risk Reference Prices (Current: 90.50) | Lower Warning: 85.98, Lower Danger: 81.45, Upper Warning: 95.02, Upper Danger: 99.55",WATCHLIST,Speculative,Fragile,Speculative,Avoid / Too Fragile,Tactical Satellite Position,High Risk | Speculative | Fragile,16.63,Suitable only for high-risk tactical or speculative positioning. Current profile appears too fragile for normal allocation.
DOTUP/USDT,MATURE,0.1,Downward,-1,-2.52,20,39.27,Bearish,-4.18,High Risk,Caution,0,-7.1,D,Underweight,Conservative Allocation,-1.006665892,"WATCHLIST: Reference return -4.2%, Safety 0.0/100, Risk: High Risk","Risk Reference Prices (Current: 0.10) | Lower Warning: 0.09, Lower Danger: 0.09, Upper Warning: 0.1, Upper Danger: 0.11",WATCHLIST,Speculative,Fragile,Speculative,Avoid / Too Fragile,Tactical Satellite Position,High Risk | Speculative | Fragile,3.5,Suitable only for high-risk tactical or speculative positioning. Current profile appears too fragile for normal allocation.
LA/USDT,MATURE,0.18,Downward,-1,-2.07,20,43.99,Neutral,-1,High Risk,Caution,0,-4.9,D,Underweight,Conservative Allocation,-0.417989454,"WATCHLIST: Reference return -1.0%, Safety 0.0/100, Risk: High Risk","Risk Reference Prices (Current: 0.18) | Lower Warning: 0.17, Lower Danger: 0.16, Upper Warning: 0.18, Upper Danger: 0.19",WATCHLIST,Speculative,Fragile,Speculative,Avoid / Too Fragile,Tactical Satellite Position,High Risk | Speculative | Fragile,5.75,Suitable only for high-risk tactical or speculative positioning. Current profile appears too fragile for normal allocation.
AKRO/USDT,MATURE,0,Downward,-1,-1.84,40,50.23,Neutral,-1.01,High Risk,Caution,0,1,D,Underweight,Conservative Allocation,-1.607971554,"WATCHLIST: Reference return -1.0%, Safety 0.0/100, Risk: High Risk","Risk Reference Prices (Current: 0.00) | Lower Warning: 0.0, Lower Danger: 0.0, Upper Warning: 0.0, Upper Danger: 0.0",WATCHLIST,Speculative,Fragile,Speculative,Avoid / Too Fragile,Tactical Satellite Position,High Risk | Speculative | Fragile,11.72,Suitable only for high-risk tactical or speculative positioning. Current profile appears too fragile for normal allocation.
FIS/USDT,MATURE,0.02,Downward,-1,-2.12,10,30.46,Bearish,-7.9,High Risk,Caution,0,-9.1,D,Underweight,Conservative Allocation,-1.402324204,"WATCHLIST: Reference return -7.9%, Safety 0.0/100, Risk: High Risk","Risk Reference Prices (Current: 0.02) | Lower Warning: 0.02, Lower Danger: 0.02, Upper Warning: 0.02, Upper Danger: 0.02",WATCHLIST,Speculative,Fragile,Speculative,Avoid / Too Fragile,Tactical Satellite Position,High Risk | Speculative | Fragile,1.52,Suitable only for high-risk tactical or speculative positioning. Current profile appears too fragile for normal allocation.
OAX/USDT,MATURE,0.04,Downward,-1,-1.66,40,45.53,Neutral,-0.81,High Risk,Caution,0,1.2,D,Underweight,Conservative Allocation,-1.566734594,"WATCHLIST: Reference return -0.8%, Safety 0.0/100, Risk: High Risk","Risk Reference Prices (Current: 0.04) | Lower Warning: 0.03, Lower Danger: 0.03, Upper Warning: 0.04, Upper Danger: 0.04",WATCHLIST,Speculative,Fragile,Speculative,Avoid / Too Fragile,Tactical Satellite Position,High Risk | Speculative | Fragile,11.76,Suitable only for high-risk tactical or speculative positioning. Current profile appears too fragile for normal allocation.
DODO/USDT,MATURE,0.02,Downward,-1,1.98,85,47.65,Neutral,-0.69,High Risk,Caution,0,39.3,C,Caution,Risk Mitigation,-1.296010416,"WATCHLIST: Reference return -0.7%, Safety 0.0/100, Risk: High Risk","Risk Reference Prices (Current: 0.02) | Lower Warning: 0.01, Lower Danger: 0.01, Upper Warning: 0.02, Upper Danger: 0.02",WATCHLIST,Speculative,Acceptable,Balanced Aggressive,Watch / DCA Only,Growth Allocation,High Risk | Speculative | Acceptable,39.26,Suitable for investors willing to accept higher volatility in exchange for stronger growth potential. Current weakness suggests observation or gradual accumulation only.
ZIL/USDT,MATURE,0,Downward,-1,0.17,50,44.62,Neutral,-0.74,High Risk,Caution,7.6,19.9,D,Underweight,Conservative Allocation,-1.388169697,"WATCHLIST: Reference return -0.7%, Safety 7.6/100, Risk: High Risk","Risk Reference Prices (Current: 0.00) | Lower Warning: 0.0, Lower Danger: 0.0, Upper Warning: 0.0, Upper Danger: 0.0",WATCHLIST,Speculative,Weak,Speculative,Watch / DCA Only,Tactical Satellite Position,High Risk | Speculative | Weak,26.02,Suitable only for high-risk tactical or speculative positioning. Current weakness suggests observation or gradual accumulation only.
HMSTR/USDT,MATURE,0,Downward,-1,0.17,50,41.02,Neutral,-2.81,High Risk,Caution,0,17.8,D,Underweight,Conservative Allocation,-1.76218499,"WATCHLIST: Reference return -2.8%, Safety 0.0/100, Risk: High Risk","Risk Reference Prices (Current: 0.00) | Lower Warning: 0.0, Lower Danger: 0.0, Upper Warning: 0.0, Upper Danger: 0.0",WATCHLIST,Speculative,Weak,Speculative,Watch / DCA Only,Tactical Satellite Position,High Risk | Speculative | Weak,22.37,Suitable only for high-risk tactical or speculative positioning. Current weakness suggests observation or gradual accumulation only.
BNBDOWN/USDT,MATURE,0,Downward,-1,-1.79,40,35.66,Bearish,-3.97,High Risk,Caution,0,-0.9,D,Underweight,Conservative Allocation,-2.675926701,"WATCHLIST: Reference return -4.0%, Safety 0.0/100, Risk: High Risk","Risk Reference Prices (Current: 0.00) | Lower Warning: 0.0, Lower Danger: 0.0, Upper Warning: 0.0, Upper Danger: 0.0",WATCHLIST,Speculative,Fragile,Speculative,Avoid / Too Fragile,Tactical Satellite Position,High Risk | Speculative | Fragile,9.82,Suitable only for high-risk tactical or speculative positioning. Current profile appears too fragile for normal allocation.
ASTR/USDT,MATURE,0.01,Downward,-1,-1.28,35,47.2,Neutral,-0.4,High Risk,Caution,0,2.8,D,Underweight,Conservative Allocation,-1.549906049,"WATCHLIST: Reference return -0.4%, Safety 0.0/100, Risk: High Risk","Risk Reference Prices (Current: 0.01) | Lower Warning: 0.01, Lower Danger: 0.01, Upper Warning: 0.01, Upper Danger: 0.01",WATCHLIST,Speculative,Fragile,Speculative,Avoid / Too Fragile,Tactical Satellite Position,High Risk | Speculative | Fragile,12.61,Suitable only for high-risk tactical or speculative positioning. Current profile appears too fragile for normal allocation.
HAEDAL/USDT,MATURE,0.03,Downward,-1,-1.5,45,49.78,Neutral,-1.18,High Risk,Caution,0,3.8,D,Underweight,Conservative Allocation,-2.560162293,"WATCHLIST: Reference return -1.2%, Safety 0.0/100, Risk: High Risk","Risk Reference Prices (Current: 0.03) | Lower Warning: 0.03, Lower Danger: 0.03, Upper Warning: 0.03, Upper Danger: 0.03",WATCHLIST,Speculative,Fragile,Speculative,Avoid / Too Fragile,Tactical Satellite Position,High Risk | Speculative | Fragile,14.12,Suitable only for high-risk tactical or speculative positioning. Current profile appears too fragile for normal allocation.
TUSD/USDT,MATURE,1,Downward,-1,1.61,70,49.99,Neutral,-0.02,Low Risk,Safe,99.3,54.7,C+,Watchlist,Double Check,-4.880532038,"WATCHLIST: Reference return -0.0%, Safety 99.3/100, Risk: Low Risk","Risk Reference Prices (Current: 1.00) | Lower Warning: 0.95, Lower Danger: 0.9, Upper Warning: 1.05, Upper Danger: 1.1",WATCHLIST,Safe,Strong,Safe / Defensive,Safe Hold,Defensive / Cash Position,Low Risk | Safe | Strong,75.69,"Best suited for capital preservation, portfolio stabilization, and low-volatility allocation. Current profile supports defensive holding."
DCR/USDT,MATURE,20.44,Upward,1,-2.6,30,44.41,Neutral,-2.31,High Risk,Caution,0,-4.6,D,Underweight,Conservative Allocation,0.760229404,"WATCHLIST: Reference return -2.3%, Safety 0.0/100, Risk: High Risk","Risk Reference Prices (Current: 20.44) | Lower Warning: 19.42, Lower Danger: 18.4, Upper Warning: 21.46, Upper Danger: 22.48",WATCHLIST,Speculative,Fragile,Speculative,Avoid / Too Fragile,Tactical Satellite Position,High Risk | Speculative | Fragile,6.06,Suitable only for high-risk tactical or speculative positioning. Current profile appears too fragile for normal allocation.
ARPA/USDT,MATURE,0.01,Downward,-1,0.49,60,45.45,Neutral,-0.36,High Risk,Caution,15.7,26.8,D,Underweight,Conservative Allocation,-0.70521698,"WATCHLIST: Reference return -0.4%, Safety 15.7/100, Risk: High Risk","Risk Reference Prices (Current: 0.01) | Lower Warning: 0.01, Lower Danger: 0.01, Upper Warning: 0.01, Upper Danger: 0.01",WATCHLIST,Risky,Acceptable,Balanced Aggressive,Watch / DCA Only,Growth Allocation,High Risk | Risky | Acceptable,33.3,Suitable for investors willing to accept higher volatility in exchange for stronger growth potential. Current weakness suggests observation or gradual accumulation only.
ETHDOWN/USDT,MATURE,0.05,Downward,-1,-1.98,40,33.87,Bearish,-4.68,High Risk,Caution,0,-2.1,D,Underweight,Conservative Allocation,-1.840854084,"WATCHLIST: Reference return -4.7%, Safety 0.0/100, Risk: High Risk","Risk Reference Prices (Current: 0.05) | Lower Warning: 0.04, Lower Danger: 0.04, Upper Warning: 0.05, Upper Danger: 0.05",WATCHLIST,Speculative,Fragile,Speculative,Avoid / Too Fragile,Tactical Satellite Position,High Risk | Speculative | Fragile,8.81,Suitable only for high-risk tactical or speculative positioning. Current profile appears too fragile for normal allocation.
SYS/USDT,MATURE,0.01,Downward,-1,-1.26,35,40.58,Neutral,-2.6,High Risk,Caution,0,1.9,D,Underweight,Conservative Allocation,-1.86011046,"WATCHLIST: Reference return -2.6%, Safety 0.0/100, Risk: High Risk","Risk Reference Prices (Current: 0.01) | Lower Warning: 0.01, Lower Danger: 0.01, Upper Warning: 0.01, Upper Danger: 0.01",WATCHLIST,Speculative,Fragile,Speculative,Avoid / Too Fragile,Tactical Satellite Position,High Risk | Speculative | Fragile,11.73,Suitable only for high-risk tactical or speculative positioning. Current profile appears too fragile for normal allocation.
TRXDOWN/USDT,MATURE,1.14,Upward,1,-1.02,45,51.56,Neutral,-1.61,High Risk,Caution,0,7.3,D,Underweight,Conservative Allocation,-0.314774343,"WATCHLIST: Reference return -1.6%, Safety 0.0/100, Risk: High Risk","Risk Reference Prices (Current: 1.14) | Lower Warning: 1.08, Lower Danger: 1.03, Upper Warning: 1.2, Upper Danger: 1.25",WATCHLIST,Speculative,Fragile,Speculative,Avoid / Too Fragile,Tactical Satellite Position,High Risk | Speculative | Fragile,16.55,Suitable only for high-risk tactical or speculative positioning. Current profile appears too fragile for normal allocation.
WAL/USDT,MATURE,0.07,Downward,-1,-1.36,35,43.89,Neutral,-1.06,High Risk,Caution,0,1.8,D,Underweight,Conservative Allocation,-1.688733269,"WATCHLIST: Reference return -1.1%, Safety 0.0/100, Risk: High Risk","Risk Reference Prices (Current: 0.07) | Lower Warning: 0.07, Lower Danger: 0.06, Upper Warning: 0.07, Upper Danger: 0.08",WATCHLIST,Speculative,Fragile,Speculative,Avoid / Too Fragile,Tactical Satellite Position,High Risk | Speculative | Fragile,11.78,Suitable only for high-risk tactical or speculative positioning. Current profile appears too fragile for normal allocation.
GNO/USDT,MATURE,122.32,Downward,-1,-0.9,35,51.1,Neutral,1.82,Low Risk,Caution,37.2,16.7,D,Underweight,Conservative Allocation,-0.166860929,"WATCHLIST: Reference return 1.8%, Safety 37.2/100, Risk: Low Risk","Risk Reference Prices (Current: 122.32) | Lower Warning: 116.2, Lower Danger: 110.09, Upper Warning: 128.44, Upper Danger: 134.55",WATCHLIST,Caution,Weak,Moderately Conservative,Watch / DCA Only,Core Allocation,Low Risk | Caution | Weak,31.14,"Suitable as a relatively stable core risk asset, but current conditions require caution. Current weakness suggests observation or gradual accumulation only."
VIDT/USDT,MATURE,0,Downward,-1,-3.16,30,49.27,Neutral,-1.06,High Risk,Caution,0,-5,D,Underweight,Conservative Allocation,-1.268575021,"WATCHLIST: Reference return -1.1%, Safety 0.0/100, Risk: High Risk","Risk Reference Prices (Current: 0.00) | Lower Warning: 0.0, Lower Danger: 0.0, Upper Warning: 0.0, Upper Danger: 0.0",WATCHLIST,Speculative,Fragile,Speculative,Avoid / Too Fragile,Tactical Satellite Position,High Risk | Speculative | Fragile,5.03,Suitable only for high-risk tactical or speculative positioning. Current profile appears too fragile for normal allocation.
BADGER/USDT,MATURE,0.76,Downward,-1,0.39,55,24.66,Bearish,-9.85,High Risk,Caution,0,18.6,D,Underweight,Conservative Allocation,-1.68613562,"WATCHLIST: Reference return -9.8%, Safety 0.0/100, Risk: High Risk","Risk Reference Prices (Current: 0.76) | Lower Warning: 0.72, Lower Danger: 0.69, Upper Warning: 0.8, Upper Danger: 0.84",WATCHLIST,Speculative,Weak,Speculative,Watch / DCA Only,Tactical Satellite Position,High Risk | Speculative | Weak,22.27,Suitable only for high-risk tactical or speculative positioning. Current weakness suggests observation or gradual accumulation only.
F/USDT,MATURE,0.01,Downward,-1,-1.69,45,44.42,Neutral,-2.21,High Risk,Caution,0,1.9,D,Underweight,Conservative Allocation,-2.118993441,"WATCHLIST: Reference return -2.2%, Safety 0.0/100, Risk: High Risk","Risk Reference Prices (Current: 0.01) | Lower Warning: 0.0, Lower Danger: 0.0, Upper Warning: 0.01, Upper Danger: 0.01",WATCHLIST,Speculative,Fragile,Speculative,Avoid / Too Fragile,Tactical Satellite Position,High Risk | Speculative | Fragile,12.54,Suitable only for high-risk tactical or speculative positioning. Current profile appears too fragile for normal allocation.
FIO/USDT,MATURE,0.01,Downward,-1,0.39,50,37.84,Bearish,-4.95,High Risk,Caution,0,19.5,D,Underweight,Conservative Allocation,-0.08767927,"WATCHLIST: Reference return -5.0%, Safety 0.0/100, Risk: High Risk","Risk Reference Prices (Current: 0.01) | Lower Warning: 0.01, Lower Danger: 0.01, Upper Warning: 0.01, Upper Danger: 0.01",WATCHLIST,Speculative,Weak,Speculative,Watch / DCA Only,Tactical Satellite Position,High Risk | Speculative | Weak,23.11,Suitable only for high-risk tactical or speculative positioning. Current weakness suggests observation or gradual accumulation only.
NKN/USDT,MATURE,0.01,Downward,-1,-0.32,45,43.48,Neutral,-0.85,High Risk,Caution,0,12.3,D,Underweight,Conservative Allocation,-0.727385778,"WATCHLIST: Reference return -0.9%, Safety 0.0/100, Risk: High Risk","Risk Reference Prices (Current: 0.01) | Lower Warning: 0.01, Lower Danger: 0.01, Upper Warning: 0.01, Upper Danger: 0.01",WATCHLIST,Speculative,Weak,Speculative,High Risk Tactical Only,Tactical Satellite Position,High Risk | Speculative | Weak,18.99,"Suitable only for high-risk tactical or speculative positioning. Current profile is only suitable for tactical, high-risk participation."
DOTDOWN/USDT,MATURE,16.74,Upward,1,3.61,90,52.96,Neutral,1.15,High Risk,Caution,0,46.8,C+,Watchlist,Double Check,0.976088168,"ATTENTION: Reference return 1.1%, Safety 0.0/100, Risk: High Risk","Risk Reference Prices (Current: 16.74) | Lower Warning: 15.9, Lower Danger: 15.06, Upper Warning: 17.57, Upper Danger: 18.41",ATTENTION,Speculative,Strong,Balanced Aggressive,Selective Exposure,Growth Allocation,High Risk | Speculative | Strong,46.86,Suitable for investors willing to accept higher volatility in exchange for stronger growth potential. Current setup allows selective exposure under controlled sizing.
WNXM/USDT,MATURE,73.26,Upward,1,-0.86,55,56.78,Neutral,-0.08,Low Risk,Mediate,46.8,20.8,D,Underweight,Conservative Allocation,1.482825701,"WATCHLIST: Reference return -0.1%, Safety 46.8/100, Risk: Low Risk","Risk Reference Prices (Current: 73.26) | Lower Warning: 69.6, Lower Danger: 65.93, Upper Warning: 76.92, Upper Danger: 80.59",WATCHLIST,Caution,Weak,Moderately Conservative,Watch / DCA Only,Core Allocation,Low Risk | Caution | Weak,39.4,"Suitable as a relatively stable core risk asset, but current conditions require caution. Current weakness suggests observation or gradual accumulation only."
LINA/USDT,MATURE,0,Downward,-1,-1.75,40,30.21,Bearish,-10.17,High Risk,Caution,0,-1.5,D,Underweight,Conservative Allocation,-1.597502945,"WATCHLIST: Reference return -10.2%, Safety 0.0/100, Risk: High Risk","Risk Reference Prices (Current: 0.00) | Lower Warning: 0.0, Lower Danger: 0.0, Upper Warning: 0.0, Upper Danger: 0.0",WATCHLIST,Speculative,Fragile,Speculative,Avoid / Too Fragile,Tactical Satellite Position,High Risk | Speculative | Fragile,9.2,Suitable only for high-risk tactical or speculative positioning. Current profile appears too fragile for normal allocation.
IOTX/USDT,MATURE,0,Downward,-1,-2.25,10,42.95,Neutral,-2.45,High Risk,Caution,0,-7.7,D,Underweight,Conservative Allocation,-2.172015489,"WATCHLIST: Reference return -2.5%, Safety 0.0/100, Risk: High Risk","Risk Reference Prices (Current: 0.00) | Lower Warning: 0.0, Lower Danger: 0.0, Upper Warning: 0.0, Upper Danger: 0.01",WATCHLIST,Speculative,Fragile,Speculative,Avoid / Too Fragile,Tactical Satellite Position,High Risk | Speculative | Fragile,2.86,Suitable only for high-risk tactical or speculative positioning. Current profile appears too fragile for normal allocation.
SLP/USDT,MATURE,0,Downward,-1,-1.47,45,45.81,Neutral,-1.74,High Risk,Caution,0,3.3,D,Underweight,Conservative Allocation,-1.41581424,"WATCHLIST: Reference return -1.7%, Safety 0.0/100, Risk: High Risk","Risk Reference Prices (Current: 0.00) | Lower Warning: 0.0, Lower Danger: 0.0, Upper Warning: 0.0, Upper Danger: 0.0",WATCHLIST,Speculative,Fragile,Speculative,Avoid / Too Fragile,Tactical Satellite Position,High Risk | Speculative | Fragile,13.65,Suitable only for high-risk tactical or speculative positioning. Current profile appears too fragile for normal allocation.
TFUEL/USDT,MATURE,0.01,Downward,-1,0.32,60,40.76,Neutral,-3.26,High Risk,Caution,7.3,22.7,D,Underweight,Conservative Allocation,-2.091218869,"WATCHLIST: Reference return -3.3%, Safety 7.3/100, Risk: High Risk","Risk Reference Prices (Current: 0.01) | Lower Warning: 0.01, Lower Danger: 0.01, Upper Warning: 0.01, Upper Danger: 0.01",WATCHLIST,Speculative,Weak,Speculative,Watch / DCA Only,Tactical Satellite Position,High Risk | Speculative | Weak,28.24,Suitable only for high-risk tactical or speculative positioning. Current weakness suggests observation or gradual accumulation only.
AVA/USDT,MATURE,0.2,Downward,-1,0.25,50,43.96,Neutral,-1.89,High Risk,Caution,0,19.1,D,Underweight,Conservative Allocation,-1.256682205,"WATCHLIST: Reference return -1.9%, Safety 0.0/100, Risk: High Risk","Risk Reference Prices (Current: 0.20) | Lower Warning: 0.19, Lower Danger: 0.18, Upper Warning: 0.21, Upper Danger: 0.22",WATCHLIST,Speculative,Weak,Speculative,Watch / DCA Only,Tactical Satellite Position,High Risk | Speculative | Weak,23.25,Suitable only for high-risk tactical or speculative positioning. Current weakness suggests observation or gradual accumulation only.
VELODROME/USDT,MATURE,0.01,Downward,-1,-2.14,10,47.84,Neutral,-0.49,High Risk,Caution,0,-6.6,D,Underweight,Conservative Allocation,-1.379000718,"WATCHLIST: Reference return -0.5%, Safety 0.0/100, Risk: High Risk","Risk Reference Prices (Current: 0.01) | Lower Warning: 0.01, Lower Danger: 0.01, Upper Warning: 0.01, Upper Danger: 0.01",WATCHLIST,Speculative,Fragile,Speculative,Avoid / Too Fragile,Tactical Satellite Position,High Risk | Speculative | Fragile,3.95,Suitable only for high-risk tactical or speculative positioning. Current profile appears too fragile for normal allocation.
CHESS/USDT,MATURE,0,Downward,-1,-1.56,30,40.14,Neutral,-3.15,High Risk,Caution,0,-1,D,Underweight,Conservative Allocation,-2.165394418,"WATCHLIST: Reference return -3.1%, Safety 0.0/100, Risk: High Risk","Risk Reference Prices (Current: 0.00) | Lower Warning: 0.0, Lower Danger: 0.0, Upper Warning: 0.0, Upper Danger: 0.0",WATCHLIST,Speculative,Fragile,Speculative,Avoid / Too Fragile,Tactical Satellite Position,High Risk | Speculative | Fragile,9.31,Suitable only for high-risk tactical or speculative positioning. Current profile appears too fragile for normal allocation.
LINKUP/USDT,MATURE,0.01,Downward,-1,-0.9,35,48.07,Neutral,-3.42,High Risk,Caution,0,5.8,D,Underweight,Conservative Allocation,-0.068717896,"WATCHLIST: Reference return -3.4%, Safety 0.0/100, Risk: High Risk","Risk Reference Prices (Current: 0.01) | Lower Warning: 0.01, Lower Danger: 0.01, Upper Warning: 0.01, Upper Danger: 0.01",WATCHLIST,Speculative,Fragile,Speculative,Avoid / Too Fragile,Tactical Satellite Position,High Risk | Speculative | Fragile,14.55,Suitable only for high-risk tactical or speculative positioning. Current profile appears too fragile for normal allocation.
VOXEL/USDT,MATURE,0.01,Downward,-1,-1.25,20,35.45,Bearish,-5.47,High Risk,Caution,0,-1.8,D,Underweight,Conservative Allocation,-1.505182244,"WATCHLIST: Reference return -5.5%, Safety 0.0/100, Risk: High Risk","Risk Reference Prices (Current: 0.01) | Lower Warning: 0.01, Lower Danger: 0.01, Upper Warning: 0.01, Upper Danger: 0.02",WATCHLIST,Speculative,Fragile,Speculative,Avoid / Too Fragile,Tactical Satellite Position,High Risk | Speculative | Fragile,7.88,Suitable only for high-risk tactical or speculative positioning. Current profile appears too fragile for normal allocation.
ICX/USDT,MATURE,0.04,Downward,-1,0.47,70,43.86,Neutral,-1.13,High Risk,Caution,0,25.2,D,Underweight,Conservative Allocation,-2.038783388,"WATCHLIST: Reference return -1.1%, Safety 0.0/100, Risk: High Risk","Risk Reference Prices (Current: 0.04) | Lower Warning: 0.03, Lower Danger: 0.03, Upper Warning: 0.04, Upper Danger: 0.04",WATCHLIST,Speculative,Acceptable,Balanced Aggressive,Watch / DCA Only,Growth Allocation,High Risk | Speculative | Acceptable,28.62,Suitable for investors willing to accept higher volatility in exchange for stronger growth potential. Current weakness suggests observation or gradual accumulation only.
FARM/USDT,MATURE,11.73,Downward,-1,0.21,50,48.09,Neutral,-0.81,High Risk,Caution,19.2,23.1,D,Underweight,Conservative Allocation,-1.722846791,"WATCHLIST: Reference return -0.8%, Safety 19.2/100, Risk: High Risk","Risk Reference Prices (Current: 11.73) | Lower Warning: 11.14, Lower Danger: 10.56, Upper Warning: 12.32, Upper Danger: 12.9",WATCHLIST,Risky,Weak,Aggressive Growth,Watch / DCA Only,High-Beta Growth Position,High Risk | Risky | Weak,31.48,Suitable for aggressive investors targeting high upside with elevated risk exposure. Current weakness suggests observation or gradual accumulation only.
AUCTION/USDT,MATURE,4.68,Downward,-1,0.4,60,46.61,Neutral,-1.22,High Risk,Caution,23.3,27.6,D,Underweight,Conservative Allocation,-0.303538218,"WATCHLIST: Reference return -1.2%, Safety 23.3/100, Risk: High Risk","Risk Reference Prices (Current: 4.68) | Lower Warning: 4.45, Lower Danger: 4.21, Upper Warning: 4.91, Upper Danger: 5.15",WATCHLIST,Risky,Acceptable,Balanced Aggressive,Watch / DCA Only,Growth Allocation,High Risk | Risky | Acceptable,36.1,Suitable for investors willing to accept higher volatility in exchange for stronger growth potential. Current weakness suggests observation or gradual accumulation only.
XVS/USDT,MATURE,2.71,Downward,-1,0.26,50,44.8,Neutral,-2.12,High Risk,Caution,2.4,19.8,D,Underweight,Conservative Allocation,-1.058622042,"WATCHLIST: Reference return -2.1%, Safety 2.4/100, Risk: High Risk","Risk Reference Prices (Current: 2.71) | Lower Warning: 2.57, Lower Danger: 2.44, Upper Warning: 2.85, Upper Danger: 2.98",WATCHLIST,Speculative,Weak,Speculative,Watch / DCA Only,Tactical Satellite Position,High Risk | Speculative | Weak,24.41,Suitable only for high-risk tactical or speculative positioning. Current weakness suggests observation or gradual accumulation only.
WAN/USDT,MATURE,0.07,Downward,-1,-1.1,35,50.53,Neutral,0.49,Low Risk,Mediate,41,13.6,D,Underweight,Conservative Allocation,-0.982555241,"WATCHLIST: Reference return 0.5%, Safety 41.0/100, Risk: Low Risk","Risk Reference Prices (Current: 0.07) | Lower Warning: 0.06, Lower Danger: 0.06, Upper Warning: 0.07, Upper Danger: 0.07",WATCHLIST,Caution,Weak,Moderately Conservative,High Risk Tactical Only,Core Allocation,Low Risk | Caution | Weak,30.98,"Suitable as a relatively stable core risk asset, but current conditions require caution. Current profile is only suitable for tactical, high-risk participation."
NEWT/USDT,MATURE,0.07,Downward,-1,-1.34,45,46.53,Neutral,-0.71,High Risk,Caution,0,4.3,D,Underweight,Conservative Allocation,-1.861173358,"WATCHLIST: Reference return -0.7%, Safety 0.0/100, Risk: High Risk","Risk Reference Prices (Current: 0.07) | Lower Warning: 0.06, Lower Danger: 0.06, Upper Warning: 0.07, Upper Danger: 0.07",WATCHLIST,Speculative,Fragile,Speculative,Avoid / Too Fragile,Tactical Satellite Position,High Risk | Speculative | Fragile,14.34,Suitable only for high-risk tactical or speculative positioning. Current profile appears too fragile for normal allocation.
BNBUP/USDT,MATURE,61.8,Upward,1,1.75,85,58.93,Neutral,5.26,Low Risk,Caution,23.3,53,C+,Watchlist,Double Check,1.694700225,"WATCHLIST: Reference return 5.3%, Safety 23.3/100, Risk: Low Risk","Risk Reference Prices (Current: 61.80) | Lower Warning: 58.71, Lower Danger: 55.62, Upper Warning: 64.89, Upper Danger: 67.98",WATCHLIST,Risky,Strong,Moderately Conservative,Selective Exposure,Core Allocation,Low Risk | Risky | Strong,52.07,"Suitable as a relatively stable core risk asset, but current conditions require caution. Current setup allows selective exposure under controlled sizing."
NULS/USDT,MATURE,0.03,Downward,-1,-1.84,40,25.97,Bearish,-9.25,High Risk,Caution,0,-2.6,D,Underweight,Conservative Allocation,-2.518819982,"WATCHLIST: Reference return -9.2%, Safety 0.0/100, Risk: High Risk","Risk Reference Prices (Current: 0.03) | Lower Warning: 0.02, Lower Danger: 0.02, Upper Warning: 0.03, Upper Danger: 0.03",WATCHLIST,Speculative,Fragile,Speculative,Avoid / Too Fragile,Tactical Satellite Position,High Risk | Speculative | Fragile,8.22,Suitable only for high-risk tactical or speculative positioning. Current profile appears too fragile for normal allocation.
BTCDOWN/USDT,MATURE,0,Downward,-1,-1.77,40,38.13,Bearish,-3.61,High Risk,Caution,0,-0.5,D,Underweight,Conservative Allocation,-2.489991788,"WATCHLIST: Reference return -3.6%, Safety 0.0/100, Risk: High Risk","Risk Reference Prices (Current: 0.00) | Lower Warning: 0.0, Lower Danger: 0.0, Upper Warning: 0.0, Upper Danger: 0.0",WATCHLIST,Speculative,Fragile,Speculative,Avoid / Too Fragile,Tactical Satellite Position,High Risk | Speculative | Fragile,10.24,Suitable only for high-risk tactical or speculative positioning. Current profile appears too fragile for normal allocation.
XRPDOWN/USDT,MATURE,0,Downward,-1,1.59,75,40.99,Neutral,-1.26,High Risk,Caution,0,34.4,D,Underweight,Conservative Allocation,-0.335011122,"WATCHLIST: Reference return -1.3%, Safety 0.0/100, Risk: High Risk","Risk Reference Prices (Current: 0.00) | Lower Warning: 0.0, Lower Danger: 0.0, Upper Warning: 0.0, Upper Danger: 0.0",WATCHLIST,Speculative,Acceptable,Balanced Aggressive,Watch / DCA Only,Growth Allocation,High Risk | Speculative | Acceptable,34.64,Suitable for investors willing to accept higher volatility in exchange for stronger growth potential. Current weakness suggests observation or gradual accumulation only.
MLN/USDT,MATURE,3.23,Downward,-1,0.39,50,45.81,Neutral,-1.67,High Risk,Caution,0,20.7,D,Underweight,Conservative Allocation,-0.216168378,"WATCHLIST: Reference return -1.7%, Safety 0.0/100, Risk: High Risk","Risk Reference Prices (Current: 3.23) | Lower Warning: 3.07, Lower Danger: 2.91, Upper Warning: 3.39, Upper Danger: 3.55",WATCHLIST,Speculative,Weak,Speculative,Watch / DCA Only,Tactical Satellite Position,High Risk | Speculative | Weak,24.27,Suitable only for high-risk tactical or speculative positioning. Current weakness suggests observation or gradual accumulation only.
LUMIA/USDT,MATURE,0.07,Downward,-1,1.29,75,49.75,Neutral,1.2,High Risk,Caution,0,35.8,C,Caution,Risk Mitigation,-1.424811317,"WATCHLIST: Reference return 1.2%, Safety 0.0/100, Risk: High Risk","Risk Reference Prices (Current: 0.07) | Lower Warning: 0.07, Lower Danger: 0.07, Upper Warning: 0.08, Upper Danger: 0.08",WATCHLIST,Speculative,Acceptable,Balanced Aggressive,Watch / DCA Only,Growth Allocation,High Risk | Speculative | Acceptable,35.19,Suitable for investors willing to accept higher volatility in exchange for stronger growth potential. Current weakness suggests observation or gradual accumulation only.
MTL/USDT,MATURE,0.29,Downward,-1,1.03,65,47.69,Neutral,-0.36,High Risk,Caution,13.6,32.3,D,Underweight,Conservative Allocation,-1.579606618,"WATCHLIST: Reference return -0.4%, Safety 13.6/100, Risk: High Risk","Risk Reference Prices (Current: 0.29) | Lower Warning: 0.27, Lower Danger: 0.26, Upper Warning: 0.3, Upper Danger: 0.32",WATCHLIST,Risky,Acceptable,Balanced Aggressive,Watch / DCA Only,Growth Allocation,High Risk | Risky | Acceptable,36.54,Suitable for investors willing to accept higher volatility in exchange for stronger growth potential. Current weakness suggests observation or gradual accumulation only.
RVN/USDT,MATURE,0.01,Downward,-1,1.78,85,47.52,Neutral,-0.66,High Risk,Caution,16.6,41.7,C,Caution,Risk Mitigation,-1.364733545,"WATCHLIST: Reference return -0.7%, Safety 16.6/100, Risk: High Risk","Risk Reference Prices (Current: 0.01) | Lower Warning: 0.01, Lower Danger: 0.01, Upper Warning: 0.01, Upper Danger: 0.01",WATCHLIST,Risky,Strong,Balanced Aggressive,Watch / DCA Only,Growth Allocation,High Risk | Risky | Strong,45.27,Suitable for investors willing to accept higher volatility in exchange for stronger growth potential. Current weakness suggests observation or gradual accumulation only.
BTCUP/USDT,MATURE,16.6,Upward,1,1.73,85,55.61,Neutral,1.38,Low Risk,Caution,23.7,46.4,C+,Watchlist,Double Check,2.059088593,"WATCHLIST: Reference return 1.4%, Safety 23.7/100, Risk: Low Risk","Risk Reference Prices (Current: 16.60) | Lower Warning: 15.77, Lower Danger: 14.94, Upper Warning: 17.43, Upper Danger: 18.26",WATCHLIST,Risky,Strong,Moderately Conservative,Selective Exposure,Core Allocation,Low Risk | Risky | Strong,49.85,"Suitable as a relatively stable core risk asset, but current conditions require caution. Current setup allows selective exposure under controlled sizing."
OSMO/USDT,MATURE,0.03,Downward,-1,0.32,60,41.52,Neutral,-2.37,High Risk,Caution,0,21.4,D,Underweight,Conservative Allocation,-2.674831746,"WATCHLIST: Reference return -2.4%, Safety 0.0/100, Risk: High Risk","Risk Reference Prices (Current: 0.03) | Lower Warning: 0.03, Lower Danger: 0.03, Upper Warning: 0.03, Upper Danger: 0.03",WATCHLIST,Speculative,Weak,Speculative,Watch / DCA Only,Tactical Satellite Position,High Risk | Speculative | Weak,25.37,Suitable only for high-risk tactical or speculative positioning. Current weakness suggests observation or gradual accumulation only.
TROY/USDT,MATURE,0,Downward,-1,-1.64,40,34.15,Bearish,-10.07,High Risk,Caution,0,-0.4,D,Underweight,Conservative Allocation,-0.91895094,"WATCHLIST: Reference return -10.1%, Safety 0.0/100, Risk: High Risk","Risk Reference Prices (Current: 0.00) | Lower Warning: 0.0, Lower Danger: 0.0, Upper Warning: 0.0, Upper Danger: 0.0",WATCHLIST,Speculative,Fragile,Speculative,Avoid / Too Fragile,Tactical Satellite Position,High Risk | Speculative | Fragile,10.2,Suitable only for high-risk tactical or speculative positioning. Current profile appears too fragile for normal allocation.
BAND/USDT,MATURE,0.21,Downward,-1,0.18,50,44.5,Neutral,-1.15,High Risk,Caution,3,19.1,D,Underweight,Conservative Allocation,-1.754988067,"WATCHLIST: Reference return -1.1%, Safety 3.0/100, Risk: High Risk","Risk Reference Prices (Current: 0.21) | Lower Warning: 0.2, Lower Danger: 0.19, Upper Warning: 0.22, Upper Danger: 0.23",WATCHLIST,Speculative,Weak,Speculative,Watch / DCA Only,Tactical Satellite Position,High Risk | Speculative | Weak,24.18,Suitable only for high-risk tactical or speculative positioning. Current weakness suggests observation or gradual accumulation only.
TRXUP/USDT,MATURE,0.04,Downward,-1,0.52,70,41.77,Neutral,1.12,High Risk,Caution,0,27.2,D,Underweight,Conservative Allocation,-0.324753384,"WATCHLIST: Reference return 1.1%, Safety 0.0/100, Risk: High Risk","Risk Reference Prices (Current: 0.04) | Lower Warning: 0.04, Lower Danger: 0.03, Upper Warning: 0.04, Upper Danger: 0.04",WATCHLIST,Speculative,Acceptable,Balanced Aggressive,Watch / DCA Only,Growth Allocation,High Risk | Speculative | Acceptable,29.14,Suitable for investors willing to accept higher volatility in exchange for stronger growth potential. Current weakness suggests observation or gradual accumulation only.
RIF/USDT,MATURE,0.03,Upward,1,-1.11,35,48.06,Neutral,-0.13,High Risk,Caution,11.4,6.4,D,Underweight,Conservative Allocation,-0.790121074,"WATCHLIST: Reference return -0.1%, Safety 11.4/100, Risk: High Risk","Risk Reference Prices (Current: 0.03) | Lower Warning: 0.03, Lower Danger: 0.03, Upper Warning: 0.04, Upper Danger: 0.04",WATCHLIST,Risky,Fragile,Speculative,Avoid / Too Fragile,Tactical Satellite Position,High Risk | Risky | Fragile,18.19,Suitable only for high-risk tactical or speculative positioning. Current profile appears too fragile for normal allocation.
XEC/USDT,MATURE,0,Downward,-1,0.18,50,42.81,Neutral,-2.32,High Risk,Caution,9,20,D,Underweight,Conservative Allocation,-2.019446619,"WATCHLIST: Reference return -2.3%, Safety 9.0/100, Risk: High Risk","Risk Reference Prices (Current: 0.00) | Lower Warning: 0.0, Lower Danger: 0.0, Upper Warning: 0.0, Upper Danger: 0.0",WATCHLIST,Speculative,Weak,Speculative,Watch / DCA Only,Tactical Satellite Position,High Risk | Speculative | Weak,26.38,Suitable only for high-risk tactical or speculative positioning. Current weakness suggests observation or gradual accumulation only.
HARD/USDT,MATURE,0.01,Downward,-1,-1.73,40,52.65,Neutral,2.14,High Risk,Caution,0,5.5,D,Underweight,Conservative Allocation,-1.5102641,"WATCHLIST: Reference return 2.1%, Safety 0.0/100, Risk: High Risk","Risk Reference Prices (Current: 0.01) | Lower Warning: 0.01, Lower Danger: 0.01, Upper Warning: 0.01, Upper Danger: 0.01",WATCHLIST,Speculative,Fragile,Speculative,Avoid / Too Fragile,Tactical Satellite Position,High Risk | Speculative | Fragile,13.59,Suitable only for high-risk tactical or speculative positioning. Current profile appears too fragile for normal allocation.
RLC/USDT,MATURE,0.42,Downward,-1,1.09,65,45.76,Neutral,-0.71,High Risk,Caution,0,29.8,D,Underweight,Conservative Allocation,-1.653021018,"WATCHLIST: Reference return -0.7%, Safety 0.0/100, Risk: High Risk","Risk Reference Prices (Current: 0.42) | Lower Warning: 0.4, Lower Danger: 0.38, Upper Warning: 0.44, Upper Danger: 0.46",WATCHLIST,Speculative,Acceptable,Balanced Aggressive,Watch / DCA Only,Growth Allocation,High Risk | Speculative | Acceptable,30.99,Suitable for investors willing to accept higher volatility in exchange for stronger growth potential. Current weakness suggests observation or gradual accumulation only.
JOE/USDT,MATURE,0.04,Downward,-1,-1.33,35,47.8,Neutral,-0.55,High Risk,Caution,0,2.5,D,Underweight,Conservative Allocation,-2.322714203,"WATCHLIST: Reference return -0.5%, Safety 0.0/100, Risk: High Risk","Risk Reference Prices (Current: 0.04) | Lower Warning: 0.04, Lower Danger: 0.03, Upper Warning: 0.04, Upper Danger: 0.04",WATCHLIST,Speculative,Fragile,Speculative,Avoid / Too Fragile,Tactical Satellite Position,High Risk | Speculative | Fragile,12.46,Suitable only for high-risk tactical or speculative positioning. Current profile appears too fragile for normal allocation.
FLUX/USDT,MATURE,0.05,Downward,-1,0.92,65,38.1,Bearish,-4.06,High Risk,Caution,0,27.3,D,Underweight,Conservative Allocation,-0.639360161,"WATCHLIST: Reference return -4.1%, Safety 0.0/100, Risk: High Risk","Risk Reference Prices (Current: 0.05) | Lower Warning: 0.05, Lower Danger: 0.05, Upper Warning: 0.06, Upper Danger: 0.06",WATCHLIST,Speculative,Acceptable,Balanced Aggressive,Watch / DCA Only,Growth Allocation,High Risk | Speculative | Acceptable,29.05,Suitable for investors willing to accept higher volatility in exchange for stronger growth potential. Current weakness suggests observation or gradual accumulation only.
WAXP/USDT,MATURE,0.01,Downward,-1,-1.51,55,46.84,Neutral,0.16,High Risk,Caution,0,5.5,D,Underweight,Conservative Allocation,-1.61512515,"WATCHLIST: Reference return 0.2%, Safety 0.0/100, Risk: High Risk","Risk Reference Prices (Current: 0.01) | Lower Warning: 0.01, Lower Danger: 0.01, Upper Warning: 0.01, Upper Danger: 0.01",WATCHLIST,Speculative,Fragile,Speculative,Avoid / Too Fragile,Tactical Satellite Position,High Risk | Speculative | Fragile,15.81,Suitable only for high-risk tactical or speculative positioning. Current profile appears too fragile for normal allocation.
GLMR/USDT,MATURE,0.01,Downward,-1,-0.51,25,38.77,Bearish,-2.61,High Risk,Caution,0,5.8,D,Underweight,Conservative Allocation,-2.469402811,"WATCHLIST: Reference return -2.6%, Safety 0.0/100, Risk: High Risk","Risk Reference Prices (Current: 0.01) | Lower Warning: 0.01, Lower Danger: 0.01, Upper Warning: 0.01, Upper Danger: 0.01",WATCHLIST,Speculative,Fragile,Speculative,Avoid / Too Fragile,Tactical Satellite Position,High Risk | Speculative | Fragile,13.09,Suitable only for high-risk tactical or speculative positioning. Current profile appears too fragile for normal allocation.
TKO/USDT,MATURE,0.05,Downward,-1,0.47,70,42.22,Neutral,-2.09,High Risk,Caution,5.4,26,D,Underweight,Conservative Allocation,-2.521194161,"WATCHLIST: Reference return -2.1%, Safety 5.4/100, Risk: High Risk","Risk Reference Prices (Current: 0.05) | Lower Warning: 0.05, Lower Danger: 0.05, Upper Warning: 0.05, Upper Danger: 0.06",WATCHLIST,Speculative,Acceptable,Balanced Aggressive,Watch / DCA Only,Growth Allocation,High Risk | Speculative | Acceptable,30.59,Suitable for investors willing to accept higher volatility in exchange for stronger growth potential. Current weakness suggests observation or gradual accumulation only.
IQ/USDT,MATURE,0,Downward,-1,0.2,50,44,Neutral,-2.2,High Risk,Caution,2.1,19,D,Underweight,Conservative Allocation,-2.869739694,"WATCHLIST: Reference return -2.2%, Safety 2.1/100, Risk: High Risk","Risk Reference Prices (Current: 0.00) | Lower Warning: 0.0, Lower Danger: 0.0, Upper Warning: 0.0, Upper Danger: 0.0",WATCHLIST,Speculative,Weak,Speculative,Watch / DCA Only,Tactical Satellite Position,High Risk | Speculative | Weak,23.84,Suitable only for high-risk tactical or speculative positioning. Current weakness suggests observation or gradual accumulation only.
KEY/USDT,MATURE,0,Downward,-1,-1.26,20,39.13,Bearish,-3.5,High Risk,Caution,0,-1.3,D,Underweight,Conservative Allocation,-1.805218396,"WATCHLIST: Reference return -3.5%, Safety 0.0/100, Risk: High Risk","Risk Reference Prices (Current: 0.00) | Lower Warning: 0.0, Lower Danger: 0.0, Upper Warning: 0.0, Upper Danger: 0.0",WATCHLIST,Speculative,Fragile,Speculative,Avoid / Too Fragile,Tactical Satellite Position,High Risk | Speculative | Fragile,8.37,Suitable only for high-risk tactical or speculative positioning. Current profile appears too fragile for normal allocation.
BNT/USDT,MATURE,0.29,Downward,-1,0.38,60,47.53,Neutral,-0.84,High Risk,Caution,12.4,25.4,D,Underweight,Conservative Allocation,-1.843652381,"WATCHLIST: Reference return -0.8%, Safety 12.4/100, Risk: High Risk","Risk Reference Prices (Current: 0.29) | Lower Warning: 0.28, Lower Danger: 0.26, Upper Warning: 0.31, Upper Danger: 0.32",WATCHLIST,Risky,Acceptable,Balanced Aggressive,Watch / DCA Only,Growth Allocation,High Risk | Risky | Acceptable,31.66,Suitable for investors willing to accept higher volatility in exchange for stronger growth potential. Current weakness suggests observation or gradual accumulation only.
XNO/USDT,MATURE,0.45,Downward,-1,0.62,70,41.02,Neutral,-3.03,High Risk,Caution,0,26.2,D,Underweight,Conservative Allocation,-0.413554324,"WATCHLIST: Reference return -3.0%, Safety 0.0/100, Risk: High Risk","Risk Reference Prices (Current: 0.45) | Lower Warning: 0.43, Lower Danger: 0.41, Upper Warning: 0.48, Upper Danger: 0.5",WATCHLIST,Speculative,Acceptable,Balanced Aggressive,Watch / DCA Only,Growth Allocation,High Risk | Speculative | Acceptable,29.01,Suitable for investors willing to accept higher volatility in exchange for stronger growth potential. Current weakness suggests observation or gradual accumulation only.
GTC/USDT,MATURE,0.08,Downward,-1,-3.05,30,41.28,Neutral,-3.64,High Risk,Caution,0,-6,D,Underweight,Conservative Allocation,-2.199078871,"WATCHLIST: Reference return -3.6%, Safety 0.0/100, Risk: High Risk","Risk Reference Prices (Current: 0.07) | Lower Warning: 0.07, Lower Danger: 0.07, Upper Warning: 0.08, Upper Danger: 0.08",WATCHLIST,Speculative,Fragile,Speculative,Avoid / Too Fragile,Tactical Satellite Position,High Risk | Speculative | Fragile,4.2,Suitable only for high-risk tactical or speculative positioning. Current profile appears too fragile for normal allocation.
HIVE/USDT,MATURE,0.06,Downward,-1,0.19,50,41.7,Neutral,-1.93,High Risk,Caution,2.5,18.7,D,Underweight,Conservative Allocation,-2.293341843,"WATCHLIST: Reference return -1.9%, Safety 2.5/100, Risk: High Risk","Risk Reference Prices (Current: 0.06) | Lower Warning: 0.06, Lower Danger: 0.05, Upper Warning: 0.06, Upper Danger: 0.06",WATCHLIST,Speculative,Weak,Speculative,Watch / DCA Only,Tactical Satellite Position,High Risk | Speculative | Weak,23.63,Suitable only for high-risk tactical or speculative positioning. Current weakness suggests observation or gradual accumulation only.
POND/USDT,MATURE,0,Downward,-1,0.18,50,42.72,Neutral,-1.64,High Risk,Caution,4,19,D,Underweight,Conservative Allocation,-2.723913827,"WATCHLIST: Reference return -1.6%, Safety 4.0/100, Risk: High Risk","Risk Reference Prices (Current: 0.00) | Lower Warning: 0.0, Lower Danger: 0.0, Upper Warning: 0.0, Upper Danger: 0.0",WATCHLIST,Speculative,Weak,Speculative,Watch / DCA Only,Tactical Satellite Position,High Risk | Speculative | Weak,24.32,Suitable only for high-risk tactical or speculative positioning. Current weakness suggests observation or gradual accumulation only.
PROS/USDT,MATURE,0.04,Downward,-1,-0.71,30,42.23,Neutral,-8.35,High Risk,Caution,0,5.5,D,Underweight,Conservative Allocation,-0.161369613,"WATCHLIST: Reference return -8.3%, Safety 0.0/100, Risk: High Risk","Risk Reference Prices (Current: 0.04) | Lower Warning: 0.04, Lower Danger: 0.03, Upper Warning: 0.04, Upper Danger: 0.04",WATCHLIST,Speculative,Fragile,Speculative,Avoid / Too Fragile,Tactical Satellite Position,High Risk | Speculative | Fragile,13.6,Suitable only for high-risk tactical or speculative positioning. Current profile appears too fragile for normal allocation.
DATA/USDT,MATURE,0,Downward,-1,-1.61,30,31.82,Bearish,-7.4,High Risk,Caution,0,-2.6,D,Underweight,Conservative Allocation,-2.851065529,"WATCHLIST: Reference return -7.4%, Safety 0.0/100, Risk: High Risk","Risk Reference Prices (Current: 0.00) | Lower Warning: 0.0, Lower Danger: 0.0, Upper Warning: 0.0, Upper Danger: 0.0",WATCHLIST,Speculative,Fragile,Speculative,Avoid / Too Fragile,Tactical Satellite Position,High Risk | Speculative | Fragile,7.88,Suitable only for high-risk tactical or speculative positioning. Current profile appears too fragile for normal allocation.
BICO/USDT,MATURE,0.02,Downward,-1,0.36,60,43.75,Neutral,-3.26,High Risk,Caution,0,22.1,D,Underweight,Conservative Allocation,-2.176498057,"WATCHLIST: Reference return -3.3%, Safety 0.0/100, Risk: High Risk","Risk Reference Prices (Current: 0.02) | Lower Warning: 0.02, Lower Danger: 0.02, Upper Warning: 0.02, Upper Danger: 0.03",WATCHLIST,Speculative,Weak,Speculative,Watch / DCA Only,Tactical Satellite Position,High Risk | Speculative | Weak,25.9,Suitable only for high-risk tactical or speculative positioning. Current weakness suggests observation or gradual accumulation only.
QI/USDT,MATURE,0,Downward,-1,-0.49,45,35.66,Bearish,-4.54,High Risk,Caution,0,9.5,D,Underweight,Conservative Allocation,-2.354494291,"WATCHLIST: Reference return -4.5%, Safety 0.0/100, Risk: High Risk","Risk Reference Prices (Current: 0.00) | Lower Warning: 0.0, Lower Danger: 0.0, Upper Warning: 0.0, Upper Danger: 0.0",WATCHLIST,Speculative,Fragile,Speculative,High Risk Tactical Only,Tactical Satellite Position,High Risk | Speculative | Fragile,16.94,"Suitable only for high-risk tactical or speculative positioning. Current profile is only suitable for tactical, high-risk participation."
LINKDOWN/USDT,MATURE,0,Downward,-1,-2.85,20,38.85,Bearish,-4.62,High Risk,Caution,0,-8,D,Underweight,Conservative Allocation,-1.205593258,"WATCHLIST: Reference return -4.6%, Safety 0.0/100, Risk: High Risk","Risk Reference Prices (Current: 0.00) | Lower Warning: 0.0, Lower Danger: 0.0, Upper Warning: 0.0, Upper Danger: 0.0",WATCHLIST,Speculative,Fragile,Speculative,Avoid / Too Fragile,Tactical Satellite Position,High Risk | Speculative | Fragile,2.36,Suitable only for high-risk tactical or speculative positioning. Current profile appears too fragile for normal allocation.
GHST/USDT,MATURE,0.11,Downward,-1,0.53,70,43.35,Neutral,-1.37,High Risk,Caution,0,25.7,D,Underweight,Conservative Allocation,-0.638472112,"WATCHLIST: Reference return -1.4%, Safety 0.0/100, Risk: High Risk","Risk Reference Prices (Current: 0.11) | Lower Warning: 0.1, Lower Danger: 0.1, Upper Warning: 0.11, Upper Danger: 0.12",WATCHLIST,Speculative,Acceptable,Balanced Aggressive,Watch / DCA Only,Growth Allocation,High Risk | Speculative | Acceptable,28.87,Suitable for investors willing to accept higher volatility in exchange for stronger growth potential. Current weakness suggests observation or gradual accumulation only.
PUNDIX/USDT,MATURE,0.14,Downward,-1,0.24,50,43.54,Neutral,-1.17,High Risk,Caution,15.9,22.1,D,Underweight,Conservative Allocation,-1.363767798,"WATCHLIST: Reference return -1.2%, Safety 15.9/100, Risk: High Risk","Risk Reference Prices (Current: 0.14) | Lower Warning: 0.14, Lower Danger: 0.13, Upper Warning: 0.15, Upper Danger: 0.16",WATCHLIST,Risky,Weak,Aggressive Growth,Watch / DCA Only,High-Beta Growth Position,High Risk | Risky | Weak,29.65,Suitable for aggressive investors targeting high upside with elevated risk exposure. Current weakness suggests observation or gradual accumulation only.
UFT/USDT,MATURE,0.01,Downward,-1,-1.66,30,23.04,Bearish,-13.8,High Risk,Caution,0,-4.2,D,Underweight,Conservative Allocation,-3.100572781,"WATCHLIST: Reference return -13.8%, Safety 0.0/100, Risk: High Risk","Risk Reference Prices (Current: 0.01) | Lower Warning: 0.01, Lower Danger: 0.01, Upper Warning: 0.01, Upper Danger: 0.01",WATCHLIST,Speculative,Fragile,Speculative,Avoid / Too Fragile,Tactical Satellite Position,High Risk | Speculative | Fragile,6.39,Suitable only for high-risk tactical or speculative positioning. Current profile appears too fragile for normal allocation.
DF/USDT,MATURE,0,Downward,-1,-1.76,40,39.62,Bearish,-4.04,High Risk,Caution,0,-0.2,D,Underweight,Conservative Allocation,-2.025897643,"WATCHLIST: Reference return -4.0%, Safety 0.0/100, Risk: High Risk","Risk Reference Prices (Current: 0.00) | Lower Warning: 0.0, Lower Danger: 0.0, Upper Warning: 0.0, Upper Danger: 0.0",WATCHLIST,Speculative,Fragile,Speculative,Avoid / Too Fragile,Tactical Satellite Position,High Risk | Speculative | Fragile,10.5,Suitable only for high-risk tactical or speculative positioning. Current profile appears too fragile for normal allocation.
AST/USDT,MATURE,0.03,Downward,-1,-1.88,40,32.77,Bearish,-6.57,High Risk,Caution,0,-1.8,D,Underweight,Conservative Allocation,-1.237408785,"WATCHLIST: Reference return -6.6%, Safety 0.0/100, Risk: High Risk","Risk Reference Prices (Current: 0.03) | Lower Warning: 0.02, Lower Danger: 0.02, Upper Warning: 0.03, Upper Danger: 0.03",WATCHLIST,Speculative,Fragile,Speculative,Avoid / Too Fragile,Tactical Satellite Position,High Risk | Speculative | Fragile,9.04,Suitable only for high-risk tactical or speculative positioning. Current profile appears too fragile for normal allocation.
IOST/USDT,MATURE,0,Downward,-1,0.22,50,43.56,Neutral,-0.93,High Risk,Caution,3.8,19.5,D,Underweight,Conservative Allocation,-1.680451235,"WATCHLIST: Reference return -0.9%, Safety 3.8/100, Risk: High Risk","Risk Reference Prices (Current: 0.00) | Lower Warning: 0.0, Lower Danger: 0.0, Upper Warning: 0.0, Upper Danger: 0.0",WATCHLIST,Speculative,Weak,Speculative,Watch / DCA Only,Tactical Satellite Position,High Risk | Speculative | Weak,24.59,Suitable only for high-risk tactical or speculative positioning. Current weakness suggests observation or gradual accumulation only.
RPL/USDT,MATURE,1.76,Downward,-1,0.44,60,49.78,Neutral,-2.41,High Risk,Caution,0,23.8,D,Underweight,Conservative Allocation,-1.078068539,"WATCHLIST: Reference return -2.4%, Safety 0.0/100, Risk: High Risk","Risk Reference Prices (Current: 1.76) | Lower Warning: 1.67, Lower Danger: 1.58, Upper Warning: 1.85, Upper Danger: 1.94",WATCHLIST,Speculative,Weak,Speculative,Watch / DCA Only,Tactical Satellite Position,High Risk | Speculative | Weak,27.22,Suitable only for high-risk tactical or speculative positioning. Current weakness suggests observation or gradual accumulation only.
ATA/USDT,MATURE,0.01,Downward,-1,-0.47,45,38.7,Bearish,-5.28,High Risk,Caution,0,10.2,D,Underweight,Conservative Allocation,-2.371427682,"WATCHLIST: Reference return -5.3%, Safety 0.0/100, Risk: High Risk","Risk Reference Prices (Current: 0.01) | Lower Warning: 0.01, Lower Danger: 0.01, Upper Warning: 0.01, Upper Danger: 0.01",WATCHLIST,Speculative,Weak,Speculative,High Risk Tactical Only,Tactical Satellite Position,High Risk | Speculative | Weak,17.5,"Suitable only for high-risk tactical or speculative positioning. Current profile is only suitable for tactical, high-risk participation."
