Symbol,Maturity,Current Price,Trend,Trend Score,Composite Score,Belief Quality,Quantiment (%),Sentiment,Reference Return (%),Risk,Safety,Safety Score,Healthy Score,Reference Rating,Reference State,Strategic Signal,sharpRatio,Summary,Reference Prices,Category signal
BTC/USDT,MATURE,69056.92,Downward,-1,-1.13,35,55.13,Neutral,-0.46,Low Risk,Caution,29.1,10.9,D,Underweight,Conservative Allocation,-1.5200499930894054,"WATCHLIST: Reference return -0.5%, Safety 29.1/100, Risk: Low Risk","Risk Reference Prices (Current: 69056.92) | Lower Warning: 65604.07, Lower Danger: 62151.23, Upper Warning: 72509.77, Upper Danger: 75962.61",WATCHLIST
USDC/USDT,MATURE,1.0,Downward,-1,0.85,50,49.98,Neutral,-0.01,Low Risk,Safe,99.6,45.4,C+,Watchlist,Double Check,-9.727001956408996,"WATCHLIST: Reference return -0.0%, Safety 99.6/100, Risk: Low Risk","Risk Reference Prices (Current: 1.00) | Lower Warning: 0.95, Lower Danger: 0.9, Upper Warning: 1.05, Upper Danger: 1.1",WATCHLIST
ETH/USDT,MATURE,2119.91,Downward,-1,0.25,50,58.29,Neutral,-1.21,High Risk,Caution,11.3,23.5,D,Underweight,Conservative Allocation,-1.4202689831159427,"WATCHLIST: Reference return -1.2%, Safety 11.3/100, Risk: High Risk","Risk Reference Prices (Current: 2119.91) | Lower Warning: 2013.91, Lower Danger: 1907.92, Upper Warning: 2225.91, Upper Danger: 2331.9",WATCHLIST
SOL/USDT,MATURE,81.93,Downward,-1,-1.28,35,56.13,Neutral,-1.57,High Risk,Caution,4.8,5.1,D,Underweight,Conservative Allocation,-1.9420752645100188,"WATCHLIST: Reference return -1.6%, Safety 4.8/100, Risk: High Risk","Risk Reference Prices (Current: 81.93) | Lower Warning: 77.83, Lower Danger: 73.74, Upper Warning: 86.03, Upper Danger: 90.12",WATCHLIST
STO/USDT,MATURE,0.16,Upward,1,2.6,100,61.45,Bullish,4.44,High Risk,Caution,0.0,53.6,C+,Watchlist,Double Check,1.085759292833176,"ATTENTION: Reference return 4.4%, Safety 0.0/100, Risk: High Risk","Risk Reference Prices (Current: 0.16) | Lower Warning: 0.15, Lower Danger: 0.14, Upper Warning: 0.17, Upper Danger: 0.17",ATTENTION
XRP/USDT,MATURE,1.33,Downward,-1,-1.32,35,46.77,Neutral,-1.59,High Risk,Caution,22.3,6.9,D,Underweight,Conservative Allocation,-1.4980490238900563,"WATCHLIST: Reference return -1.6%, Safety 22.3/100, Risk: High Risk","Risk Reference Prices (Current: 1.33) | Lower Warning: 1.26, Lower Danger: 1.19, Upper Warning: 1.39, Upper Danger: 1.46",WATCHLIST
USD1/USDT,MATURE,1.0,Downward,-1,3.91,85,49.97,Neutral,-0.01,Low Risk,Safe,99.4,63.6,B,Attention,Opportunity Confirmation,-6.471233121772298,"WATCHLIST: Reference return -0.0%, Safety 99.4/100, Risk: Low Risk","Risk Reference Prices (Current: 1.00) | Lower Warning: 0.95, Lower Danger: 0.9, Upper Warning: 1.05, Upper Danger: 1.1",WATCHLIST
BNB/USDT,MATURE,602.81,Downward,-1,-1.45,45,52.48,Neutral,-0.83,High Risk,Caution,27.2,9.9,D,Underweight,Conservative Allocation,-1.0318136486193772,"WATCHLIST: Reference return -0.8%, Safety 27.2/100, Risk: High Risk","Risk Reference Prices (Current: 602.81) | Lower Warning: 572.67, Lower Danger: 542.53, Upper Warning: 632.95, Upper Danger: 663.09",WATCHLIST
XAUT/USDT,COLD,4583.21,Unknown,0,0.1,0,50.0,Low Confidence,0.0,Low Risk,Safe,96.6,27.8,D,Underweight,Conservative Allocation,3.627121730736722,"WATCHLIST: Reference return 0.0%, Safety 96.6/100, Risk: Low Risk","Risk Reference Prices (Current: 4583.21) | Lower Warning: 4354.05, Lower Danger: 4124.89, Upper Warning: 4812.37, Upper Danger: 5041.53",WATCHLIST
DOGE/USDT,MATURE,0.09,Downward,-1,0.21,50,46.58,Neutral,-0.66,High Risk,Caution,9.4,21.0,D,Underweight,Conservative Allocation,-1.7189223797805324,"WATCHLIST: Reference return -0.7%, Safety 9.4/100, Risk: High Risk","Risk Reference Prices (Current: 0.09) | Lower Warning: 0.09, Lower Danger: 0.08, Upper Warning: 0.1, Upper Danger: 0.1",WATCHLIST
U/USDT,MATURE,1.0,Unknown,0,1.01,25,50.0,Neutral,-0.0,Low Risk,Safe,99.6,41.7,C,Caution,Risk Mitigation,-11.005889738512124,"WATCHLIST: Reference return -0.0%, Safety 99.6/100, Risk: Low Risk","Risk Reference Prices (Current: 1.00) | Lower Warning: 0.95, Lower Danger: 0.9, Upper Warning: 1.05, Upper Danger: 1.1",WATCHLIST
PAXG/USDT,MATURE,4599.65,Downward,-1,1.32,70,41.83,Neutral,-0.45,Low Risk,Mediate,60.1,43.9,C,Caution,Risk Mitigation,1.0479274125260052,"WATCHLIST: Reference return -0.4%, Safety 60.1/100, Risk: Low Risk","Risk Reference Prices (Current: 4599.65) | Lower Warning: 4369.67, Lower Danger: 4139.68, Upper Warning: 4829.63, Upper Danger: 5059.62",WATCHLIST
D/USDT,MATURE,0.02,Downward,-1,4.66,85,37.58,Bearish,-5.4,High Risk,Caution,0.0,42.3,C,Caution,Risk Mitigation,0.1269334965157994,"WATCHLIST: Reference return -5.4%, Safety 0.0/100, Risk: High Risk","Risk Reference Prices (Current: 0.02) | Lower Warning: 0.01, Lower Danger: 0.01, Upper Warning: 0.02, Upper Danger: 0.02",WATCHLIST
ZEC/USDT,MATURE,244.99,Downward,-1,2.84,65,56.09,Neutral,-1.48,High Risk,Caution,0.0,39.2,C,Caution,Risk Mitigation,1.9755660831908848,"WATCHLIST: Reference return -1.5%, Safety 0.0/100, Risk: High Risk","Risk Reference Prices (Current: 244.99) | Lower Warning: 232.74, Lower Danger: 220.49, Upper Warning: 257.24, Upper Danger: 269.49",WATCHLIST
TRX/USDT,MATURE,0.32,Upward,1,0.67,85,53.62,Neutral,1.17,Low Risk,Mediate,62.7,46.0,C+,Watchlist,Double Check,-0.5724616405584848,"WATCHLIST: Reference return 1.2%, Safety 62.7/100, Risk: Low Risk","Risk Reference Prices (Current: 0.32) | Lower Warning: 0.3, Lower Danger: 0.29, Upper Warning: 0.33, Upper Danger: 0.35",WATCHLIST
TAO/USDT,MATURE,308.6,Upward,1,1.52,85,75.17,Bullish,1.09,High Risk,Caution,0.0,42.9,C,Caution,Risk Mitigation,0.1585328607095573,"WATCHLIST: Reference return 1.1%, Safety 0.0/100, Risk: High Risk","Risk Reference Prices (Current: 308.60) | Lower Warning: 293.17, Lower Danger: 277.74, Upper Warning: 324.03, Upper Danger: 339.46",WATCHLIST
MMT/USDT,MATURE,0.15,Downward,-1,-1.5,35,41.18,Neutral,-1.83,High Risk,Caution,0.0,0.5,D,Underweight,Conservative Allocation,-2.2983943955426964,"WATCHLIST: Reference return -1.8%, Safety 0.0/100, Risk: High Risk","Risk Reference Prices (Current: 0.15) | Lower Warning: 0.14, Lower Danger: 0.13, Upper Warning: 0.15, Upper Danger: 0.16",WATCHLIST
PEPE/USDT,MATURE,0.0,Downward,-1,0.24,50,44.37,Neutral,-2.29,High Risk,Caution,0.0,19.0,D,Underweight,Conservative Allocation,-1.1708780201822873,"WATCHLIST: Reference return -2.3%, Safety 0.0/100, Risk: High Risk","Risk Reference Prices (Current: 0.00) | Lower Warning: 0.0, Lower Danger: 0.0, Upper Warning: 0.0, Upper Danger: 0.0",WATCHLIST
ADA/USDT,MATURE,0.25,Downward,-1,0.21,50,45.89,Neutral,-1.28,High Risk,Caution,0.0,19.0,D,Underweight,Conservative Allocation,-2.0660134424703918,"WATCHLIST: Reference return -1.3%, Safety 0.0/100, Risk: High Risk","Risk Reference Prices (Current: 0.25) | Lower Warning: 0.24, Lower Danger: 0.23, Upper Warning: 0.26, Upper Danger: 0.28",WATCHLIST
SUI/USDT,MATURE,0.87,Downward,-1,-1.35,35,45.34,Neutral,-1.4,High Risk,Caution,0.0,2.0,D,Underweight,Conservative Allocation,-2.04342463669842,"WATCHLIST: Reference return -1.4%, Safety 0.0/100, Risk: High Risk","Risk Reference Prices (Current: 0.87) | Lower Warning: 0.83, Lower Danger: 0.78, Upper Warning: 0.91, Upper Danger: 0.96",WATCHLIST
FDUSD/USDT,MATURE,1.0,Upward,1,-1.24,55,50.01,Neutral,0.0,Low Risk,Safe,99.2,27.3,D,Underweight,Conservative Allocation,-4.021147543308589,"WATCHLIST: Reference return 0.0%, Safety 99.2/100, Risk: Low Risk","Risk Reference Prices (Current: 1.00) | Lower Warning: 0.95, Lower Danger: 0.9, Upper Warning: 1.05, Upper Danger: 1.1",WATCHLIST
EUR/USDT,MATURE,1.15,Downward,-1,1.24,65,49.03,Neutral,-0.19,Low Risk,Safe,90.6,49.5,C+,Watchlist,Double Check,-1.247058278427158,"WATCHLIST: Reference return -0.2%, Safety 90.6/100, Risk: Low Risk","Risk Reference Prices (Current: 1.15) | Lower Warning: 1.09, Lower Danger: 1.04, Upper Warning: 1.21, Upper Danger: 1.27",WATCHLIST
GIGGLE/USDT,MATURE,24.97,Downward,-1,0.43,60,47.76,Neutral,-4.14,High Risk,Caution,0.0,23.4,D,Underweight,Conservative Allocation,-0.5893369138350167,"WATCHLIST: Reference return -4.1%, Safety 0.0/100, Risk: High Risk","Risk Reference Prices (Current: 24.97) | Lower Warning: 23.72, Lower Danger: 22.47, Upper Warning: 26.22, Upper Danger: 27.47",WATCHLIST
LINK/USDT,MATURE,8.85,Downward,-1,-1.32,35,50.62,Neutral,-0.22,High Risk,Caution,4.5,3.9,D,Underweight,Conservative Allocation,-1.681473451130763,"WATCHLIST: Reference return -0.2%, Safety 4.5/100, Risk: High Risk","Risk Reference Prices (Current: 8.85) | Lower Warning: 8.41, Lower Danger: 7.96, Upper Warning: 9.29, Upper Danger: 9.74",WATCHLIST
WLD/USDT,MATURE,0.25,Downward,-1,-2.92,20,40.18,Neutral,-3.09,High Risk,Caution,0.0,-7.9,D,Underweight,Conservative Allocation,-2.1713175920360017,"WATCHLIST: Reference return -3.1%, Safety 0.0/100, Risk: High Risk","Risk Reference Prices (Current: 0.25) | Lower Warning: 0.24, Lower Danger: 0.22, Upper Warning: 0.26, Upper Danger: 0.27",WATCHLIST
FET/USDT,MATURE,0.24,Upward,1,0.57,85,56.1,Neutral,-0.53,High Risk,Caution,0.0,31.0,D,Underweight,Conservative Allocation,-0.6755933926405766,"WATCHLIST: Reference return -0.5%, Safety 0.0/100, Risk: High Risk","Risk Reference Prices (Current: 0.24) | Lower Warning: 0.22, Lower Danger: 0.21, Upper Warning: 0.25, Upper Danger: 0.26",WATCHLIST
SOLV/USDT,MATURE,0.0,Downward,-1,1.02,85,35.56,Bearish,-5.79,High Risk,Caution,0.0,31.7,D,Underweight,Conservative Allocation,-1.797869364947717,"WATCHLIST: Reference return -5.8%, Safety 0.0/100, Risk: High Risk","Risk Reference Prices (Current: 0.00) | Lower Warning: 0.0, Lower Danger: 0.0, Upper Warning: 0.0, Upper Danger: 0.0",WATCHLIST
BCH/USDT,MATURE,428.5,Downward,-1,-1.74,10,49.49,Neutral,-0.2,Low Risk,Mediate,41.3,3.6,D,Underweight,Conservative Allocation,-0.5629053844931453,"WATCHLIST: Reference return -0.2%, Safety 41.3/100, Risk: Low Risk","Risk Reference Prices (Current: 428.50) | Lower Warning: 407.08, Lower Danger: 385.65, Upper Warning: 449.92, Upper Danger: 471.35",WATCHLIST
XPL/USDT,MATURE,0.12,Downward,-1,1.45,75,50.97,Neutral,0.4,High Risk,Caution,0.0,35.7,C,Caution,Risk Mitigation,-1.683037289243364,"WATCHLIST: Reference return 0.4%, Safety 0.0/100, Risk: High Risk","Risk Reference Prices (Current: 0.12) | Lower Warning: 0.12, Lower Danger: 0.11, Upper Warning: 0.13, Upper Danger: 0.13",WATCHLIST
币安人生/USDT,MATURE,0.07,Unknown,0,-0.29,25,29.53,Bearish,-4.89,High Risk,Caution,0.0,6.5,D,Underweight,Conservative Allocation,-0.6083916340358102,"WATCHLIST: Reference return -4.9%, Safety 0.0/100, Risk: High Risk","Risk Reference Prices (Current: 0.07) | Lower Warning: 0.07, Lower Danger: 0.06, Upper Warning: 0.07, Upper Danger: 0.08",WATCHLIST
NEAR/USDT,MATURE,1.25,Downward,-1,-1.07,35,53.1,Neutral,-0.05,High Risk,Caution,4.9,6.2,D,Underweight,Conservative Allocation,-1.023266996725282,"WATCHLIST: Reference return -0.1%, Safety 4.9/100, Risk: High Risk","Risk Reference Prices (Current: 1.25) | Lower Warning: 1.18, Lower Danger: 1.12, Upper Warning: 1.31, Upper Danger: 1.37",WATCHLIST
ENA/USDT,MATURE,0.08,Downward,-1,-2.27,10,39.41,Bearish,-5.29,High Risk,Caution,0.0,-8.3,D,Underweight,Conservative Allocation,-2.762738792955302,"WATCHLIST: Reference return -5.3%, Safety 0.0/100, Risk: High Risk","Risk Reference Prices (Current: 0.08) | Lower Warning: 0.08, Lower Danger: 0.07, Upper Warning: 0.08, Upper Danger: 0.09",WATCHLIST
KITE/USDT,MATURE,0.14,Upward,1,-1.79,20,53.03,Neutral,1.84,High Risk,Caution,0.0,0.7,D,Underweight,Conservative Allocation,1.3618868699389597,"WATCHLIST: Reference return 1.8%, Safety 0.0/100, Risk: High Risk","Risk Reference Prices (Current: 0.14) | Lower Warning: 0.13, Lower Danger: 0.13, Upper Warning: 0.15, Upper Danger: 0.15",WATCHLIST
ALGO/USDT,MATURE,0.12,Downward,-1,0.5,60,47.23,Neutral,-2.32,High Risk,Caution,0.0,24.0,D,Underweight,Conservative Allocation,-0.960121244120907,"WATCHLIST: Reference return -2.3%, Safety 0.0/100, Risk: High Risk","Risk Reference Prices (Current: 0.12) | Lower Warning: 0.12, Lower Danger: 0.11, Upper Warning: 0.13, Upper Danger: 0.13",WATCHLIST
LTC/USDT,MATURE,54.04,Downward,-1,-1.52,45,56.26,Neutral,0.01,High Risk,Caution,20.7,8.8,D,Underweight,Conservative Allocation,-1.4092342405738851,"WATCHLIST: Reference return 0.0%, Safety 20.7/100, Risk: High Risk","Risk Reference Prices (Current: 54.04) | Lower Warning: 51.34, Lower Danger: 48.64, Upper Warning: 56.74, Upper Danger: 59.44",WATCHLIST
AVAX/USDT,MATURE,9.07,Downward,-1,-1.32,35,50.37,Neutral,-0.71,High Risk,Caution,0.0,3.0,D,Underweight,Conservative Allocation,-2.1605277275661723,"WATCHLIST: Reference return -0.7%, Safety 0.0/100, Risk: High Risk","Risk Reference Prices (Current: 9.07) | Lower Warning: 8.62, Lower Danger: 8.16, Upper Warning: 9.52, Upper Danger: 9.98",WATCHLIST
ME/USDT,MATURE,0.1,Downward,-1,-0.63,25,37.09,Bearish,-3.86,High Risk,Caution,0.0,4.5,D,Underweight,Conservative Allocation,-2.4508072154768104,"WATCHLIST: Reference return -3.9%, Safety 0.0/100, Risk: High Risk","Risk Reference Prices (Current: 0.10) | Lower Warning: 0.1, Lower Danger: 0.09, Upper Warning: 0.11, Upper Danger: 0.11",WATCHLIST
AAVE/USDT,MATURE,94.19,Downward,-1,-2.86,20,50.48,Neutral,-2.62,High Risk,Caution,4.3,-5.4,D,Underweight,Conservative Allocation,-1.7421614155073912,"WATCHLIST: Reference return -2.6%, Safety 4.3/100, Risk: High Risk","Risk Reference Prices (Current: 94.19) | Lower Warning: 89.48, Lower Danger: 84.77, Upper Warning: 98.9, Upper Danger: 103.61",WATCHLIST
UNI/USDT,MATURE,3.16,Downward,-1,-2.11,10,48.78,Neutral,-1.26,High Risk,Caution,0.0,-6.4,D,Underweight,Conservative Allocation,-1.122983520808993,"WATCHLIST: Reference return -1.3%, Safety 0.0/100, Risk: High Risk","Risk Reference Prices (Current: 3.16) | Lower Warning: 3.0, Lower Danger: 2.84, Upper Warning: 3.31, Upper Danger: 3.47",WATCHLIST
XLM/USDT,MATURE,0.16,Downward,-1,-1.32,35,49.28,Neutral,-1.28,High Risk,Caution,8.8,4.6,D,Underweight,Conservative Allocation,-1.728111780102611,"WATCHLIST: Reference return -1.3%, Safety 8.8/100, Risk: High Risk","Risk Reference Prices (Current: 0.16) | Lower Warning: 0.15, Lower Danger: 0.15, Upper Warning: 0.17, Upper Danger: 0.18",WATCHLIST
PIXEL/USDT,MATURE,0.01,Upward,1,-1.57,55,49.98,Neutral,-4.42,High Risk,Caution,0.0,5.4,D,Underweight,Conservative Allocation,-0.8269007090548844,"WATCHLIST: Reference return -4.4%, Safety 0.0/100, Risk: High Risk","Risk Reference Prices (Current: 0.01) | Lower Warning: 0.01, Lower Danger: 0.01, Upper Warning: 0.01, Upper Danger: 0.01",WATCHLIST
DOT/USDT,MATURE,1.25,Downward,-1,-2.61,20,47.67,Neutral,-3.01,High Risk,Caution,12.4,-3.6,D,Underweight,Conservative Allocation,-1.5791497987448908,"WATCHLIST: Reference return -3.0%, Safety 12.4/100, Risk: High Risk","Risk Reference Prices (Current: 1.25) | Lower Warning: 1.18, Lower Danger: 1.12, Upper Warning: 1.31, Upper Danger: 1.37",WATCHLIST
BARD/USDT,MATURE,0.31,Downward,-1,-1.62,40,47.17,Neutral,-1.35,High Risk,Caution,0.0,1.7,D,Underweight,Conservative Allocation,-0.5947296963806474,"WATCHLIST: Reference return -1.4%, Safety 0.0/100, Risk: High Risk","Risk Reference Prices (Current: 0.31) | Lower Warning: 0.29, Lower Danger: 0.28, Upper Warning: 0.32, Upper Danger: 0.34",WATCHLIST
COS/USDT,MATURE,0.0,Upward,1,-1.26,55,54.51,Neutral,-2.62,High Risk,Caution,0.0,8.0,D,Underweight,Conservative Allocation,0.0167746299880454,"WATCHLIST: Reference return -2.6%, Safety 0.0/100, Risk: High Risk","Risk Reference Prices (Current: 0.00) | Lower Warning: 0.0, Lower Danger: 0.0, Upper Warning: 0.0, Upper Danger: 0.0",WATCHLIST
THE/USDT,MATURE,0.1,Downward,-1,-0.28,45,38.48,Bearish,-1.32,High Risk,Caution,0.0,12.0,D,Underweight,Conservative Allocation,-0.9266558968853594,"WATCHLIST: Reference return -1.3%, Safety 0.0/100, Risk: High Risk","Risk Reference Prices (Current: 0.10) | Lower Warning: 0.1, Lower Danger: 0.09, Upper Warning: 0.11, Upper Danger: 0.11",WATCHLIST
NOM/USDT,MATURE,0.01,Downward,-1,1.77,85,31.5,Bearish,-8.55,High Risk,Caution,0.0,35.9,C,Caution,Risk Mitigation,-0.7830331271763973,"WATCHLIST: Reference return -8.6%, Safety 0.0/100, Risk: High Risk","Risk Reference Prices (Current: 0.01) | Lower Warning: 0.01, Lower Danger: 0.0, Upper Warning: 0.01, Upper Danger: 0.01",WATCHLIST
REZ/USDT,MATURE,0.0,Downward,-1,0.5,70,50.0,Neutral,-0.64,High Risk,Caution,0.0,26.4,D,Underweight,Conservative Allocation,-1.174774278150318,"WATCHLIST: Reference return -0.6%, Safety 0.0/100, Risk: High Risk","Risk Reference Prices (Current: 0.00) | Lower Warning: 0.0, Lower Danger: 0.0, Upper Warning: 0.0, Upper Danger: 0.0",WATCHLIST
BANANAS31/USDT,MATURE,0.01,Upward,1,2.01,85,73.31,Bullish,7.25,High Risk,Caution,0.0,54.5,C+,Watchlist,Double Check,1.120558254470791,"ATTENTION: Reference return 7.2%, Safety 0.0/100, Risk: High Risk","Risk Reference Prices (Current: 0.01) | Lower Warning: 0.01, Lower Danger: 0.01, Upper Warning: 0.01, Upper Danger: 0.01",ATTENTION
ETC/USDT,MATURE,8.82,Downward,-1,0.27,50,48.6,Neutral,0.23,High Risk,Caution,5.7,21.5,D,Underweight,Conservative Allocation,-1.3655781238421247,"WATCHLIST: Reference return 0.2%, Safety 5.7/100, Risk: High Risk","Risk Reference Prices (Current: 8.82) | Lower Warning: 8.38, Lower Danger: 7.94, Upper Warning: 9.26, Upper Danger: 9.7",WATCHLIST
RENDER/USDT,MATURE,1.9,Upward,1,1.59,90,55.5,Neutral,-0.14,High Risk,Caution,0.0,39.5,C,Caution,Risk Mitigation,-0.589037010990301,"WATCHLIST: Reference return -0.1%, Safety 0.0/100, Risk: High Risk","Risk Reference Prices (Current: 1.90) | Lower Warning: 1.8, Lower Danger: 1.71, Upper Warning: 2.0, Upper Danger: 2.09",WATCHLIST
ONT/USDT,MATURE,0.09,Upward,1,4.32,100,52.43,Neutral,1.19,High Risk,Caution,0.0,49.3,C+,Watchlist,Double Check,0.0125944521068186,"ATTENTION: Reference return 1.2%, Safety 0.0/100, Risk: High Risk","Risk Reference Prices (Current: 0.09) | Lower Warning: 0.09, Lower Danger: 0.08, Upper Warning: 0.1, Upper Danger: 0.1",ATTENTION
SHIB/USDT,MATURE,0.0,Downward,-1,1.6,75,46.93,Neutral,-1.93,High Risk,Caution,14.2,38.2,C,Caution,Risk Mitigation,-1.4156274145983885,"WATCHLIST: Reference return -1.9%, Safety 14.2/100, Risk: High Risk","Risk Reference Prices (Current: 0.00) | Lower Warning: 0.0, Lower Danger: 0.0, Upper Warning: 0.0, Upper Danger: 0.0",WATCHLIST
XUSD/USDT,MATURE,1.0,Downward,-1,1.38,70,49.98,Neutral,-0.01,Low Risk,Safe,99.5,53.4,C+,Watchlist,Double Check,-10.24794171831644,"WATCHLIST: Reference return -0.0%, Safety 99.5/100, Risk: Low Risk","Risk Reference Prices (Current: 1.00) | Lower Warning: 0.95, Lower Danger: 0.9, Upper Warning: 1.05, Upper Danger: 1.1",WATCHLIST
ZBT/USDT,MATURE,0.1,Downward,-1,1.15,60,51.82,Neutral,0.36,High Risk,Caution,0.0,30.8,D,Underweight,Conservative Allocation,-0.8186491142972084,"WATCHLIST: Reference return 0.4%, Safety 0.0/100, Risk: High Risk","Risk Reference Prices (Current: 0.10) | Lower Warning: 0.09, Lower Danger: 0.09, Upper Warning: 0.1, Upper Danger: 0.11",WATCHLIST
ZK/USDT,MATURE,0.02,Downward,-1,-1.14,10,40.68,Neutral,-2.18,High Risk,Caution,0.0,-2.2,D,Underweight,Conservative Allocation,-0.7092572393528445,"WATCHLIST: Reference return -2.2%, Safety 0.0/100, Risk: High Risk","Risk Reference Prices (Current: 0.02) | Lower Warning: 0.01, Lower Danger: 0.01, Upper Warning: 0.02, Upper Danger: 0.02",WATCHLIST
TRU/USDT,MATURE,0.01,Downward,-1,0.38,60,39.31,Bearish,-5.36,High Risk,Caution,0.0,21.7,D,Underweight,Conservative Allocation,-1.9121406354228057,"WATCHLIST: Reference return -5.4%, Safety 0.0/100, Risk: High Risk","Risk Reference Prices (Current: 0.01) | Lower Warning: 0.01, Lower Danger: 0.0, Upper Warning: 0.01, Upper Danger: 0.01",WATCHLIST
DEGO/USDT,MATURE,0.3,Upward,1,-1.27,45,45.2,Neutral,-3.7,High Risk,Caution,0.0,4.6,D,Underweight,Conservative Allocation,-0.135330534956784,"WATCHLIST: Reference return -3.7%, Safety 0.0/100, Risk: High Risk","Risk Reference Prices (Current: 0.29) | Lower Warning: 0.28, Lower Danger: 0.27, Upper Warning: 0.31, Upper Danger: 0.32",WATCHLIST
TRUMP/USDT,MATURE,2.89,Downward,-1,-2.01,10,44.26,Neutral,-3.06,High Risk,Caution,2.6,-6.1,D,Underweight,Conservative Allocation,-1.4494756762329395,"WATCHLIST: Reference return -3.1%, Safety 2.6/100, Risk: High Risk","Risk Reference Prices (Current: 2.89) | Lower Warning: 2.74, Lower Danger: 2.6, Upper Warning: 3.03, Upper Danger: 3.17",WATCHLIST
MASK/USDT,MATURE,0.45,Downward,-1,0.25,50,45.6,Neutral,-1.68,High Risk,Caution,0.0,19.3,D,Underweight,Conservative Allocation,-1.619687203822355,"WATCHLIST: Reference return -1.7%, Safety 0.0/100, Risk: High Risk","Risk Reference Prices (Current: 0.45) | Lower Warning: 0.43, Lower Danger: 0.41, Upper Warning: 0.47, Upper Danger: 0.5",WATCHLIST
ONG/USDT,MATURE,0.09,Downward,-1,1.46,60,47.59,Neutral,-0.61,High Risk,Caution,0.0,31.6,D,Underweight,Conservative Allocation,-0.5555915341353149,"WATCHLIST: Reference return -0.6%, Safety 0.0/100, Risk: High Risk","Risk Reference Prices (Current: 0.09) | Lower Warning: 0.09, Lower Danger: 0.08, Upper Warning: 0.1, Upper Danger: 0.1",WATCHLIST
HEMI/USDT,MATURE,0.01,Downward,-1,2.04,85,34.24,Bearish,-6.13,High Risk,Caution,0.0,37.5,C,Caution,Risk Mitigation,-2.841543007881442,"WATCHLIST: Reference return -6.1%, Safety 0.0/100, Risk: High Risk","Risk Reference Prices (Current: 0.01) | Lower Warning: 0.01, Lower Danger: 0.01, Upper Warning: 0.01, Upper Danger: 0.01",WATCHLIST
PENDLE/USDT,MATURE,1.02,Downward,-1,-2.89,20,45.63,Neutral,-1.2,High Risk,Caution,0.0,-7.0,D,Underweight,Conservative Allocation,-2.2288471841707955,"WATCHLIST: Reference return -1.2%, Safety 0.0/100, Risk: High Risk","Risk Reference Prices (Current: 1.02) | Lower Warning: 0.97, Lower Danger: 0.91, Upper Warning: 1.07, Upper Danger: 1.12",WATCHLIST
ASTER/USDT,MATURE,0.67,Upward,1,0.28,50,52.79,Neutral,-0.51,High Risk,Caution,1.0,20.9,D,Underweight,Conservative Allocation,-1.0780305563679649,"WATCHLIST: Reference return -0.5%, Safety 1.0/100, Risk: High Risk","Risk Reference Prices (Current: 0.67) | Lower Warning: 0.63, Lower Danger: 0.6, Upper Warning: 0.7, Upper Danger: 0.73",WATCHLIST
BONK/USDT,MATURE,0.0,Downward,-1,-1.35,35,45.0,Neutral,-1.71,High Risk,Caution,0.0,2.0,D,Underweight,Conservative Allocation,-1.6412121505772077,"WATCHLIST: Reference return -1.7%, Safety 0.0/100, Risk: High Risk","Risk Reference Prices (Current: 0.00) | Lower Warning: 0.0, Lower Danger: 0.0, Upper Warning: 0.0, Upper Danger: 0.0",WATCHLIST
FOGO/USDT,MATURE,0.02,Unknown,0,0.32,50,38.93,Bearish,-2.97,High Risk,Caution,0.0,19.0,D,Underweight,Conservative Allocation,-2.305297526041035,"WATCHLIST: Reference return -3.0%, Safety 0.0/100, Risk: High Risk","Risk Reference Prices (Current: 0.02) | Lower Warning: 0.02, Lower Danger: 0.02, Upper Warning: 0.02, Upper Danger: 0.02",WATCHLIST
TON/USDT,MATURE,1.25,Downward,-1,0.39,60,46.4,Neutral,-1.02,High Risk,Caution,11.9,25.2,D,Underweight,Conservative Allocation,-1.7612255393884009,"WATCHLIST: Reference return -1.0%, Safety 11.9/100, Risk: High Risk","Risk Reference Prices (Current: 1.25) | Lower Warning: 1.19, Lower Danger: 1.13, Upper Warning: 1.32, Upper Danger: 1.38",WATCHLIST
HBAR/USDT,MATURE,0.09,Downward,-1,-1.33,35,48.79,Neutral,-0.52,High Risk,Caution,12.4,5.2,D,Underweight,Conservative Allocation,-1.6773329149153189,"WATCHLIST: Reference return -0.5%, Safety 12.4/100, Risk: High Risk","Risk Reference Prices (Current: 0.09) | Lower Warning: 0.08, Lower Danger: 0.08, Upper Warning: 0.09, Upper Danger: 0.1",WATCHLIST
SIGN/USDT,MATURE,0.03,Upward,1,-1.2,45,49.8,Neutral,-2.44,High Risk,Caution,0.0,5.7,D,Underweight,Conservative Allocation,-0.4164860894471974,"WATCHLIST: Reference return -2.4%, Safety 0.0/100, Risk: High Risk","Risk Reference Prices (Current: 0.03) | Lower Warning: 0.03, Lower Danger: 0.03, Upper Warning: 0.04, Upper Danger: 0.04",WATCHLIST
PENGU/USDT,MATURE,0.01,Downward,-1,-1.34,35,47.48,Neutral,-1.85,High Risk,Caution,0.0,2.4,D,Underweight,Conservative Allocation,-1.9189153951489888,"WATCHLIST: Reference return -1.8%, Safety 0.0/100, Risk: High Risk","Risk Reference Prices (Current: 0.01) | Lower Warning: 0.01, Lower Danger: 0.01, Upper Warning: 0.01, Upper Danger: 0.01",WATCHLIST
BERA/USDT,MATURE,0.4,Downward,-1,-0.95,30,45.28,Neutral,-7.0,High Risk,Caution,0.0,3.9,D,Underweight,Conservative Allocation,-0.936079791263015,"WATCHLIST: Reference return -7.0%, Safety 0.0/100, Risk: High Risk","Risk Reference Prices (Current: 0.40) | Lower Warning: 0.38, Lower Danger: 0.36, Upper Warning: 0.42, Upper Danger: 0.44",WATCHLIST
NMR/USDT,MATURE,7.69,Downward,-1,0.52,70,42.76,Neutral,-2.09,High Risk,Caution,0.0,25.5,D,Underweight,Conservative Allocation,-0.9433149153207844,"WATCHLIST: Reference return -2.1%, Safety 0.0/100, Risk: High Risk","Risk Reference Prices (Current: 7.69) | Lower Warning: 7.31, Lower Danger: 6.92, Upper Warning: 8.07, Upper Danger: 8.46",WATCHLIST
ONDO/USDT,MATURE,0.26,Downward,-1,-1.33,35,48.8,Neutral,-0.55,High Risk,Caution,0.0,2.7,D,Underweight,Conservative Allocation,-2.1719061316373223,"WATCHLIST: Reference return -0.5%, Safety 0.0/100, Risk: High Risk","Risk Reference Prices (Current: 0.26) | Lower Warning: 0.25, Lower Danger: 0.23, Upper Warning: 0.27, Upper Danger: 0.28",WATCHLIST
ARB/USDT,MATURE,0.09,Downward,-1,0.19,50,41.22,Neutral,-1.03,High Risk,Caution,0.0,18.1,D,Underweight,Conservative Allocation,-2.499580871315389,"WATCHLIST: Reference return -1.0%, Safety 0.0/100, Risk: High Risk","Risk Reference Prices (Current: 0.09) | Lower Warning: 0.09, Lower Danger: 0.09, Upper Warning: 0.1, Upper Danger: 0.1",WATCHLIST
VIRTUAL/USDT,MATURE,0.64,Downward,-1,-0.93,35,52.24,Neutral,0.04,High Risk,Caution,0.0,6.2,D,Underweight,Conservative Allocation,-0.2263679020628662,"WATCHLIST: Reference return 0.0%, Safety 0.0/100, Risk: High Risk","Risk Reference Prices (Current: 0.64) | Lower Warning: 0.61, Lower Danger: 0.57, Upper Warning: 0.67, Upper Danger: 0.7",WATCHLIST
FIL/USDT,MATURE,0.85,Downward,-1,0.3,50,44.71,Neutral,-0.94,High Risk,Caution,0.0,19.7,D,Underweight,Conservative Allocation,-0.6249681136616259,"WATCHLIST: Reference return -0.9%, Safety 0.0/100, Risk: High Risk","Risk Reference Prices (Current: 0.85) | Lower Warning: 0.81, Lower Danger: 0.77, Upper Warning: 0.9, Upper Danger: 0.94",WATCHLIST
CTSI/USDT,MATURE,0.04,Downward,-1,0.72,60,46.44,Neutral,-2.3,High Risk,Caution,0.0,25.9,D,Underweight,Conservative Allocation,-0.5332189584649629,"WATCHLIST: Reference return -2.3%, Safety 0.0/100, Risk: High Risk","Risk Reference Prices (Current: 0.04) | Lower Warning: 0.03, Lower Danger: 0.03, Upper Warning: 0.04, Upper Danger: 0.04",WATCHLIST
2Z/USDT,MATURE,0.09,Downward,-1,1.18,65,44.18,Neutral,-1.55,High Risk,Caution,0.0,30.2,D,Underweight,Conservative Allocation,-2.313076591023774,"WATCHLIST: Reference return -1.6%, Safety 0.0/100, Risk: High Risk","Risk Reference Prices (Current: 0.09) | Lower Warning: 0.08, Lower Danger: 0.08, Upper Warning: 0.09, Upper Danger: 0.1",WATCHLIST
POL/USDT,MATURE,0.09,Downward,-1,0.19,50,47.01,Neutral,-0.63,High Risk,Caution,9.2,20.8,D,Underweight,Conservative Allocation,-1.6697441406501932,"WATCHLIST: Reference return -0.6%, Safety 9.2/100, Risk: High Risk","Risk Reference Prices (Current: 0.09) | Lower Warning: 0.09, Lower Danger: 0.08, Upper Warning: 0.1, Upper Danger: 0.1",WATCHLIST
DASH/USDT,MATURE,30.45,Downward,-1,-0.44,35,51.07,Neutral,-1.6,High Risk,Caution,0.0,10.3,D,Underweight,Conservative Allocation,0.8312343868469287,"WATCHLIST: Reference return -1.6%, Safety 0.0/100, Risk: High Risk","Risk Reference Prices (Current: 30.45) | Lower Warning: 28.93, Lower Danger: 27.4, Upper Warning: 31.97, Upper Danger: 33.5",WATCHLIST
SAGA/USDT,MATURE,0.03,Downward,-1,0.22,50,44.34,Neutral,-2.15,High Risk,Caution,0.0,18.8,D,Underweight,Conservative Allocation,-2.2830606251411045,"WATCHLIST: Reference return -2.1%, Safety 0.0/100, Risk: High Risk","Risk Reference Prices (Current: 0.03) | Lower Warning: 0.03, Lower Danger: 0.03, Upper Warning: 0.03, Upper Danger: 0.03",WATCHLIST
JUV/USDT,MATURE,0.5,Downward,-1,-0.51,45,44.16,Neutral,-2.38,High Risk,Caution,25.6,15.8,D,Underweight,Conservative Allocation,-1.8018551762933344,"WATCHLIST: Reference return -2.4%, Safety 25.6/100, Risk: High Risk","Risk Reference Prices (Current: 0.50) | Lower Warning: 0.48, Lower Danger: 0.45, Upper Warning: 0.53, Upper Danger: 0.55",WATCHLIST
RLUSD/USDT,MATURE,1.0,Unknown,0,0.33,25,49.98,Neutral,-0.01,Low Risk,Safe,99.6,35.7,C,Caution,Risk Mitigation,-12.550976996822776,"WATCHLIST: Reference return -0.0%, Safety 99.6/100, Risk: Low Risk","Risk Reference Prices (Current: 1.00) | Lower Warning: 0.95, Lower Danger: 0.9, Upper Warning: 1.05, Upper Danger: 1.1",WATCHLIST
G/USDT,MATURE,0.0,Downward,-1,-1.77,55,46.49,Neutral,-2.19,High Risk,Caution,0.0,3.8,D,Underweight,Conservative Allocation,-0.9396806259571032,"WATCHLIST: Reference return -2.2%, Safety 0.0/100, Risk: High Risk","Risk Reference Prices (Current: 0.00) | Lower Warning: 0.0, Lower Danger: 0.0, Upper Warning: 0.0, Upper Danger: 0.0",WATCHLIST
ICP/USDT,MATURE,2.31,Downward,-1,-1.02,35,47.34,Neutral,-1.52,High Risk,Caution,0.0,4.7,D,Underweight,Conservative Allocation,-0.4168145554868376,"WATCHLIST: Reference return -1.5%, Safety 0.0/100, Risk: High Risk","Risk Reference Prices (Current: 2.31) | Lower Warning: 2.19, Lower Danger: 2.07, Upper Warning: 2.42, Upper Danger: 2.54",WATCHLIST
DOLO/USDT,MATURE,0.03,Downward,-1,0.24,60,45.49,Neutral,-1.41,High Risk,Caution,0.0,21.2,D,Underweight,Conservative Allocation,-0.9417080995271816,"WATCHLIST: Reference return -1.4%, Safety 0.0/100, Risk: High Risk","Risk Reference Prices (Current: 0.03) | Lower Warning: 0.03, Lower Danger: 0.03, Upper Warning: 0.04, Upper Danger: 0.04",WATCHLIST
PUMP/USDT,MATURE,0.0,Downward,-1,-1.32,35,41.99,Neutral,-3.2,High Risk,Caution,0.0,1.7,D,Underweight,Conservative Allocation,-1.212513773432338,"WATCHLIST: Reference return -3.2%, Safety 0.0/100, Risk: High Risk","Risk Reference Prices (Current: 0.00) | Lower Warning: 0.0, Lower Danger: 0.0, Upper Warning: 0.0, Upper Danger: 0.0",WATCHLIST
LRC/USDT,MATURE,0.02,Downward,-1,-1.3,20,33.73,Bearish,-4.1,High Risk,Caution,0.0,-2.4,D,Underweight,Conservative Allocation,-2.4370935320437765,"WATCHLIST: Reference return -4.1%, Safety 0.0/100, Risk: High Risk","Risk Reference Prices (Current: 0.02) | Lower Warning: 0.02, Lower Danger: 0.02, Upper Warning: 0.02, Upper Danger: 0.02",WATCHLIST
VET/USDT,MATURE,0.01,Downward,-1,0.22,50,43.84,Neutral,-1.13,High Risk,Caution,0.0,18.8,D,Underweight,Conservative Allocation,-1.9109947902179532,"WATCHLIST: Reference return -1.1%, Safety 0.0/100, Risk: High Risk","Risk Reference Prices (Current: 0.01) | Lower Warning: 0.01, Lower Danger: 0.01, Upper Warning: 0.01, Upper Danger: 0.01",WATCHLIST
MITO/USDT,MATURE,0.04,Downward,-1,0.39,60,42.29,Neutral,-1.47,High Risk,Caution,0.0,22.2,D,Underweight,Conservative Allocation,-1.813509165970802,"WATCHLIST: Reference return -1.5%, Safety 0.0/100, Risk: High Risk","Risk Reference Prices (Current: 0.04) | Lower Warning: 0.04, Lower Danger: 0.04, Upper Warning: 0.04, Upper Danger: 0.04",WATCHLIST
SEI/USDT,MATURE,0.05,Downward,-1,-0.47,45,38.38,Bearish,-3.88,High Risk,Caution,0.0,10.1,D,Underweight,Conservative Allocation,-3.0475315518042536,"WATCHLIST: Reference return -3.9%, Safety 0.0/100, Risk: High Risk","Risk Reference Prices (Current: 0.05) | Lower Warning: 0.05, Lower Danger: 0.05, Upper Warning: 0.06, Upper Danger: 0.06",WATCHLIST
KAT/USDT,COLD,0.01,Unknown,0,-0.17,0,50.0,Low Confidence,0.0,Low Risk,Mediate,66.5,19.1,D,Underweight,Conservative Allocation,-2.1019527917739764,"WATCHLIST: Reference return 0.0%, Safety 66.5/100, Risk: Low Risk","Risk Reference Prices (Current: 0.01) | Lower Warning: 0.01, Lower Danger: 0.01, Upper Warning: 0.01, Upper Danger: 0.01",WATCHLIST
STRAX/USDT,MATURE,0.01,Downward,-1,0.22,50,43.24,Neutral,-2.13,High Risk,Caution,8.7,20.4,D,Underweight,Conservative Allocation,-2.427073426601459,"WATCHLIST: Reference return -2.1%, Safety 8.7/100, Risk: High Risk","Risk Reference Prices (Current: 0.01) | Lower Warning: 0.01, Lower Danger: 0.01, Upper Warning: 0.01, Upper Danger: 0.01",WATCHLIST
DEXE/USDT,MATURE,8.68,Upward,1,1.62,85,77.06,Bullish,11.7,High Risk,Caution,0.0,58.3,B,Attention,Opportunity Confirmation,0.6653637024649921,"WATCHLIST: Reference return 11.7%, Safety 0.0/100, Risk: High Risk","Risk Reference Prices (Current: 8.68) | Lower Warning: 8.24, Lower Danger: 7.81, Upper Warning: 9.11, Upper Danger: 9.54",WATCHLIST
CHZ/USDT,MATURE,0.04,Downward,-1,2.68,65,46.35,Neutral,-0.57,Low Risk,Caution,10.1,39.4,C,Caution,Risk Mitigation,0.1681377206470878,"WATCHLIST: Reference return -0.6%, Safety 10.1/100, Risk: Low Risk","Risk Reference Prices (Current: 0.04) | Lower Warning: 0.04, Lower Danger: 0.03, Upper Warning: 0.04, Upper Danger: 0.04",WATCHLIST
ZAMA/USDT,MATURE,0.02,Unknown,0,-1.1,25,47.77,Neutral,-1.6,Low Risk,Caution,20.2,6.2,D,Underweight,Conservative Allocation,-1.2560822474209352,"WATCHLIST: Reference return -1.6%, Safety 20.2/100, Risk: Low Risk","Risk Reference Prices (Current: 0.02) | Lower Warning: 0.02, Lower Danger: 0.02, Upper Warning: 0.02, Upper Danger: 0.02",WATCHLIST
USTC/USDT,MATURE,0.0,Downward,-1,0.56,60,45.96,Neutral,-0.61,High Risk,Caution,11.0,26.6,D,Underweight,Conservative Allocation,-0.5977624304229219,"WATCHLIST: Reference return -0.6%, Safety 11.0/100, Risk: High Risk","Risk Reference Prices (Current: 0.00) | Lower Warning: 0.0, Lower Danger: 0.0, Upper Warning: 0.0, Upper Danger: 0.01",WATCHLIST
JST/USDT,MATURE,0.06,Upward,1,1.77,85,62.09,Bullish,3.85,Low Risk,Mediate,54.5,57.7,B,Attention,Opportunity Confirmation,1.922922285001968,"WATCHLIST: Reference return 3.9%, Safety 54.5/100, Risk: Low Risk","Risk Reference Prices (Current: 0.06) | Lower Warning: 0.06, Lower Danger: 0.06, Upper Warning: 0.07, Upper Danger: 0.07",WATCHLIST
FIDA/USDT,MATURE,0.02,Downward,-1,0.85,75,39.25,Bearish,-2.76,High Risk,Caution,0.0,28.9,D,Underweight,Conservative Allocation,-2.0758592968551186,"WATCHLIST: Reference return -2.8%, Safety 0.0/100, Risk: High Risk","Risk Reference Prices (Current: 0.02) | Lower Warning: 0.02, Lower Danger: 0.02, Upper Warning: 0.02, Upper Danger: 0.02",WATCHLIST
RESOLV/USDT,MATURE,0.04,Downward,-1,-1.81,10,38.13,Bearish,-4.3,High Risk,Caution,0.0,-6.7,D,Underweight,Conservative Allocation,-0.5118162727032827,"WATCHLIST: Reference return -4.3%, Safety 0.0/100, Risk: High Risk","Risk Reference Prices (Current: 0.04) | Lower Warning: 0.03, Lower Danger: 0.03, Upper Warning: 0.04, Upper Danger: 0.04",WATCHLIST
APT/USDT,MATURE,0.85,Downward,-1,-2.23,10,45.57,Neutral,-4.51,High Risk,Caution,0.0,-7.3,D,Underweight,Conservative Allocation,-2.191273309213399,"WATCHLIST: Reference return -4.5%, Safety 0.0/100, Risk: High Risk","Risk Reference Prices (Current: 0.85) | Lower Warning: 0.81, Lower Danger: 0.76, Upper Warning: 0.89, Upper Danger: 0.94",WATCHLIST
SAHARA/USDT,MATURE,0.02,Upward,1,-1.36,45,56.27,Neutral,-2.36,High Risk,Caution,0.0,5.6,D,Underweight,Conservative Allocation,-1.1514784286266884,"WATCHLIST: Reference return -2.4%, Safety 0.0/100, Risk: High Risk","Risk Reference Prices (Current: 0.02) | Lower Warning: 0.02, Lower Danger: 0.02, Upper Warning: 0.02, Upper Danger: 0.02",WATCHLIST
POLYX/USDT,MATURE,0.05,Downward,-1,1.8,85,49.28,Neutral,-0.5,High Risk,Caution,0.0,38.7,C,Caution,Risk Mitigation,-1.208343500110778,"WATCHLIST: Reference return -0.5%, Safety 0.0/100, Risk: High Risk","Risk Reference Prices (Current: 0.05) | Lower Warning: 0.05, Lower Danger: 0.04, Upper Warning: 0.05, Upper Danger: 0.05",WATCHLIST
GAS/USDT,MATURE,1.77,Downward,-1,2.17,85,47.87,Neutral,0.53,High Risk,Caution,0.0,41.0,C,Caution,Risk Mitigation,-1.0483916520807357,"WATCHLIST: Reference return 0.5%, Safety 0.0/100, Risk: High Risk","Risk Reference Prices (Current: 1.77) | Lower Warning: 1.68, Lower Danger: 1.59, Upper Warning: 1.86, Upper Danger: 1.95",WATCHLIST
WBTC/USDT,MATURE,68980.81,Downward,-1,-1.13,35,55.15,Neutral,-0.49,Low Risk,Caution,28.9,10.8,D,Underweight,Conservative Allocation,-1.5244066754610148,"WATCHLIST: Reference return -0.5%, Safety 28.9/100, Risk: Low Risk","Risk Reference Prices (Current: 68980.81) | Lower Warning: 65531.77, Lower Danger: 62082.73, Upper Warning: 72429.85, Upper Danger: 75878.89",WATCHLIST
CRV/USDT,MATURE,0.21,Downward,-1,0.18,50,43.35,Neutral,-1.91,High Risk,Caution,0.0,18.3,D,Underweight,Conservative Allocation,-1.7136641120958156,"WATCHLIST: Reference return -1.9%, Safety 0.0/100, Risk: High Risk","Risk Reference Prices (Current: 0.21) | Lower Warning: 0.2, Lower Danger: 0.19, Upper Warning: 0.22, Upper Danger: 0.23",WATCHLIST
HUMA/USDT,MATURE,0.01,Downward,-1,-0.87,35,48.14,Neutral,-3.04,High Risk,Caution,0.0,6.0,D,Underweight,Conservative Allocation,-0.2572561524922787,"WATCHLIST: Reference return -3.0%, Safety 0.0/100, Risk: High Risk","Risk Reference Prices (Current: 0.01) | Lower Warning: 0.01, Lower Danger: 0.01, Upper Warning: 0.02, Upper Danger: 0.02",WATCHLIST
SNX/USDT,MATURE,0.29,Downward,-1,0.55,60,46.02,Neutral,-0.67,High Risk,Caution,0.0,24.3,D,Underweight,Conservative Allocation,-0.2373894208846472,"WATCHLIST: Reference return -0.7%, Safety 0.0/100, Risk: High Risk","Risk Reference Prices (Current: 0.29) | Lower Warning: 0.27, Lower Danger: 0.26, Upper Warning: 0.3, Upper Danger: 0.31",WATCHLIST
WIF/USDT,MATURE,0.18,Downward,-1,1.07,65,40.56,Neutral,-2.78,High Risk,Caution,0.0,28.9,D,Underweight,Conservative Allocation,-1.6541603723901586,"WATCHLIST: Reference return -2.8%, Safety 0.0/100, Risk: High Risk","Risk Reference Prices (Current: 0.18) | Lower Warning: 0.17, Lower Danger: 0.16, Upper Warning: 0.19, Upper Danger: 0.2",WATCHLIST
BROCCOLI714/USDT,MATURE,0.01,Downward,-1,0.37,50,44.34,Neutral,-1.9,High Risk,Caution,0.0,20.3,D,Underweight,Conservative Allocation,-0.115834615850219,"WATCHLIST: Reference return -1.9%, Safety 0.0/100, Risk: High Risk","Risk Reference Prices (Current: 0.01) | Lower Warning: 0.01, Lower Danger: 0.01, Upper Warning: 0.01, Upper Danger: 0.01",WATCHLIST
ETHFI/USDT,MATURE,0.45,Downward,-1,-2.17,10,50.68,Neutral,-0.4,High Risk,Caution,0.0,-6.3,D,Underweight,Conservative Allocation,-1.4267712233080314,"WATCHLIST: Reference return -0.4%, Safety 0.0/100, Risk: High Risk","Risk Reference Prices (Current: 0.45) | Lower Warning: 0.43, Lower Danger: 0.4, Upper Warning: 0.47, Upper Danger: 0.5",WATCHLIST
QNT/USDT,MATURE,75.25,Upward,1,1.19,80,56.06,Neutral,0.09,Low Risk,Caution,14.7,38.2,C,Caution,Risk Mitigation,-0.2278583936877204,"WATCHLIST: Reference return 0.1%, Safety 14.7/100, Risk: Low Risk","Risk Reference Prices (Current: 75.25) | Lower Warning: 71.49, Lower Danger: 67.73, Upper Warning: 79.01, Upper Danger: 82.78",WATCHLIST
ORDI/USDT,MATURE,2.36,Downward,-1,0.21,50,42.72,Neutral,-2.49,High Risk,Caution,0.0,18.5,D,Underweight,Conservative Allocation,-1.3404831098300465,"WATCHLIST: Reference return -2.5%, Safety 0.0/100, Risk: High Risk","Risk Reference Prices (Current: 2.36) | Lower Warning: 2.24, Lower Danger: 2.12, Upper Warning: 2.48, Upper Danger: 2.6",WATCHLIST
EDU/USDT,MATURE,0.05,Downward,-1,-0.98,40,28.85,Bearish,-8.77,High Risk,Caution,0.0,3.2,D,Underweight,Conservative Allocation,-0.8783776335126263,"WATCHLIST: Reference return -8.8%, Safety 0.0/100, Risk: High Risk","Risk Reference Prices (Current: 0.05) | Lower Warning: 0.05, Lower Danger: 0.04, Upper Warning: 0.05, Upper Danger: 0.05",WATCHLIST
OPN/USDT,WARM,0.19,Unknown,0,-1.27,20,50.0,Low Confidence,-2.6,High Risk,Caution,0.0,0.3,D,Underweight,Conservative Allocation,-4.9750710658230055,"WATCHLIST: Reference return -2.6%, Safety 0.0/100, Risk: High Risk","Risk Reference Prices (Current: 0.19) | Lower Warning: 0.18, Lower Danger: 0.17, Upper Warning: 0.2, Upper Danger: 0.21",WATCHLIST
WLFI/USDT,MATURE,0.1,Downward,-1,0.31,50,43.81,Neutral,-2.45,High Risk,Caution,10.3,21.7,D,Underweight,Conservative Allocation,-0.8454549000728883,"WATCHLIST: Reference return -2.5%, Safety 10.3/100, Risk: High Risk","Risk Reference Prices (Current: 0.10) | Lower Warning: 0.09, Lower Danger: 0.09, Upper Warning: 0.1, Upper Danger: 0.11",WATCHLIST
CAKE/USDT,MATURE,1.42,Downward,-1,0.47,60,49.14,Neutral,-0.63,High Risk,Caution,2.9,24.6,D,Underweight,Conservative Allocation,-0.5951037921611004,"WATCHLIST: Reference return -0.6%, Safety 2.9/100, Risk: High Risk","Risk Reference Prices (Current: 1.42) | Lower Warning: 1.35, Lower Danger: 1.28, Upper Warning: 1.49, Upper Danger: 1.56",WATCHLIST
DYDX/USDT,MATURE,0.1,Downward,-1,1.43,75,42.46,Neutral,-1.44,High Risk,Caution,0.0,33.6,D,Underweight,Conservative Allocation,-2.3548664124505616,"WATCHLIST: Reference return -1.4%, Safety 0.0/100, Risk: High Risk","Risk Reference Prices (Current: 0.10) | Lower Warning: 0.1, Lower Danger: 0.09, Upper Warning: 0.11, Upper Danger: 0.11",WATCHLIST
ZRO/USDT,MATURE,1.87,Upward,1,-0.78,35,52.8,Neutral,1.51,Low Risk,Caution,1.5,10.3,D,Underweight,Conservative Allocation,0.2239307243065379,"WATCHLIST: Reference return 1.5%, Safety 1.5/100, Risk: Low Risk","Risk Reference Prices (Current: 1.87) | Lower Warning: 1.78, Lower Danger: 1.68, Upper Warning: 1.96, Upper Danger: 2.06",WATCHLIST
CELO/USDT,MATURE,0.09,Downward,-1,1.0,65,46.5,Neutral,-0.44,High Risk,Caution,0.0,29.2,D,Underweight,Conservative Allocation,-1.4276138278043686,"WATCHLIST: Reference return -0.4%, Safety 0.0/100, Risk: High Risk","Risk Reference Prices (Current: 0.09) | Lower Warning: 0.08, Lower Danger: 0.08, Upper Warning: 0.09, Upper Danger: 0.1",WATCHLIST
SOMI/USDT,MATURE,0.17,Downward,-1,0.33,60,42.85,Neutral,-1.51,High Risk,Caution,0.0,21.7,D,Underweight,Conservative Allocation,-1.3839735570222582,"WATCHLIST: Reference return -1.5%, Safety 0.0/100, Risk: High Risk","Risk Reference Prices (Current: 0.17) | Lower Warning: 0.16, Lower Danger: 0.15, Upper Warning: 0.17, Upper Danger: 0.18",WATCHLIST
SCRT/USDT,MATURE,0.09,Downward,-1,0.93,40,41.34,Neutral,-2.72,High Risk,Caution,0.0,22.9,D,Underweight,Conservative Allocation,-0.5186023171107639,"WATCHLIST: Reference return -2.7%, Safety 0.0/100, Risk: High Risk","Risk Reference Prices (Current: 0.09) | Lower Warning: 0.09, Lower Danger: 0.08, Upper Warning: 0.1, Upper Danger: 0.1",WATCHLIST
MAGIC/USDT,MATURE,0.06,Downward,-1,0.24,50,43.51,Neutral,-0.83,High Risk,Caution,0.0,18.9,D,Underweight,Conservative Allocation,-1.493835471639193,"WATCHLIST: Reference return -0.8%, Safety 0.0/100, Risk: High Risk","Risk Reference Prices (Current: 0.06) | Lower Warning: 0.05, Lower Danger: 0.05, Upper Warning: 0.06, Upper Danger: 0.06",WATCHLIST
AVNT/USDT,MATURE,0.13,Downward,-1,-0.47,25,35.17,Bearish,-5.43,High Risk,Caution,0.0,5.7,D,Underweight,Conservative Allocation,-1.261366200844222,"WATCHLIST: Reference return -5.4%, Safety 0.0/100, Risk: High Risk","Risk Reference Prices (Current: 0.13) | Lower Warning: 0.12, Lower Danger: 0.12, Upper Warning: 0.14, Upper Danger: 0.14",WATCHLIST
BIO/USDT,MATURE,0.02,Downward,-1,0.16,50,35.0,Bearish,-4.29,High Risk,Caution,0.0,16.8,D,Underweight,Conservative Allocation,-2.4332502318067566,"WATCHLIST: Reference return -4.3%, Safety 0.0/100, Risk: High Risk","Risk Reference Prices (Current: 0.02) | Lower Warning: 0.02, Lower Danger: 0.02, Upper Warning: 0.02, Upper Danger: 0.02",WATCHLIST
ZEN/USDT,MATURE,5.23,Downward,-1,-0.86,35,45.27,Neutral,-2.23,High Risk,Caution,0.0,5.7,D,Underweight,Conservative Allocation,0.1288550267723075,"WATCHLIST: Reference return -2.2%, Safety 0.0/100, Risk: High Risk","Risk Reference Prices (Current: 5.23) | Lower Warning: 4.97, Lower Danger: 4.71, Upper Warning: 5.49, Upper Danger: 5.75",WATCHLIST
S/USDT,MATURE,0.04,Downward,-1,-1.35,35,45.24,Neutral,-2.27,High Risk,Caution,0.0,2.0,D,Underweight,Conservative Allocation,-2.3004744409467297,"WATCHLIST: Reference return -2.3%, Safety 0.0/100, Risk: High Risk","Risk Reference Prices (Current: 0.04) | Lower Warning: 0.04, Lower Danger: 0.04, Upper Warning: 0.04, Upper Danger: 0.04",WATCHLIST
JTO/USDT,MATURE,0.27,Downward,-1,-1.49,45,50.95,Neutral,-1.37,High Risk,Caution,0.0,4.0,D,Underweight,Conservative Allocation,-2.1361305682545413,"WATCHLIST: Reference return -1.4%, Safety 0.0/100, Risk: High Risk","Risk Reference Prices (Current: 0.27) | Lower Warning: 0.26, Lower Danger: 0.25, Upper Warning: 0.29, Upper Danger: 0.3",WATCHLIST
BUSD/USDT,MATURE,1.0,Upward,1,3.92,100,50.01,Neutral,0.0,Low Risk,Safe,98.3,66.4,B+,Potential,Selective Planning,-5.202851222978068,"ATTENTION: Reference return 0.0%, Safety 98.3/100, Risk: Low Risk","Risk Reference Prices (Current: 1.00) | Lower Warning: 0.95, Lower Danger: 0.9, Upper Warning: 1.05, Upper Danger: 1.1",ATTENTION
HFT/USDT,MATURE,0.01,Downward,-1,0.19,60,37.78,Bearish,-2.65,High Risk,Caution,0.0,19.6,D,Underweight,Conservative Allocation,-2.1409705370558494,"WATCHLIST: Reference return -2.6%, Safety 0.0/100, Risk: High Risk","Risk Reference Prices (Current: 0.01) | Lower Warning: 0.01, Lower Danger: 0.01, Upper Warning: 0.01, Upper Danger: 0.02",WATCHLIST
OP/USDT,MATURE,0.11,Downward,-1,0.4,70,34.32,Bearish,-3.54,High Risk,Caution,0.0,23.1,D,Underweight,Conservative Allocation,-2.6655882803931554,"WATCHLIST: Reference return -3.5%, Safety 0.0/100, Risk: High Risk","Risk Reference Prices (Current: 0.11) | Lower Warning: 0.1, Lower Danger: 0.1, Upper Warning: 0.12, Upper Danger: 0.12",WATCHLIST
RNDR/USDT,MATURE,7.03,Downward,-1,3.61,75,35.49,Bearish,-2.79,High Risk,Caution,0.0,39.3,C,Caution,Risk Mitigation,1.1446522471296166,"WATCHLIST: Reference return -2.8%, Safety 0.0/100, Risk: High Risk","Risk Reference Prices (Current: 7.03) | Lower Warning: 6.68, Lower Danger: 6.33, Upper Warning: 7.38, Upper Danger: 7.73",WATCHLIST
C/USDT,MATURE,0.07,Downward,-1,1.85,85,52.59,Neutral,-2.2,High Risk,Caution,0.0,39.5,C,Caution,Risk Mitigation,-0.7939091115629736,"WATCHLIST: Reference return -2.2%, Safety 0.0/100, Risk: High Risk","Risk Reference Prices (Current: 0.07) | Lower Warning: 0.07, Lower Danger: 0.06, Upper Warning: 0.07, Upper Danger: 0.08",WATCHLIST
MBOX/USDT,MATURE,0.01,Downward,-1,-2.94,20,37.6,Bearish,-5.58,High Risk,Caution,0.0,-8.4,D,Underweight,Conservative Allocation,-2.141952742484901,"WATCHLIST: Reference return -5.6%, Safety 0.0/100, Risk: High Risk","Risk Reference Prices (Current: 0.01) | Lower Warning: 0.01, Lower Danger: 0.01, Upper Warning: 0.01, Upper Danger: 0.01",WATCHLIST
T/USDT,MATURE,0.01,Downward,-1,0.36,60,43.62,Neutral,-0.84,High Risk,Caution,7.2,23.6,D,Underweight,Conservative Allocation,-2.041188193954881,"WATCHLIST: Reference return -0.8%, Safety 7.2/100, Risk: High Risk","Risk Reference Prices (Current: 0.01) | Lower Warning: 0.01, Lower Danger: 0.01, Upper Warning: 0.01, Upper Danger: 0.01",WATCHLIST
LINEA/USDT,MATURE,0.0,Downward,-1,0.18,50,42.24,Neutral,-0.77,High Risk,Caution,0.0,18.1,D,Underweight,Conservative Allocation,-2.165935735682758,"WATCHLIST: Reference return -0.8%, Safety 0.0/100, Risk: High Risk","Risk Reference Prices (Current: 0.00) | Lower Warning: 0.0, Lower Danger: 0.0, Upper Warning: 0.0, Upper Danger: 0.0",WATCHLIST
COCOS/USDT,MATURE,1.75,Downward,-1,2.81,65,52.05,Neutral,1.49,High Risk,Caution,0.0,41.0,C,Caution,Risk Mitigation,1.5850867639439272,"WATCHLIST: Reference return 1.5%, Safety 0.0/100, Risk: High Risk","Risk Reference Prices (Current: 1.75) | Lower Warning: 1.67, Lower Danger: 1.58, Upper Warning: 1.84, Upper Danger: 1.93",WATCHLIST
VANRY/USDT,MATURE,0.01,Downward,-1,-1.69,45,43.82,Neutral,-3.48,High Risk,Caution,0.0,1.8,D,Underweight,Conservative Allocation,-1.910927068699089,"WATCHLIST: Reference return -3.5%, Safety 0.0/100, Risk: High Risk","Risk Reference Prices (Current: 0.01) | Lower Warning: 0.0, Lower Danger: 0.0, Upper Warning: 0.01, Upper Danger: 0.01",WATCHLIST
POLY/USDT,MATURE,0.27,Upward,1,3.96,100,50.61,Neutral,-1.56,High Risk,Caution,0.0,46.8,C+,Watchlist,Double Check,0.1445422651463732,"ATTENTION: Reference return -1.6%, Safety 0.0/100, Risk: High Risk","Risk Reference Prices (Current: 0.27) | Lower Warning: 0.26, Lower Danger: 0.24, Upper Warning: 0.28, Upper Danger: 0.3",ATTENTION
RAY/USDT,MATURE,0.62,Downward,-1,0.99,65,46.5,Neutral,-1.22,High Risk,Caution,0.0,29.1,D,Underweight,Conservative Allocation,-2.1287278699112666,"WATCHLIST: Reference return -1.2%, Safety 0.0/100, Risk: High Risk","Risk Reference Prices (Current: 0.62) | Lower Warning: 0.59, Lower Danger: 0.56, Upper Warning: 0.65, Upper Danger: 0.68",WATCHLIST
VIC/USDT,MATURE,0.05,Downward,-1,0.85,75,40.75,Neutral,-4.02,High Risk,Caution,0.0,29.1,D,Underweight,Conservative Allocation,-2.043121839582317,"WATCHLIST: Reference return -4.0%, Safety 0.0/100, Risk: High Risk","Risk Reference Prices (Current: 0.05) | Lower Warning: 0.04, Lower Danger: 0.04, Upper Warning: 0.05, Upper Danger: 0.05",WATCHLIST
LUNC/USDT,MATURE,0.0,Downward,-1,-1.43,55,51.53,Neutral,-1.22,High Risk,Caution,20.3,10.5,D,Underweight,Conservative Allocation,-0.0727511133217572,"WATCHLIST: Reference return -1.2%, Safety 20.3/100, Risk: High Risk","Risk Reference Prices (Current: 0.00) | Lower Warning: 0.0, Lower Danger: 0.0, Upper Warning: 0.0, Upper Danger: 0.0",WATCHLIST
ACE/USDT,MATURE,0.12,Downward,-1,-0.57,25,36.82,Bearish,-4.54,High Risk,Caution,0.0,5.0,D,Underweight,Conservative Allocation,-1.7614047092578933,"WATCHLIST: Reference return -4.5%, Safety 0.0/100, Risk: High Risk","Risk Reference Prices (Current: 0.12) | Lower Warning: 0.11, Lower Danger: 0.1, Upper Warning: 0.12, Upper Danger: 0.13",WATCHLIST
MAV/USDT,MATURE,0.01,Downward,-1,0.19,60,39.98,Bearish,-2.79,High Risk,Caution,0.0,19.9,D,Underweight,Conservative Allocation,-1.6604674493218037,"WATCHLIST: Reference return -2.8%, Safety 0.0/100, Risk: High Risk","Risk Reference Prices (Current: 0.01) | Lower Warning: 0.01, Lower Danger: 0.01, Upper Warning: 0.01, Upper Danger: 0.02",WATCHLIST
1INCH/USDT,MATURE,0.09,Downward,-1,-1.29,35,45.83,Neutral,-1.29,High Risk,Caution,5.1,3.5,D,Underweight,Conservative Allocation,-1.3697708185890742,"WATCHLIST: Reference return -1.3%, Safety 5.1/100, Risk: High Risk","Risk Reference Prices (Current: 0.09) | Lower Warning: 0.08, Lower Danger: 0.08, Upper Warning: 0.09, Upper Danger: 0.1",WATCHLIST
ROBO/USDT,WARM,0.02,Unknown,0,-1.23,10,50.0,Low Confidence,-2.2,High Risk,Caution,0.0,-1.5,D,Underweight,Conservative Allocation,-7.585499924538976,"WATCHLIST: Reference return -2.2%, Safety 0.0/100, Risk: High Risk","Risk Reference Prices (Current: 0.02) | Lower Warning: 0.02, Lower Danger: 0.02, Upper Warning: 0.02, Upper Danger: 0.02",WATCHLIST
THETA/USDT,MATURE,0.16,Downward,-1,0.38,60,39.59,Bearish,-2.69,High Risk,Caution,0.0,21.7,D,Underweight,Conservative Allocation,-2.1838361974242413,"WATCHLIST: Reference return -2.7%, Safety 0.0/100, Risk: High Risk","Risk Reference Prices (Current: 0.16) | Lower Warning: 0.15, Lower Danger: 0.14, Upper Warning: 0.16, Upper Danger: 0.17",WATCHLIST
TIA/USDT,MATURE,0.29,Downward,-1,-2.03,10,45.54,Neutral,-2.3,High Risk,Caution,0.0,-6.5,D,Underweight,Conservative Allocation,-2.0271730673319315,"WATCHLIST: Reference return -2.3%, Safety 0.0/100, Risk: High Risk","Risk Reference Prices (Current: 0.29) | Lower Warning: 0.27, Lower Danger: 0.26, Upper Warning: 0.3, Upper Danger: 0.32",WATCHLIST
OGN/USDT,MATURE,0.02,Downward,-1,-1.84,55,46.71,Neutral,-3.53,High Risk,Caution,1.3,3.7,D,Underweight,Conservative Allocation,-1.1607774919327225,"WATCHLIST: Reference return -3.5%, Safety 1.3/100, Risk: High Risk","Risk Reference Prices (Current: 0.02) | Lower Warning: 0.02, Lower Danger: 0.02, Upper Warning: 0.02, Upper Danger: 0.02",WATCHLIST
RUNE/USDT,MATURE,0.39,Downward,-1,-1.21,35,47.51,Neutral,-0.25,High Risk,Caution,1.6,3.6,D,Underweight,Conservative Allocation,-2.3781562137896626,"WATCHLIST: Reference return -0.2%, Safety 1.6/100, Risk: High Risk","Risk Reference Prices (Current: 0.39) | Lower Warning: 0.37, Lower Danger: 0.35, Upper Warning: 0.41, Upper Danger: 0.42",WATCHLIST
SKY/USDT,MATURE,0.07,Upward,1,3.73,90,53.88,Neutral,1.35,Low Risk,Caution,27.1,52.8,C+,Watchlist,Double Check,0.1693408153443951,"ATTENTION: Reference return 1.4%, Safety 27.1/100, Risk: Low Risk","Risk Reference Prices (Current: 0.07) | Lower Warning: 0.07, Lower Danger: 0.07, Upper Warning: 0.08, Upper Danger: 0.08",ATTENTION
BABY/USDT,MATURE,0.01,Downward,-1,0.44,70,47.06,Neutral,-3.26,High Risk,Caution,0.0,25.4,D,Underweight,Conservative Allocation,-1.573903096609822,"WATCHLIST: Reference return -3.3%, Safety 0.0/100, Risk: High Risk","Risk Reference Prices (Current: 0.01) | Lower Warning: 0.01, Lower Danger: 0.01, Upper Warning: 0.01, Upper Danger: 0.01",WATCHLIST
AR/USDT,MATURE,1.65,Downward,-1,-1.33,35,43.07,Neutral,-2.72,High Risk,Caution,0.0,1.8,D,Underweight,Conservative Allocation,-1.3193199949061312,"WATCHLIST: Reference return -2.7%, Safety 0.0/100, Risk: High Risk","Risk Reference Prices (Current: 1.65) | Lower Warning: 1.57, Lower Danger: 1.48, Upper Warning: 1.73, Upper Danger: 1.82",WATCHLIST
FTM/USDT,MATURE,0.7,Downward,-1,0.24,35,50.11,Neutral,-1.36,High Risk,Caution,0.0,16.9,D,Underweight,Conservative Allocation,0.7858299560508445,"WATCHLIST: Reference return -1.4%, Safety 0.0/100, Risk: High Risk","Risk Reference Prices (Current: 0.70) | Lower Warning: 0.66, Lower Danger: 0.63, Upper Warning: 0.73, Upper Danger: 0.77",WATCHLIST
EIGEN/USDT,MATURE,0.15,Downward,-1,-2.92,20,41.49,Neutral,-5.26,High Risk,Caution,0.0,-7.7,D,Underweight,Conservative Allocation,-2.8898824888143277,"WATCHLIST: Reference return -5.3%, Safety 0.0/100, Risk: High Risk","Risk Reference Prices (Current: 0.15) | Lower Warning: 0.15, Lower Danger: 0.14, Upper Warning: 0.16, Upper Danger: 0.17",WATCHLIST
LUNA/USDT,MATURE,0.06,Downward,-1,-2.91,20,45.67,Neutral,-2.0,High Risk,Caution,6.8,-5.7,D,Underweight,Conservative Allocation,-0.7804762799351399,"WATCHLIST: Reference return -2.0%, Safety 6.8/100, Risk: High Risk","Risk Reference Prices (Current: 0.06) | Lower Warning: 0.05, Lower Danger: 0.05, Upper Warning: 0.06, Upper Danger: 0.06",WATCHLIST
IOTA/USDT,MATURE,0.06,Downward,-1,0.18,50,42.91,Neutral,-2.26,High Risk,Caution,0.0,18.2,D,Underweight,Conservative Allocation,-1.997896477890993,"WATCHLIST: Reference return -2.3%, Safety 0.0/100, Risk: High Risk","Risk Reference Prices (Current: 0.06) | Lower Warning: 0.06, Lower Danger: 0.05, Upper Warning: 0.06, Upper Danger: 0.07",WATCHLIST
GAL/USDT,MATURE,2.54,Downward,-1,4.41,85,39.41,Bearish,-1.02,High Risk,Caution,0.0,42.4,C,Caution,Risk Mitigation,0.4728178217128641,"WATCHLIST: Reference return -1.0%, Safety 0.0/100, Risk: High Risk","Risk Reference Prices (Current: 2.54) | Lower Warning: 2.41, Lower Danger: 2.29, Upper Warning: 2.67, Upper Danger: 2.8",WATCHLIST
XAI/USDT,MATURE,0.01,Downward,-1,-1.69,45,44.6,Neutral,-3.27,High Risk,Caution,0.0,1.9,D,Underweight,Conservative Allocation,-1.5579141371165262,"WATCHLIST: Reference return -3.3%, Safety 0.0/100, Risk: High Risk","Risk Reference Prices (Current: 0.01) | Lower Warning: 0.01, Lower Danger: 0.01, Upper Warning: 0.01, Upper Danger: 0.01",WATCHLIST
AEVO/USDT,MATURE,0.02,Downward,-1,0.39,60,43.05,Neutral,-1.2,High Risk,Caution,0.0,22.3,D,Underweight,Conservative Allocation,-1.6603096229350862,"WATCHLIST: Reference return -1.2%, Safety 0.0/100, Risk: High Risk","Risk Reference Prices (Current: 0.02) | Lower Warning: 0.02, Lower Danger: 0.02, Upper Warning: 0.03, Upper Danger: 0.03",WATCHLIST
NEIRO/USDT,MATURE,0.0,Downward,-1,-0.47,35,39.01,Bearish,-3.71,High Risk,Caution,0.0,8.2,D,Underweight,Conservative Allocation,-1.9619090929834329,"WATCHLIST: Reference return -3.7%, Safety 0.0/100, Risk: High Risk","Risk Reference Prices (Current: 0.00) | Lower Warning: 0.0, Lower Danger: 0.0, Upper Warning: 0.0, Upper Danger: 0.0",WATCHLIST
ROSE/USDT,MATURE,0.01,Downward,-1,-1.45,30,40.08,Neutral,-3.19,High Risk,Caution,5.5,0.7,D,Underweight,Conservative Allocation,-0.9310877941944236,"WATCHLIST: Reference return -3.2%, Safety 5.5/100, Risk: High Risk","Risk Reference Prices (Current: 0.01) | Lower Warning: 0.01, Lower Danger: 0.01, Upper Warning: 0.01, Upper Danger: 0.01",WATCHLIST
FLOKI/USDT,MATURE,0.0,Downward,-1,-1.36,35,44.57,Neutral,-1.72,High Risk,Caution,0.3,1.9,D,Underweight,Conservative Allocation,-1.6201455770353557,"WATCHLIST: Reference return -1.7%, Safety 0.3/100, Risk: High Risk","Risk Reference Prices (Current: 0.00) | Lower Warning: 0.0, Lower Danger: 0.0, Upper Warning: 0.0, Upper Danger: 0.0",WATCHLIST
ANKR/USDT,MATURE,0.01,Downward,-1,1.94,85,50.41,Neutral,0.45,High Risk,Caution,0.0,40.3,C,Caution,Risk Mitigation,-1.575847779113095,"WATCHLIST: Reference return 0.4%, Safety 0.0/100, Risk: High Risk","Risk Reference Prices (Current: 0.01) | Lower Warning: 0.01, Lower Danger: 0.0, Upper Warning: 0.01, Upper Danger: 0.01",WATCHLIST
AUDIO/USDT,MATURE,0.02,Downward,-1,-2.91,20,42.6,Neutral,-3.06,High Risk,Caution,5.8,-6.4,D,Underweight,Conservative Allocation,-2.6180103752526778,"WATCHLIST: Reference return -3.1%, Safety 5.8/100, Risk: High Risk","Risk Reference Prices (Current: 0.02) | Lower Warning: 0.02, Lower Danger: 0.02, Upper Warning: 0.02, Upper Danger: 0.02",WATCHLIST
LDO/USDT,MATURE,0.32,Downward,-1,1.08,65,43.23,Neutral,-0.91,High Risk,Caution,0.0,29.3,D,Underweight,Conservative Allocation,-1.8330832894795088,"WATCHLIST: Reference return -0.9%, Safety 0.0/100, Risk: High Risk","Risk Reference Prices (Current: 0.32) | Lower Warning: 0.3, Lower Danger: 0.29, Upper Warning: 0.33, Upper Danger: 0.35",WATCHLIST
KAITO/USDT,MATURE,0.42,Downward,-1,1.5,75,55.01,Neutral,0.77,High Risk,Caution,0.0,37.2,C,Caution,Risk Mitigation,-1.121209029160312,"WATCHLIST: Reference return 0.8%, Safety 0.0/100, Risk: High Risk","Risk Reference Prices (Current: 0.42) | Lower Warning: 0.4, Lower Danger: 0.38, Upper Warning: 0.44, Upper Danger: 0.47",WATCHLIST
A2Z/USDT,MATURE,0.0,Downward,-1,-1.81,40,31.79,Bearish,-8.24,High Risk,Caution,0.0,-1.6,D,Underweight,Conservative Allocation,-2.9871979358663725,"WATCHLIST: Reference return -8.2%, Safety 0.0/100, Risk: High Risk","Risk Reference Prices (Current: 0.00) | Lower Warning: 0.0, Lower Danger: 0.0, Upper Warning: 0.0, Upper Danger: 0.0",WATCHLIST
ATOM/USDT,MATURE,1.7,Downward,-1,0.19,50,45.06,Neutral,-0.88,High Risk,Caution,16.4,21.9,D,Underweight,Conservative Allocation,-1.6739001376258382,"WATCHLIST: Reference return -0.9%, Safety 16.4/100, Risk: High Risk","Risk Reference Prices (Current: 1.70) | Lower Warning: 1.61, Lower Danger: 1.53, Upper Warning: 1.78, Upper Danger: 1.86",WATCHLIST
KERNEL/USDT,MATURE,0.1,Upward,1,1.94,100,62.94,Bullish,1.5,High Risk,Caution,0.0,46.9,C+,Watchlist,Double Check,-0.4213409730466284,"WATCHLIST: Reference return 1.5%, Safety 0.0/100, Risk: High Risk","Risk Reference Prices (Current: 0.10) | Lower Warning: 0.1, Lower Danger: 0.09, Upper Warning: 0.11, Upper Danger: 0.11",WATCHLIST
ENSO/USDT,MATURE,0.92,Downward,-1,-2.5,20,40.28,Neutral,-7.5,High Risk,Caution,0.0,-6.9,D,Underweight,Conservative Allocation,-0.0637637418815257,"WATCHLIST: Reference return -7.5%, Safety 0.0/100, Risk: High Risk","Risk Reference Prices (Current: 0.92) | Lower Warning: 0.87, Lower Danger: 0.83, Upper Warning: 0.96, Upper Danger: 1.01",WATCHLIST
OMNI/USDT,MATURE,3.88,Upward,1,1.69,85,48.37,Neutral,-3.17,High Risk,Caution,0.0,38.0,C,Caution,Risk Mitigation,0.7435380639875386,"WATCHLIST: Reference return -3.2%, Safety 0.0/100, Risk: High Risk","Risk Reference Prices (Current: 3.88) | Lower Warning: 3.69, Lower Danger: 3.49, Upper Warning: 4.07, Upper Danger: 4.27",WATCHLIST
STRK/USDT,MATURE,0.03,Downward,-1,-0.42,35,36.95,Bearish,-4.44,High Risk,Caution,0.0,8.4,D,Underweight,Conservative Allocation,-1.120419868697866,"WATCHLIST: Reference return -4.4%, Safety 0.0/100, Risk: High Risk","Risk Reference Prices (Current: 0.03) | Lower Warning: 0.03, Lower Danger: 0.03, Upper Warning: 0.03, Upper Danger: 0.04",WATCHLIST
SENT/USDT,MATURE,0.02,Unknown,0,-2.08,0,36.28,Bearish,-6.75,High Risk,Caution,0.0,-10.1,D,Underweight,Conservative Allocation,-1.154671785062697,"WATCHLIST: Reference return -6.8%, Safety 0.0/100, Risk: High Risk","Risk Reference Prices (Current: 0.02) | Lower Warning: 0.02, Lower Danger: 0.01, Upper Warning: 0.02, Upper Danger: 0.02",WATCHLIST
SAND/USDT,MATURE,0.08,Downward,-1,0.18,50,43.35,Neutral,-1.43,High Risk,Caution,0.0,18.3,D,Underweight,Conservative Allocation,-1.8480649756433631,"WATCHLIST: Reference return -1.4%, Safety 0.0/100, Risk: High Risk","Risk Reference Prices (Current: 0.08) | Lower Warning: 0.07, Lower Danger: 0.07, Upper Warning: 0.08, Upper Danger: 0.08",WATCHLIST
RDNT/USDT,MATURE,0.0,Downward,-1,-2.28,10,37.55,Bearish,-4.74,High Risk,Caution,0.0,-8.7,D,Underweight,Conservative Allocation,-1.5743887201254132,"WATCHLIST: Reference return -4.7%, Safety 0.0/100, Risk: High Risk","Risk Reference Prices (Current: 0.00) | Lower Warning: 0.0, Lower Danger: 0.0, Upper Warning: 0.0, Upper Danger: 0.0",WATCHLIST
TOMO/USDT,MATURE,1.38,Upward,1,1.09,60,51.39,Neutral,1.05,Mediate Risk,Caution,0.0,31.4,D,Underweight,Conservative Allocation,0.9203707262734498,"WATCHLIST: Reference return 1.1%, Safety 0.0/100, Risk: Mediate Risk","Risk Reference Prices (Current: 1.38) | Lower Warning: 1.31, Lower Danger: 1.24, Upper Warning: 1.45, Upper Danger: 1.52",WATCHLIST
ALLO/USDT,MATURE,0.11,Upward,1,-1.13,35,60.51,Neutral,2.37,High Risk,Caution,0.0,9.8,D,Underweight,Conservative Allocation,-1.4765632910779676,"WATCHLIST: Reference return 2.4%, Safety 0.0/100, Risk: High Risk","Risk Reference Prices (Current: 0.11) | Lower Warning: 0.1, Lower Danger: 0.1, Upper Warning: 0.11, Upper Danger: 0.12",WATCHLIST
MATIC/USDT,MATURE,0.38,Downward,-1,-3.35,30,42.92,Neutral,-2.62,High Risk,Caution,0.0,-6.2,D,Underweight,Conservative Allocation,-1.5357424882752395,"WATCHLIST: Reference return -2.6%, Safety 0.0/100, Risk: High Risk","Risk Reference Prices (Current: 0.38) | Lower Warning: 0.36, Lower Danger: 0.34, Upper Warning: 0.4, Upper Danger: 0.42",WATCHLIST
ID/USDT,MATURE,0.03,Downward,-1,-0.95,30,37.05,Bearish,-4.39,High Risk,Caution,0.0,2.7,D,Underweight,Conservative Allocation,-2.696189932248963,"WATCHLIST: Reference return -4.4%, Safety 0.0/100, Risk: High Risk","Risk Reference Prices (Current: 0.03) | Lower Warning: 0.03, Lower Danger: 0.03, Upper Warning: 0.03, Upper Danger: 0.03",WATCHLIST
AMP/USDT,MATURE,0.0,Downward,-1,-1.73,30,38.31,Bearish,-3.75,High Risk,Caution,0.0,-2.2,D,Underweight,Conservative Allocation,-2.4546660150610915,"WATCHLIST: Reference return -3.8%, Safety 0.0/100, Risk: High Risk","Risk Reference Prices (Current: 0.00) | Lower Warning: 0.0, Lower Danger: 0.0, Upper Warning: 0.0, Upper Danger: 0.0",WATCHLIST
INJ/USDT,MATURE,2.82,Downward,-1,-1.35,35,45.72,Neutral,-2.54,High Risk,Caution,0.0,2.1,D,Underweight,Conservative Allocation,-2.1564294951292458,"WATCHLIST: Reference return -2.5%, Safety 0.0/100, Risk: High Risk","Risk Reference Prices (Current: 2.81) | Lower Warning: 2.67, Lower Danger: 2.53, Upper Warning: 2.96, Upper Danger: 3.1",WATCHLIST
DENT/USDT,MATURE,0.0,Upward,1,-3.16,30,49.99,Neutral,-5.08,High Risk,Caution,0.0,-4.9,D,Underweight,Conservative Allocation,-0.9210582732756272,"WATCHLIST: Reference return -5.1%, Safety 0.0/100, Risk: High Risk","Risk Reference Prices (Current: 0.00) | Lower Warning: 0.0, Lower Danger: 0.0, Upper Warning: 0.0, Upper Danger: 0.0",WATCHLIST
MUBARAK/USDT,MATURE,0.01,Downward,-1,-2.75,20,42.28,Neutral,-4.18,High Risk,Caution,0.0,-7.3,D,Underweight,Conservative Allocation,-1.01671535488602,"WATCHLIST: Reference return -4.2%, Safety 0.0/100, Risk: High Risk","Risk Reference Prices (Current: 0.01) | Lower Warning: 0.01, Lower Danger: 0.01, Upper Warning: 0.01, Upper Danger: 0.01",WATCHLIST
W/USDT,MATURE,0.01,Downward,-1,-2.67,20,38.43,Bearish,-3.84,High Risk,Caution,0.0,-7.6,D,Underweight,Conservative Allocation,-2.970782382858844,"WATCHLIST: Reference return -3.8%, Safety 0.0/100, Risk: High Risk","Risk Reference Prices (Current: 0.01) | Lower Warning: 0.01, Lower Danger: 0.01, Upper Warning: 0.01, Upper Danger: 0.01",WATCHLIST
TVK/USDT,MATURE,0.05,Upward,1,1.91,85,66.39,Bullish,5.05,High Risk,Caution,0.0,49.9,C+,Watchlist,Double Check,1.1167626511242807,"WATCHLIST: Reference return 5.1%, Safety 0.0/100, Risk: High Risk","Risk Reference Prices (Current: 0.05) | Lower Warning: 0.05, Lower Danger: 0.05, Upper Warning: 0.06, Upper Danger: 0.06",WATCHLIST
TURBO/USDT,MATURE,0.0,Downward,-1,-1.49,45,45.9,Neutral,-3.87,High Risk,Caution,0.0,3.2,D,Underweight,Conservative Allocation,-1.2085736451873887,"WATCHLIST: Reference return -3.9%, Safety 0.0/100, Risk: High Risk","Risk Reference Prices (Current: 0.00) | Lower Warning: 0.0, Lower Danger: 0.0, Upper Warning: 0.0, Upper Danger: 0.0",WATCHLIST
ENJ/USDT,MATURE,0.02,Downward,-1,-1.89,55,45.74,Neutral,-2.52,High Risk,Caution,0.0,3.1,D,Underweight,Conservative Allocation,-1.6587833401219625,"WATCHLIST: Reference return -2.5%, Safety 0.0/100, Risk: High Risk","Risk Reference Prices (Current: 0.02) | Lower Warning: 0.02, Lower Danger: 0.02, Upper Warning: 0.02, Upper Danger: 0.02",WATCHLIST
0G/USDT,MATURE,0.49,Downward,-1,0.18,50,43.36,Neutral,-2.41,High Risk,Caution,0.0,18.3,D,Underweight,Conservative Allocation,-1.732176061571474,"WATCHLIST: Reference return -2.4%, Safety 0.0/100, Risk: High Risk","Risk Reference Prices (Current: 0.49) | Lower Warning: 0.47, Lower Danger: 0.44, Upper Warning: 0.52, Upper Danger: 0.54",WATCHLIST
BB/USDT,MATURE,0.02,Downward,-1,0.2,50,38.29,Bearish,-3.54,High Risk,Caution,0.0,17.7,D,Underweight,Conservative Allocation,-2.3883216280126343,"WATCHLIST: Reference return -3.5%, Safety 0.0/100, Risk: High Risk","Risk Reference Prices (Current: 0.02) | Lower Warning: 0.02, Lower Danger: 0.02, Upper Warning: 0.02, Upper Danger: 0.03",WATCHLIST
1000CHEEMS/USDT,MATURE,0.0,Downward,-1,-1.09,35,41.39,Neutral,-2.4,High Risk,Caution,0.0,3.3,D,Underweight,Conservative Allocation,-0.8424485737082178,"WATCHLIST: Reference return -2.4%, Safety 0.0/100, Risk: High Risk","Risk Reference Prices (Current: 0.00) | Lower Warning: 0.0, Lower Danger: 0.0, Upper Warning: 0.0, Upper Danger: 0.0",WATCHLIST
BIGTIME/USDT,MATURE,0.01,Downward,-1,0.19,50,41.08,Neutral,-2.19,High Risk,Caution,0.0,18.1,D,Underweight,Conservative Allocation,-2.2102506705743514,"WATCHLIST: Reference return -2.2%, Safety 0.0/100, Risk: High Risk","Risk Reference Prices (Current: 0.01) | Lower Warning: 0.01, Lower Danger: 0.01, Upper Warning: 0.01, Upper Danger: 0.01",WATCHLIST
TUT/USDT,MATURE,0.01,Downward,-1,0.24,50,42.4,Neutral,-2.26,High Risk,Caution,0.0,18.7,D,Underweight,Conservative Allocation,-1.1165811351430288,"WATCHLIST: Reference return -2.3%, Safety 0.0/100, Risk: High Risk","Risk Reference Prices (Current: 0.01) | Lower Warning: 0.01, Lower Danger: 0.01, Upper Warning: 0.01, Upper Danger: 0.01",WATCHLIST
MIRA/USDT,MATURE,0.08,Downward,-1,0.18,50,42.44,Neutral,-2.05,High Risk,Caution,0.0,18.2,D,Underweight,Conservative Allocation,-3.422227424260673,"WATCHLIST: Reference return -2.1%, Safety 0.0/100, Risk: High Risk","Risk Reference Prices (Current: 0.08) | Lower Warning: 0.07, Lower Danger: 0.07, Upper Warning: 0.08, Upper Danger: 0.08",WATCHLIST
USDE/USDT,MATURE,1.0,Upward,1,-0.93,35,50.01,Neutral,0.0,Low Risk,Safe,99.4,25.7,D,Underweight,Conservative Allocation,-7.971015228368691,"WATCHLIST: Reference return 0.0%, Safety 99.4/100, Risk: Low Risk","Risk Reference Prices (Current: 1.00) | Lower Warning: 0.95, Lower Danger: 0.9, Upper Warning: 1.05, Upper Danger: 1.1",WATCHLIST
AXS/USDT,MATURE,1.1,Downward,-1,0.32,50,39.36,Bearish,-2.8,High Risk,Caution,7.7,20.6,D,Underweight,Conservative Allocation,-0.3651181432343861,"WATCHLIST: Reference return -2.8%, Safety 7.7/100, Risk: High Risk","Risk Reference Prices (Current: 1.10) | Lower Warning: 1.05, Lower Danger: 0.99, Upper Warning: 1.16, Upper Danger: 1.21",WATCHLIST
OPEN/USDT,MATURE,0.17,Downward,-1,1.02,65,49.55,Neutral,-0.46,High Risk,Caution,0.0,29.8,D,Underweight,Conservative Allocation,-1.441305815564845,"WATCHLIST: Reference return -0.5%, Safety 0.0/100, Risk: High Risk","Risk Reference Prices (Current: 0.17) | Lower Warning: 0.16, Lower Danger: 0.15, Upper Warning: 0.18, Upper Danger: 0.19",WATCHLIST
TWT/USDT,MATURE,0.39,Downward,-1,-3.23,30,40.97,Neutral,-2.83,High Risk,Caution,0.0,-6.3,D,Underweight,Conservative Allocation,-1.099061869037469,"WATCHLIST: Reference return -2.8%, Safety 0.0/100, Risk: High Risk","Risk Reference Prices (Current: 0.39) | Lower Warning: 0.37, Lower Danger: 0.35, Upper Warning: 0.41, Upper Danger: 0.43",WATCHLIST
KNC/USDT,MATURE,0.13,Downward,-1,-1.9,55,45.08,Neutral,-1.64,High Risk,Caution,0.0,3.0,D,Underweight,Conservative Allocation,-1.897220076683496,"WATCHLIST: Reference return -1.6%, Safety 0.0/100, Risk: High Risk","Risk Reference Prices (Current: 0.13) | Lower Warning: 0.12, Lower Danger: 0.12, Upper Warning: 0.14, Upper Danger: 0.14",WATCHLIST
EOS/USDT,MATURE,0.78,Upward,1,-0.83,55,56.15,Neutral,1.85,High Risk,Caution,0.0,14.6,D,Underweight,Conservative Allocation,1.0830296179495116,"WATCHLIST: Reference return 1.8%, Safety 0.0/100, Risk: High Risk","Risk Reference Prices (Current: 0.78) | Lower Warning: 0.74, Lower Danger: 0.7, Upper Warning: 0.82, Upper Danger: 0.86",WATCHLIST
BANK/USDT,MATURE,0.03,Downward,-1,-1.85,10,50.43,Neutral,-1.83,High Risk,Caution,0.0,-5.0,D,Underweight,Conservative Allocation,-0.3781615549657531,"WATCHLIST: Reference return -1.8%, Safety 0.0/100, Risk: High Risk","Risk Reference Prices (Current: 0.03) | Lower Warning: 0.03, Lower Danger: 0.03, Upper Warning: 0.03, Upper Danger: 0.03",WATCHLIST
LOKA/USDT,MATURE,0.12,Upward,1,2.35,75,56.55,Neutral,1.14,High Risk,Caution,0.0,41.9,C,Caution,Risk Mitigation,0.0650629380433613,"ATTENTION: Reference return 1.1%, Safety 0.0/100, Risk: High Risk","Risk Reference Prices (Current: 0.12) | Lower Warning: 0.12, Lower Danger: 0.11, Upper Warning: 0.13, Upper Danger: 0.14",ATTENTION
FLOW/USDT,MATURE,0.03,Downward,-1,0.16,50,37.2,Bearish,-4.32,High Risk,Caution,0.0,17.2,D,Underweight,Conservative Allocation,-2.439990897548776,"WATCHLIST: Reference return -4.3%, Safety 0.0/100, Risk: High Risk","Risk Reference Prices (Current: 0.03) | Lower Warning: 0.03, Lower Danger: 0.03, Upper Warning: 0.03, Upper Danger: 0.03",WATCHLIST
TST/USDT,MATURE,0.01,Downward,-1,0.17,50,41.56,Neutral,-2.0,High Risk,Caution,0.0,17.9,D,Underweight,Conservative Allocation,-1.6709535695889717,"WATCHLIST: Reference return -2.0%, Safety 0.0/100, Risk: High Risk","Risk Reference Prices (Current: 0.01) | Lower Warning: 0.01, Lower Danger: 0.01, Upper Warning: 0.01, Upper Danger: 0.01",WATCHLIST
EUL/USDT,MATURE,0.92,Downward,-1,0.98,65,43.34,Neutral,-2.36,High Risk,Caution,0.0,28.6,D,Underweight,Conservative Allocation,-2.681893134928708,"WATCHLIST: Reference return -2.4%, Safety 0.0/100, Risk: High Risk","Risk Reference Prices (Current: 0.92) | Lower Warning: 0.87, Lower Danger: 0.83, Upper Warning: 0.96, Upper Danger: 1.01",WATCHLIST
BEL/USDT,MATURE,0.1,Downward,-1,0.29,50,46.15,Neutral,-0.46,High Risk,Caution,0.0,19.8,D,Underweight,Conservative Allocation,-0.716354231287825,"WATCHLIST: Reference return -0.5%, Safety 0.0/100, Risk: High Risk","Risk Reference Prices (Current: 0.10) | Lower Warning: 0.09, Lower Danger: 0.09, Upper Warning: 0.1, Upper Danger: 0.11",WATCHLIST
BLZ/USDT,MATURE,0.06,Upward,1,-1.53,40,56.35,Neutral,-2.13,High Risk,Caution,0.0,3.6,D,Underweight,Conservative Allocation,-1.2165119569489555,"WATCHLIST: Reference return -2.1%, Safety 0.0/100, Risk: High Risk","Risk Reference Prices (Current: 0.06) | Lower Warning: 0.06, Lower Danger: 0.05, Upper Warning: 0.06, Upper Danger: 0.06",WATCHLIST
HIFI/USDT,MATURE,0.13,Upward,1,4.73,100,50.54,Neutral,1.9,High Risk,Caution,0.0,50.4,C+,Watchlist,Double Check,0.6403759293445564,"ATTENTION: Reference return 1.9%, Safety 0.0/100, Risk: High Risk","Risk Reference Prices (Current: 0.13) | Lower Warning: 0.12, Lower Danger: 0.11, Upper Warning: 0.13, Upper Danger: 0.14",ATTENTION
OG/USDT,MATURE,2.63,Downward,-1,0.22,50,39.08,Bearish,-1.98,High Risk,Caution,0.0,18.1,D,Underweight,Conservative Allocation,-1.4420022570274706,"WATCHLIST: Reference return -2.0%, Safety 0.0/100, Risk: High Risk","Risk Reference Prices (Current: 2.63) | Lower Warning: 2.49, Lower Danger: 2.36, Upper Warning: 2.76, Upper Danger: 2.89",WATCHLIST
KLAY/USDT,MATURE,0.13,Downward,-1,0.26,50,45.75,Neutral,-0.8,Low Risk,Caution,28.4,25.1,D,Underweight,Conservative Allocation,-0.75506194500566,"WATCHLIST: Reference return -0.8%, Safety 28.4/100, Risk: Low Risk","Risk Reference Prices (Current: 0.13) | Lower Warning: 0.12, Lower Danger: 0.11, Upper Warning: 0.13, Upper Danger: 0.14",WATCHLIST
HNT/USDT,MATURE,4.67,Downward,-1,-1.28,35,41.22,Neutral,-6.23,High Risk,Caution,0.0,1.9,D,Underweight,Conservative Allocation,-1.0333428602074095,"WATCHLIST: Reference return -6.2%, Safety 0.0/100, Risk: High Risk","Risk Reference Prices (Current: 4.67) | Lower Warning: 4.44, Lower Danger: 4.2, Upper Warning: 4.9, Upper Danger: 5.14",WATCHLIST
CHR/USDT,MATURE,0.02,Downward,-1,1.68,75,33.68,Bearish,-4.94,High Risk,Caution,0.0,33.8,D,Underweight,Conservative Allocation,-2.300629984670373,"WATCHLIST: Reference return -4.9%, Safety 0.0/100, Risk: High Risk","Risk Reference Prices (Current: 0.02) | Lower Warning: 0.02, Lower Danger: 0.02, Upper Warning: 0.02, Upper Danger: 0.02",WATCHLIST
BETH/USDT,MATURE,1556.27,Downward,-1,-2.23,20,56.44,Neutral,-1.13,Low Risk,Mediate,54.8,7.3,D,Underweight,Conservative Allocation,-0.4101061733658971,"WATCHLIST: Reference return -1.1%, Safety 54.8/100, Risk: Low Risk","Risk Reference Prices (Current: 1556.27) | Lower Warning: 1478.46, Lower Danger: 1400.64, Upper Warning: 1634.08, Upper Danger: 1711.9",WATCHLIST
YB/USDT,MATURE,0.11,Downward,-1,0.25,70,38.16,Bearish,-4.24,High Risk,Caution,0.0,22.2,D,Underweight,Conservative Allocation,-1.844561344083128,"WATCHLIST: Reference return -4.2%, Safety 0.0/100, Risk: High Risk","Risk Reference Prices (Current: 0.11) | Lower Warning: 0.11, Lower Danger: 0.1, Upper Warning: 0.12, Upper Danger: 0.13",WATCHLIST
SXP/USDT,MATURE,0.0,Downward,-1,-1.64,30,26.45,Bearish,-15.67,High Risk,Caution,0.0,-3.5,D,Underweight,Conservative Allocation,-4.009693980849891,"WATCHLIST: Reference return -15.7%, Safety 0.0/100, Risk: High Risk","Risk Reference Prices (Current: 0.00) | Lower Warning: 0.0, Lower Danger: 0.0, Upper Warning: 0.0, Upper Danger: 0.0",WATCHLIST
EPIC/USDT,MATURE,0.26,Downward,-1,0.19,50,40.44,Neutral,-2.65,High Risk,Caution,0.0,18.0,D,Underweight,Conservative Allocation,-2.4879560939989607,"WATCHLIST: Reference return -2.6%, Safety 0.0/100, Risk: High Risk","Risk Reference Prices (Current: 0.26) | Lower Warning: 0.25, Lower Danger: 0.23, Upper Warning: 0.27, Upper Danger: 0.28",WATCHLIST
GALA/USDT,MATURE,0.0,Downward,-1,-0.48,35,37.5,Bearish,-4.34,High Risk,Caution,0.0,7.9,D,Underweight,Conservative Allocation,-2.4825579102076847,"WATCHLIST: Reference return -4.3%, Safety 0.0/100, Risk: High Risk","Risk Reference Prices (Current: 0.00) | Lower Warning: 0.0, Lower Danger: 0.0, Upper Warning: 0.0, Upper Danger: 0.0",WATCHLIST
DGB/USDT,MATURE,0.0,Downward,-1,1.56,75,46.33,Neutral,-0.86,High Risk,Caution,0.0,35.0,C,Caution,Risk Mitigation,-0.559856170929642,"WATCHLIST: Reference return -0.9%, Safety 0.0/100, Risk: High Risk","Risk Reference Prices (Current: 0.00) | Lower Warning: 0.0, Lower Danger: 0.0, Upper Warning: 0.0, Upper Danger: 0.0",WATCHLIST
PLA/USDT,MATURE,0.23,Downward,-1,1.63,70,42.49,Neutral,-2.24,Mediate Risk,Caution,0.0,33.8,D,Underweight,Conservative Allocation,0.7117223459658067,"WATCHLIST: Reference return -2.2%, Safety 0.0/100, Risk: Mediate Risk","Risk Reference Prices (Current: 0.23) | Lower Warning: 0.22, Lower Danger: 0.21, Upper Warning: 0.25, Upper Danger: 0.26",WATCHLIST
LIT/USDT,MATURE,0.74,Downward,-1,3.84,75,41.83,Neutral,-4.21,High Risk,Caution,0.0,40.4,C,Caution,Risk Mitigation,0.5740075649273608,"WATCHLIST: Reference return -4.2%, Safety 0.0/100, Risk: High Risk","Risk Reference Prices (Current: 0.74) | Lower Warning: 0.71, Lower Danger: 0.67, Upper Warning: 0.78, Upper Danger: 0.82",WATCHLIST
AGIX/USDT,MATURE,0.61,Downward,-1,1.16,60,40.7,Neutral,-2.52,High Risk,Caution,0.0,28.6,D,Underweight,Conservative Allocation,1.2003703839347153,"WATCHLIST: Reference return -2.5%, Safety 0.0/100, Risk: High Risk","Risk Reference Prices (Current: 0.61) | Lower Warning: 0.58, Lower Danger: 0.55, Upper Warning: 0.64, Upper Danger: 0.68",WATCHLIST
CFX/USDT,MATURE,0.05,Downward,-1,-2.85,20,51.43,Neutral,-3.05,High Risk,Caution,0.0,-6.1,D,Underweight,Conservative Allocation,-1.6472862743867949,"WATCHLIST: Reference return -3.0%, Safety 0.0/100, Risk: High Risk","Risk Reference Prices (Current: 0.05) | Lower Warning: 0.05, Lower Danger: 0.05, Upper Warning: 0.05, Upper Danger: 0.06",WATCHLIST
PYTH/USDT,MATURE,0.04,Downward,-1,0.36,60,43.36,Neutral,-4.59,High Risk,Caution,0.0,22.1,D,Underweight,Conservative Allocation,-1.8054038920715731,"WATCHLIST: Reference return -4.6%, Safety 0.0/100, Risk: High Risk","Risk Reference Prices (Current: 0.04) | Lower Warning: 0.04, Lower Danger: 0.04, Upper Warning: 0.04, Upper Danger: 0.04",WATCHLIST
CITY/USDT,MATURE,0.51,Downward,-1,-0.37,25,47.13,Neutral,-2.63,High Risk,Caution,28.7,14.2,D,Underweight,Conservative Allocation,-1.3369943877354011,"WATCHLIST: Reference return -2.6%, Safety 28.7/100, Risk: High Risk","Risk Reference Prices (Current: 0.51) | Lower Warning: 0.48, Lower Danger: 0.46, Upper Warning: 0.53, Upper Danger: 0.56",WATCHLIST
DNT/USDT,MATURE,0.04,Downward,-1,0.45,60,41.34,Neutral,-2.76,High Risk,Caution,0.0,22.6,D,Underweight,Conservative Allocation,-1.215690710345807,"WATCHLIST: Reference return -2.8%, Safety 0.0/100, Risk: High Risk","Risk Reference Prices (Current: 0.04) | Lower Warning: 0.03, Lower Danger: 0.03, Upper Warning: 0.04, Upper Danger: 0.04",WATCHLIST
FORM/USDT,MATURE,0.2,Downward,-1,-2.61,20,48.85,Neutral,-5.31,High Risk,Caution,0.0,-5.9,D,Underweight,Conservative Allocation,-1.4210883938788772,"WATCHLIST: Reference return -5.3%, Safety 0.0/100, Risk: High Risk","Risk Reference Prices (Current: 0.20) | Lower Warning: 0.19, Lower Danger: 0.18, Upper Warning: 0.21, Upper Danger: 0.22",WATCHLIST
BNX/USDT,MATURE,1.78,Upward,1,3.05,75,57.94,Neutral,-1.02,High Risk,Caution,0.0,41.9,C,Caution,Risk Mitigation,0.951021152490912,"ATTENTION: Reference return -1.0%, Safety 0.0/100, Risk: High Risk","Risk Reference Prices (Current: 1.78) | Lower Warning: 1.69, Lower Danger: 1.6, Upper Warning: 1.87, Upper Danger: 1.96",ATTENTION
YFII/USDT,MATURE,435.5,Downward,-1,-1.96,40,36.4,Bearish,-1.35,High Risk,Caution,0.0,-1.6,D,Underweight,Conservative Allocation,-2.1048617231244977,"WATCHLIST: Reference return -1.4%, Safety 0.0/100, Risk: High Risk","Risk Reference Prices (Current: 435.50) | Lower Warning: 413.72, Lower Danger: 391.95, Upper Warning: 457.28, Upper Danger: 479.05",WATCHLIST
PYR/USDT,MATURE,0.26,Downward,-1,-2.55,20,41.65,Neutral,-2.26,High Risk,Caution,0.0,-6.9,D,Underweight,Conservative Allocation,-0.8598621991898037,"WATCHLIST: Reference return -2.3%, Safety 0.0/100, Risk: High Risk","Risk Reference Prices (Current: 0.26) | Lower Warning: 0.24, Lower Danger: 0.23, Upper Warning: 0.27, Upper Danger: 0.28",WATCHLIST
MFT/USDT,MATURE,0.01,Upward,1,-0.7,45,51.11,Neutral,0.32,High Risk,Caution,1.0,10.7,D,Underweight,Conservative Allocation,1.0225492394760425,"WATCHLIST: Reference return 0.3%, Safety 1.0/100, Risk: High Risk","Risk Reference Prices (Current: 0.01) | Lower Warning: 0.0, Lower Danger: 0.0, Upper Warning: 0.01, Upper Danger: 0.01",WATCHLIST
NEO/USDT,MATURE,2.78,Downward,-1,1.48,75,47.53,Neutral,-0.93,High Risk,Caution,2.2,35.2,C,Caution,Risk Mitigation,-1.3353500888082468,"WATCHLIST: Reference return -0.9%, Safety 2.2/100, Risk: High Risk","Risk Reference Prices (Current: 2.78) | Lower Warning: 2.64, Lower Danger: 2.5, Upper Warning: 2.92, Upper Danger: 3.06",WATCHLIST
BEAM/USDT,MATURE,0.07,Downward,-1,-1.36,40,44.04,Neutral,-1.29,High Risk,Caution,0.0,2.8,D,Underweight,Conservative Allocation,-0.1024345160123328,"WATCHLIST: Reference return -1.3%, Safety 0.0/100, Risk: High Risk","Risk Reference Prices (Current: 0.07) | Lower Warning: 0.06, Lower Danger: 0.06, Upper Warning: 0.07, Upper Danger: 0.07",WATCHLIST
BTG/USDT,MATURE,17.65,Downward,-1,0.66,70,40.76,Neutral,-2.32,High Risk,Caution,3.3,27.2,D,Underweight,Conservative Allocation,-0.5491463125179773,"WATCHLIST: Reference return -2.3%, Safety 3.3/100, Risk: High Risk","Risk Reference Prices (Current: 17.65) | Lower Warning: 16.77, Lower Danger: 15.88, Upper Warning: 18.53, Upper Danger: 19.42",WATCHLIST
DAR/USDT,MATURE,0.22,Upward,1,4.32,100,53.43,Neutral,8.26,Mediate Risk,Caution,0.0,60.0,B,Attention,Opportunity Confirmation,1.102404630861161,"ATTENTION: Reference return 8.3%, Safety 0.0/100, Risk: Mediate Risk","Risk Reference Prices (Current: 0.22) | Lower Warning: 0.21, Lower Danger: 0.2, Upper Warning: 0.23, Upper Danger: 0.24",ATTENTION
PNUT/USDT,MATURE,0.04,Downward,-1,0.17,50,41.4,Neutral,-2.9,High Risk,Caution,0.0,17.9,D,Underweight,Conservative Allocation,-2.2029755154744666,"WATCHLIST: Reference return -2.9%, Safety 0.0/100, Risk: High Risk","Risk Reference Prices (Current: 0.04) | Lower Warning: 0.04, Lower Danger: 0.04, Upper Warning: 0.04, Upper Danger: 0.04",WATCHLIST
STG/USDT,MATURE,0.23,Upward,1,1.58,85,60.28,Neutral,4.21,Mediate Risk,Caution,0.0,46.0,C+,Watchlist,Double Check,0.7437853917075345,"WATCHLIST: Reference return 4.2%, Safety 0.0/100, Risk: Mediate Risk","Risk Reference Prices (Current: 0.23) | Lower Warning: 0.22, Lower Danger: 0.21, Upper Warning: 0.24, Upper Danger: 0.25",WATCHLIST
OOKI/USDT,MATURE,0.0,Downward,-1,-1.75,40,41.63,Neutral,-0.27,High Risk,Caution,0.0,0.2,D,Underweight,Conservative Allocation,-3.310023724562124,"WATCHLIST: Reference return -0.3%, Safety 0.0/100, Risk: High Risk","Risk Reference Prices (Current: 0.00) | Lower Warning: 0.0, Lower Danger: 0.0, Upper Warning: 0.0, Upper Danger: 0.0",WATCHLIST
BAKE/USDT,MATURE,0.05,Downward,-1,1.48,70,43.06,Neutral,-3.05,High Risk,Caution,0.0,33.0,D,Underweight,Conservative Allocation,0.1643578369922098,"WATCHLIST: Reference return -3.0%, Safety 0.0/100, Risk: High Risk","Risk Reference Prices (Current: 0.05) | Lower Warning: 0.05, Lower Danger: 0.05, Upper Warning: 0.05, Upper Danger: 0.06",WATCHLIST
APE/USDT,MATURE,0.09,Downward,-1,0.31,60,36.08,Bearish,-3.47,High Risk,Caution,0.0,20.5,D,Underweight,Conservative Allocation,-2.758949266212085,"WATCHLIST: Reference return -3.5%, Safety 0.0/100, Risk: High Risk","Risk Reference Prices (Current: 0.09) | Lower Warning: 0.08, Lower Danger: 0.08, Upper Warning: 0.09, Upper Danger: 0.09",WATCHLIST
BOND/USDT,MATURE,2.15,Downward,-1,0.48,60,34.6,Bearish,-1.29,High Risk,Caution,0.0,21.9,D,Underweight,Conservative Allocation,-0.2482982611429823,"WATCHLIST: Reference return -1.3%, Safety 0.0/100, Risk: High Risk","Risk Reference Prices (Current: 2.15) | Lower Warning: 2.04, Lower Danger: 1.94, Upper Warning: 2.26, Upper Danger: 2.37",WATCHLIST
XVG/USDT,MATURE,0.0,Downward,-1,-2.41,20,41.28,Neutral,-2.49,High Risk,Caution,15.4,-3.4,D,Underweight,Conservative Allocation,0.1411166683995282,"WATCHLIST: Reference return -2.5%, Safety 15.4/100, Risk: High Risk","Risk Reference Prices (Current: 0.00) | Lower Warning: 0.0, Lower Danger: 0.0, Upper Warning: 0.0, Upper Danger: 0.0",WATCHLIST
KAVA/USDT,MATURE,0.05,Downward,-1,-1.22,35,46.04,Neutral,-3.72,High Risk,Caution,0.0,3.0,D,Underweight,Conservative Allocation,-2.0348016565336797,"WATCHLIST: Reference return -3.7%, Safety 0.0/100, Risk: High Risk","Risk Reference Prices (Current: 0.05) | Lower Warning: 0.05, Lower Danger: 0.05, Upper Warning: 0.05, Upper Danger: 0.06",WATCHLIST
JUP/USDT,MATURE,0.16,Downward,-1,0.99,65,47.14,Neutral,-2.38,High Risk,Caution,0.0,29.2,D,Underweight,Conservative Allocation,-1.6620621920448997,"WATCHLIST: Reference return -2.4%, Safety 0.0/100, Risk: High Risk","Risk Reference Prices (Current: 0.16) | Lower Warning: 0.15, Lower Danger: 0.15, Upper Warning: 0.17, Upper Danger: 0.18",WATCHLIST
EURI/USDT,MATURE,1.15,Downward,-1,1.24,65,49.03,Neutral,-0.19,Low Risk,Safe,90.7,49.5,C+,Watchlist,Double Check,-1.2640556654345605,"WATCHLIST: Reference return -0.2%, Safety 90.7/100, Risk: Low Risk","Risk Reference Prices (Current: 1.15) | Lower Warning: 1.09, Lower Danger: 1.04, Upper Warning: 1.21, Upper Danger: 1.27",WATCHLIST
FF/USDT,MATURE,0.07,Downward,-1,0.26,50,45.35,Neutral,-0.75,High Risk,Caution,12.6,21.9,D,Underweight,Conservative Allocation,-1.1235647016299086,"WATCHLIST: Reference return -0.8%, Safety 12.6/100, Risk: High Risk","Risk Reference Prices (Current: 0.07) | Lower Warning: 0.07, Lower Danger: 0.06, Upper Warning: 0.07, Upper Danger: 0.08",WATCHLIST
ADX/USDT,MATURE,0.07,Downward,-1,1.83,85,44.68,Neutral,-2.46,High Risk,Caution,7.6,39.7,C,Caution,Risk Mitigation,-0.8213126880230335,"WATCHLIST: Reference return -2.5%, Safety 7.6/100, Risk: High Risk","Risk Reference Prices (Current: 0.07) | Lower Warning: 0.07, Lower Danger: 0.07, Upper Warning: 0.08, Upper Danger: 0.08",WATCHLIST
IO/USDT,MATURE,0.1,Downward,-1,-2.22,10,47.26,Neutral,-1.79,High Risk,Caution,0.0,-7.0,D,Underweight,Conservative Allocation,-2.1263261772775195,"WATCHLIST: Reference return -1.8%, Safety 0.0/100, Risk: High Risk","Risk Reference Prices (Current: 0.10) | Lower Warning: 0.09, Lower Danger: 0.09, Upper Warning: 0.1, Upper Danger: 0.11",WATCHLIST
ARKM/USDT,MATURE,0.09,Downward,-1,-2.25,10,41.73,Neutral,-2.79,High Risk,Caution,0.0,-7.9,D,Underweight,Conservative Allocation,-2.371071675501512,"WATCHLIST: Reference return -2.8%, Safety 0.0/100, Risk: High Risk","Risk Reference Prices (Current: 0.09) | Lower Warning: 0.09, Lower Danger: 0.08, Upper Warning: 0.1, Upper Danger: 0.1",WATCHLIST
OMG/USDT,MATURE,0.38,Downward,-1,-1.41,40,42.42,Neutral,-2.21,High Risk,Caution,0.0,2.2,D,Underweight,Conservative Allocation,-0.2944567193230833,"WATCHLIST: Reference return -2.2%, Safety 0.0/100, Risk: High Risk","Risk Reference Prices (Current: 0.38) | Lower Warning: 0.36, Lower Danger: 0.34, Upper Warning: 0.4, Upper Danger: 0.42",WATCHLIST
RSR/USDT,MATURE,0.0,Downward,-1,-1.22,35,46.67,Neutral,-0.88,High Risk,Caution,0.0,3.1,D,Underweight,Conservative Allocation,-1.8660332679866047,"WATCHLIST: Reference return -0.9%, Safety 0.0/100, Risk: High Risk","Risk Reference Prices (Current: 0.00) | Lower Warning: 0.0, Lower Danger: 0.0, Upper Warning: 0.0, Upper Danger: 0.0",WATCHLIST
TURTLE/USDT,MATURE,0.04,Downward,-1,0.34,60,46.82,Neutral,0.0,High Risk,Caution,0.0,22.4,D,Underweight,Conservative Allocation,-1.8444912706410737,"WATCHLIST: Reference return 0.0%, Safety 0.0/100, Risk: High Risk","Risk Reference Prices (Current: 0.04) | Lower Warning: 0.04, Lower Danger: 0.04, Upper Warning: 0.05, Upper Danger: 0.05",WATCHLIST
ESP/USDT,WARM,0.07,Unknown,0,-0.77,10,50.0,Low Confidence,-2.2,High Risk,Caution,6.5,3.5,D,Underweight,Conservative Allocation,0.9735356088417396,"WATCHLIST: Reference return -2.2%, Safety 6.5/100, Risk: High Risk","Risk Reference Prices (Current: 0.07) | Lower Warning: 0.07, Lower Danger: 0.07, Upper Warning: 0.08, Upper Danger: 0.08",WATCHLIST
BTCST/USDT,MATURE,5.35,Downward,-1,-1.58,10,41.16,Neutral,-0.51,High Risk,Caution,0.0,-5.0,D,Underweight,Conservative Allocation,0.5152780516178302,"WATCHLIST: Reference return -0.5%, Safety 0.0/100, Risk: High Risk","Risk Reference Prices (Current: 5.35) | Lower Warning: 5.08, Lower Danger: 4.81, Upper Warning: 5.62, Upper Danger: 5.88",WATCHLIST
GUN/USDT,MATURE,0.01,Downward,-1,-1.8,10,39.0,Bearish,-6.07,High Risk,Caution,0.0,-6.5,D,Underweight,Conservative Allocation,0.072587258964572,"WATCHLIST: Reference return -6.1%, Safety 0.0/100, Risk: High Risk","Risk Reference Prices (Current: 0.01) | Lower Warning: 0.01, Lower Danger: 0.01, Upper Warning: 0.01, Upper Danger: 0.02",WATCHLIST
DYM/USDT,MATURE,0.02,Downward,-1,-1.29,20,34.4,Bearish,-6.43,High Risk,Caution,0.0,-2.2,D,Underweight,Conservative Allocation,-1.7482404714159103,"WATCHLIST: Reference return -6.4%, Safety 0.0/100, Risk: High Risk","Risk Reference Prices (Current: 0.02) | Lower Warning: 0.02, Lower Danger: 0.02, Upper Warning: 0.02, Upper Danger: 0.02",WATCHLIST
ZRX/USDT,MATURE,0.11,Downward,-1,0.3,50,47.62,Neutral,-0.1,High Risk,Caution,3.8,20.9,D,Underweight,Conservative Allocation,-1.114051256201761,"WATCHLIST: Reference return -0.1%, Safety 3.8/100, Risk: High Risk","Risk Reference Prices (Current: 0.11) | Lower Warning: 0.1, Lower Danger: 0.1, Upper Warning: 0.11, Upper Danger: 0.12",WATCHLIST
RED/USDT,MATURE,0.11,Downward,-1,0.3,60,32.94,Bearish,-6.26,High Risk,Caution,0.0,19.9,D,Underweight,Conservative Allocation,-2.401268095439542,"WATCHLIST: Reference return -6.3%, Safety 0.0/100, Risk: High Risk","Risk Reference Prices (Current: 0.11) | Lower Warning: 0.1, Lower Danger: 0.1, Upper Warning: 0.12, Upper Danger: 0.12",WATCHLIST
TREE/USDT,MATURE,0.06,Downward,-1,0.18,50,44.13,Neutral,-2.25,High Risk,Caution,0.0,18.4,D,Underweight,Conservative Allocation,-2.092294782477563,"WATCHLIST: Reference return -2.2%, Safety 0.0/100, Risk: High Risk","Risk Reference Prices (Current: 0.06) | Lower Warning: 0.06, Lower Danger: 0.06, Upper Warning: 0.06, Upper Danger: 0.07",WATCHLIST
ALT/USDT,MATURE,0.01,Downward,-1,0.32,60,39.99,Bearish,-2.57,High Risk,Caution,0.0,21.2,D,Underweight,Conservative Allocation,-2.106300451442645,"WATCHLIST: Reference return -2.6%, Safety 0.0/100, Risk: High Risk","Risk Reference Prices (Current: 0.01) | Lower Warning: 0.01, Lower Danger: 0.01, Upper Warning: 0.01, Upper Danger: 0.01",WATCHLIST
BFUSD/USDT,MATURE,1.0,Downward,-1,2.65,75,49.99,Neutral,0.0,Low Risk,Safe,99.7,59.8,B,Attention,Opportunity Confirmation,-12.253048690580107,"WATCHLIST: Reference return 0.0%, Safety 99.7/100, Risk: Low Risk","Risk Reference Prices (Current: 1.00) | Lower Warning: 0.95, Lower Danger: 0.9, Upper Warning: 1.05, Upper Danger: 1.1",WATCHLIST
LPT/USDT,MATURE,2.09,Downward,-1,0.34,60,44.12,Neutral,-1.19,High Risk,Caution,5.5,23.1,D,Underweight,Conservative Allocation,-1.5099638201764582,"WATCHLIST: Reference return -1.2%, Safety 5.5/100, Risk: High Risk","Risk Reference Prices (Current: 2.09) | Lower Warning: 1.98, Lower Danger: 1.88, Upper Warning: 2.19, Upper Danger: 2.29",WATCHLIST
KAIA/USDT,MATURE,0.05,Downward,-1,0.37,60,44.22,Neutral,-1.33,High Risk,Caution,4.0,23.1,D,Underweight,Conservative Allocation,-1.2003616802396517,"WATCHLIST: Reference return -1.3%, Safety 4.0/100, Risk: High Risk","Risk Reference Prices (Current: 0.05) | Lower Warning: 0.05, Lower Danger: 0.04, Upper Warning: 0.05, Upper Danger: 0.05",WATCHLIST
MANTRA/USDT,WARM,0.01,Unknown,0,-1.76,20,50.0,Low Confidence,-2.6,High Risk,Caution,2.1,-2.2,D,Underweight,Conservative Allocation,-8.496785158244078,"WATCHLIST: Reference return -2.6%, Safety 2.1/100, Risk: High Risk","Risk Reference Prices (Current: 0.01) | Lower Warning: 0.01, Lower Danger: 0.01, Upper Warning: 0.01, Upper Danger: 0.01",WATCHLIST
1000SATS/USDT,MATURE,0.0,Downward,-1,0.24,50,45.68,Neutral,-0.5,High Risk,Caution,0.0,19.2,D,Underweight,Conservative Allocation,-1.137066108370125,"WATCHLIST: Reference return -0.5%, Safety 0.0/100, Risk: High Risk","Risk Reference Prices (Current: 0.00) | Lower Warning: 0.0, Lower Danger: 0.0, Upper Warning: 0.0, Upper Danger: 0.0",WATCHLIST
ENS/USDT,MATURE,5.75,Downward,-1,0.19,50,47.8,Neutral,-1.56,High Risk,Caution,0.0,19.1,D,Underweight,Conservative Allocation,-2.1172612637811508,"WATCHLIST: Reference return -1.6%, Safety 0.0/100, Risk: High Risk","Risk Reference Prices (Current: 5.75) | Lower Warning: 5.46, Lower Danger: 5.18, Upper Warning: 6.04, Upper Danger: 6.32",WATCHLIST
1000CAT/USDT,MATURE,0.0,Downward,-1,0.18,50,43.78,Neutral,-3.09,High Risk,Caution,0.0,18.4,D,Underweight,Conservative Allocation,-1.968726965606976,"WATCHLIST: Reference return -3.1%, Safety 0.0/100, Risk: High Risk","Risk Reference Prices (Current: 0.00) | Lower Warning: 0.0, Lower Danger: 0.0, Upper Warning: 0.0, Upper Danger: 0.0",WATCHLIST
SPELL/USDT,MATURE,0.0,Downward,-1,-2.9,20,43.51,Neutral,-1.91,High Risk,Caution,14.0,-4.6,D,Underweight,Conservative Allocation,-2.0135411904748857,"WATCHLIST: Reference return -1.9%, Safety 14.0/100, Risk: High Risk","Risk Reference Prices (Current: 0.00) | Lower Warning: 0.0, Lower Danger: 0.0, Upper Warning: 0.0, Upper Danger: 0.0",WATCHLIST
DUSK/USDT,MATURE,0.11,Upward,1,1.2,75,49.23,Neutral,1.48,High Risk,Caution,0.0,35.6,C,Caution,Risk Mitigation,1.1616796849341986,"WATCHLIST: Reference return 1.5%, Safety 0.0/100, Risk: High Risk","Risk Reference Prices (Current: 0.11) | Lower Warning: 0.11, Lower Danger: 0.1, Upper Warning: 0.12, Upper Danger: 0.12",WATCHLIST
FUN/USDT,MATURE,0.0,Downward,-1,1.46,75,51.89,Neutral,0.57,High Risk,Caution,0.0,36.2,C,Caution,Risk Mitigation,-2.2723441546678793,"WATCHLIST: Reference return 0.6%, Safety 0.0/100, Risk: High Risk","Risk Reference Prices (Current: 0.00) | Lower Warning: 0.0, Lower Danger: 0.0, Upper Warning: 0.0, Upper Danger: 0.0",WATCHLIST
PROVE/USDT,MATURE,0.22,Downward,-1,-2.32,20,39.93,Bearish,-2.26,High Risk,Caution,0.0,-6.4,D,Underweight,Conservative Allocation,-1.3567098427775075,"WATCHLIST: Reference return -2.3%, Safety 0.0/100, Risk: High Risk","Risk Reference Prices (Current: 0.22) | Lower Warning: 0.21, Lower Danger: 0.2, Upper Warning: 0.23, Upper Danger: 0.24",WATCHLIST
INIT/USDT,MATURE,0.08,Downward,-1,0.4,60,50.09,Neutral,1.58,High Risk,Caution,0.0,26.1,D,Underweight,Conservative Allocation,-1.1048481338534564,"WATCHLIST: Reference return 1.6%, Safety 0.0/100, Risk: High Risk","Risk Reference Prices (Current: 0.08) | Lower Warning: 0.08, Lower Danger: 0.07, Upper Warning: 0.09, Upper Danger: 0.09",WATCHLIST
AXL/USDT,MATURE,0.05,Downward,-1,-1.25,35,41.02,Neutral,-3.33,High Risk,Caution,0.0,2.1,D,Underweight,Conservative Allocation,-2.124717102091274,"WATCHLIST: Reference return -3.3%, Safety 0.0/100, Risk: High Risk","Risk Reference Prices (Current: 0.05) | Lower Warning: 0.04, Lower Danger: 0.04, Upper Warning: 0.05, Upper Danger: 0.05",WATCHLIST
NFP/USDT,MATURE,0.01,Downward,-1,-1.55,45,42.27,Neutral,-2.55,High Risk,Caution,0.0,2.3,D,Underweight,Conservative Allocation,-2.2014494497169097,"WATCHLIST: Reference return -2.5%, Safety 0.0/100, Risk: High Risk","Risk Reference Prices (Current: 0.01) | Lower Warning: 0.01, Lower Danger: 0.01, Upper Warning: 0.01, Upper Danger: 0.02",WATCHLIST
GRT/USDT,MATURE,0.02,Downward,-1,0.2,50,44.46,Neutral,-1.98,High Risk,Caution,1.5,19.0,D,Underweight,Conservative Allocation,-2.0177374004321793,"WATCHLIST: Reference return -2.0%, Safety 1.5/100, Risk: High Risk","Risk Reference Prices (Current: 0.02) | Lower Warning: 0.02, Lower Danger: 0.02, Upper Warning: 0.03, Upper Danger: 0.03",WATCHLIST
PLUME/USDT,MATURE,0.01,Downward,-1,-2.63,20,45.25,Neutral,-3.37,High Risk,Caution,0.0,-6.5,D,Underweight,Conservative Allocation,-2.84057644732604,"WATCHLIST: Reference return -3.4%, Safety 0.0/100, Risk: High Risk","Risk Reference Prices (Current: 0.01) | Lower Warning: 0.01, Lower Danger: 0.01, Upper Warning: 0.01, Upper Danger: 0.01",WATCHLIST
USUAL/USDT,MATURE,0.01,Downward,-1,0.18,50,41.76,Neutral,-3.58,High Risk,Caution,0.0,18.1,D,Underweight,Conservative Allocation,-1.69078977475691,"WATCHLIST: Reference return -3.6%, Safety 0.0/100, Risk: High Risk","Risk Reference Prices (Current: 0.01) | Lower Warning: 0.01, Lower Danger: 0.01, Upper Warning: 0.01, Upper Danger: 0.01",WATCHLIST
SUN/USDT,MATURE,0.02,Downward,-1,0.49,70,50.21,Neutral,-0.21,High Risk,Caution,18.6,30.1,D,Underweight,Conservative Allocation,-0.38126860861453366,"WATCHLIST: Reference return -0.2%, Safety 18.6/100, Risk: High Risk","Risk Reference Prices (Current: 0.02) | Lower Warning: 0.02, Lower Danger: 0.02, Upper Warning: 0.02, Upper Danger: 0.02",WATCHLIST
ANC/USDT,MATURE,0.03,Downward,-1,-3.49,30,32.37,Bearish,-2.56,High Risk,Caution,0.0,-8.0,D,Underweight,Conservative Allocation,-0.7426035359850288,"WATCHLIST: Reference return -2.6%, Safety 0.0/100, Risk: High Risk","Risk Reference Prices (Current: 0.03) | Lower Warning: 0.03, Lower Danger: 0.03, Upper Warning: 0.03, Upper Danger: 0.03",WATCHLIST
ADADOWN/USDT,MATURE,0.0,Downward,-1,2.42,65,43.53,Neutral,0.32,High Risk,Caution,0.0,36.8,C,Caution,Risk Mitigation,0.1876532119955091,"WATCHLIST: Reference return 0.3%, Safety 0.0/100, Risk: High Risk","Risk Reference Prices (Current: 0.00) | Lower Warning: 0.0, Lower Danger: 0.0, Upper Warning: 0.0, Upper Danger: 0.0",WATCHLIST
AIXBT/USDT,MATURE,0.02,Downward,-1,-1.16,35,50.71,Neutral,-1.95,High Risk,Caution,0.0,4.2,D,Underweight,Conservative Allocation,-1.254812729144909,"WATCHLIST: Reference return -1.9%, Safety 0.0/100, Risk: High Risk","Risk Reference Prices (Current: 0.02) | Lower Warning: 0.02, Lower Danger: 0.02, Upper Warning: 0.02, Upper Danger: 0.03",WATCHLIST
GPS/USDT,MATURE,0.01,Downward,-1,0.79,50,42.68,Neutral,-0.7,High Risk,Caution,0.0,23.9,D,Underweight,Conservative Allocation,0.08540591660896259,"WATCHLIST: Reference return -0.7%, Safety 0.0/100, Risk: High Risk","Risk Reference Prices (Current: 0.01) | Lower Warning: 0.01, Lower Danger: 0.01, Upper Warning: 0.01, Upper Danger: 0.01",WATCHLIST
ERN/USDT,MATURE,2.18,Downward,-1,2.62,60,40.94,Neutral,-1.7,High Risk,Caution,0.0,35.4,C,Caution,Risk Mitigation,0.21013972820179258,"WATCHLIST: Reference return -1.7%, Safety 0.0/100, Risk: High Risk","Risk Reference Prices (Current: 2.18) | Lower Warning: 2.07, Lower Danger: 1.96, Upper Warning: 2.29, Upper Danger: 2.4",WATCHLIST
ELF/USDT,MATURE,0.23,Downward,-1,-0.93,35,42.6,Neutral,-3.46,High Risk,Caution,0.0,4.7,D,Underweight,Conservative Allocation,-0.3031161671497546,"WATCHLIST: Reference return -3.5%, Safety 0.0/100, Risk: High Risk","Risk Reference Prices (Current: 0.23) | Lower Warning: 0.22, Lower Danger: 0.2, Upper Warning: 0.24, Upper Danger: 0.25",WATCHLIST
PARTI/USDT,MATURE,0.08,Downward,-1,-0.87,35,48.21,Neutral,-2.67,High Risk,Caution,0.0,6.0,D,Underweight,Conservative Allocation,0.038225270851240535,"WATCHLIST: Reference return -2.7%, Safety 0.0/100, Risk: High Risk","Risk Reference Prices (Current: 0.08) | Lower Warning: 0.08, Lower Danger: 0.07, Upper Warning: 0.09, Upper Danger: 0.09",WATCHLIST
MC/USDT,MATURE,0.49,Upward,1,0.49,60,62.69,Bullish,2.56,Low Risk,Caution,6.0,31.6,D,Underweight,Conservative Allocation,1.0468761743588637,"WATCHLIST: Reference return 2.6%, Safety 6.0/100, Risk: Low Risk","Risk Reference Prices (Current: 0.49) | Lower Warning: 0.46, Lower Danger: 0.44, Upper Warning: 0.51, Upper Danger: 0.53",WATCHLIST
NEXO/USDT,MATURE,0.85,Downward,-1,-2.06,10,52.4,Neutral,0.4,Low Risk,Caution,37.3,2.5,D,Underweight,Conservative Allocation,-1.198380945245692,"WATCHLIST: Reference return 0.4%, Safety 37.3/100, Risk: Low Risk","Risk Reference Prices (Current: 0.85) | Lower Warning: 0.81, Lower Danger: 0.77, Upper Warning: 0.89, Upper Danger: 0.94",WATCHLIST
BTTC/USDT,MATURE,0.0,Downward,-1,-1.22,35,47.3,Neutral,0.0,High Risk,Caution,18.7,6.9,D,Underweight,Conservative Allocation,-1.5259873975304017,"WATCHLIST: Reference return 0.0%, Safety 18.7/100, Risk: High Risk","Risk Reference Prices (Current: 0.00) | Lower Warning: 0.0, Lower Danger: 0.0, Upper Warning: 0.0, Upper Danger: 0.0",WATCHLIST
RAD/USDT,MATURE,0.22,Downward,-1,0.37,60,45.75,Neutral,-1.33,High Risk,Caution,10.9,24.7,D,Underweight,Conservative Allocation,-1.78773790252841,"WATCHLIST: Reference return -1.3%, Safety 10.9/100, Risk: High Risk","Risk Reference Prices (Current: 0.22) | Lower Warning: 0.21, Lower Danger: 0.19, Upper Warning: 0.23, Upper Danger: 0.24",WATCHLIST
LOOM/USDT,MATURE,0.05,Downward,-1,0.34,50,46.87,Neutral,-0.4,High Risk,Caution,0.0,20.4,D,Underweight,Conservative Allocation,-0.6467308778410541,"WATCHLIST: Reference return -0.4%, Safety 0.0/100, Risk: High Risk","Risk Reference Prices (Current: 0.05) | Lower Warning: 0.05, Lower Danger: 0.04, Upper Warning: 0.05, Upper Danger: 0.05",WATCHLIST
XTZ/USDT,MATURE,0.35,Downward,-1,-1.17,35,43.94,Neutral,-1.42,High Risk,Caution,18.3,6.7,D,Underweight,Conservative Allocation,-1.3375978532675017,"WATCHLIST: Reference return -1.4%, Safety 18.3/100, Risk: High Risk","Risk Reference Prices (Current: 0.35) | Lower Warning: 0.34, Lower Danger: 0.32, Upper Warning: 0.37, Upper Danger: 0.39",WATCHLIST
EDEN/USDT,MATURE,0.03,Downward,-1,0.34,60,45.3,Neutral,-0.59,High Risk,Caution,0.0,22.2,D,Underweight,Conservative Allocation,-2.456151242757934,"WATCHLIST: Reference return -0.6%, Safety 0.0/100, Risk: High Risk","Risk Reference Prices (Current: 0.03) | Lower Warning: 0.03, Lower Danger: 0.03, Upper Warning: 0.03, Upper Danger: 0.03",WATCHLIST
XMR/USDT,MATURE,118.7,Downward,-1,-2.72,30,39.76,Bearish,-0.65,High Risk,Caution,0.0,-5.6,D,Underweight,Conservative Allocation,-0.363496497735978,"WATCHLIST: Reference return -0.7%, Safety 0.0/100, Risk: High Risk","Risk Reference Prices (Current: 118.70) | Lower Warning: 112.76, Lower Danger: 106.83, Upper Warning: 124.64, Upper Danger: 130.57",WATCHLIST
SPK/USDT,MATURE,0.02,Downward,-1,-1.12,35,48.11,Neutral,-1.1,High Risk,Caution,14.9,7.0,D,Underweight,Conservative Allocation,-1.199510268465727,"WATCHLIST: Reference return -1.1%, Safety 14.9/100, Risk: High Risk","Risk Reference Prices (Current: 0.02) | Lower Warning: 0.02, Lower Danger: 0.02, Upper Warning: 0.02, Upper Danger: 0.02",WATCHLIST
AUTO/USDT,MATURE,95.3,Downward,-1,-1.44,30,33.95,Bearish,-4.74,High Risk,Caution,0.0,-1.2,D,Underweight,Conservative Allocation,-0.5086639709761965,"WATCHLIST: Reference return -4.7%, Safety 0.0/100, Risk: High Risk","Risk Reference Prices (Current: 95.30) | Lower Warning: 90.54, Lower Danger: 85.77, Upper Warning: 100.06, Upper Danger: 104.83",WATCHLIST
OM/USDT,MATURE,0.07,Downward,-1,1.77,85,46.05,Neutral,-1.98,High Risk,Caution,0.0,38.1,C,Caution,Risk Mitigation,-1.2805105094699376,"WATCHLIST: Reference return -2.0%, Safety 0.0/100, Risk: High Risk","Risk Reference Prices (Current: 0.07) | Lower Warning: 0.06, Lower Danger: 0.06, Upper Warning: 0.07, Upper Danger: 0.07",WATCHLIST
AION/USDT,MATURE,0.01,Upward,1,-0.93,40,56.22,Neutral,1.65,High Risk,Caution,0.0,10.5,D,Underweight,Conservative Allocation,-1.1641055081523075,"WATCHLIST: Reference return 1.7%, Safety 0.0/100, Risk: High Risk","Risk Reference Prices (Current: 0.01) | Lower Warning: 0.01, Lower Danger: 0.01, Upper Warning: 0.01, Upper Danger: 0.01",WATCHLIST
NBS/USDT,MATURE,0.0,Downward,-1,-2.19,40,41.14,Neutral,-3.09,High Risk,Caution,0.0,-1.8,D,Underweight,Conservative Allocation,-1.2160232662212218,"WATCHLIST: Reference return -3.1%, Safety 0.0/100, Risk: High Risk","Risk Reference Prices (Current: 0.00) | Lower Warning: 0.0, Lower Danger: 0.0, Upper Warning: 0.0, Upper Danger: 0.0",WATCHLIST
BSW/USDT,MATURE,0.01,Downward,-1,-1.33,30,32.1,Bearish,-5.34,High Risk,Caution,0.0,-0.8,D,Underweight,Conservative Allocation,-0.3447018367222778,"WATCHLIST: Reference return -5.3%, Safety 0.0/100, Risk: High Risk","Risk Reference Prices (Current: 0.01) | Lower Warning: 0.01, Lower Danger: 0.01, Upper Warning: 0.01, Upper Danger: 0.01",WATCHLIST
MINA/USDT,MATURE,0.06,Downward,-1,0.27,50,43.28,Neutral,-3.17,High Risk,Caution,0.0,19.2,D,Underweight,Conservative Allocation,-1.0901361663295133,"WATCHLIST: Reference return -3.2%, Safety 0.0/100, Risk: High Risk","Risk Reference Prices (Current: 0.06) | Lower Warning: 0.05, Lower Danger: 0.05, Upper Warning: 0.06, Upper Danger: 0.06",WATCHLIST
PEOPLE/USDT,MATURE,0.01,Downward,-1,0.27,50,46.96,Neutral,-0.96,High Risk,Caution,0.0,19.7,D,Underweight,Conservative Allocation,-1.0846035484848318,"WATCHLIST: Reference return -1.0%, Safety 0.0/100, Risk: High Risk","Risk Reference Prices (Current: 0.01) | Lower Warning: 0.01, Lower Danger: 0.01, Upper Warning: 0.01, Upper Danger: 0.01",WATCHLIST
AT/USDT,MATURE,0.15,Downward,-1,1.78,75,47.4,Neutral,0.06,High Risk,Caution,7.6,38.0,C,Caution,Risk Mitigation,-0.21234338100036865,"WATCHLIST: Reference return 0.1%, Safety 7.6/100, Risk: High Risk","Risk Reference Prices (Current: 0.15) | Lower Warning: 0.14, Lower Danger: 0.13, Upper Warning: 0.16, Upper Danger: 0.16",WATCHLIST
ANT/USDT,MATURE,7.41,Upward,1,1.53,75,54.74,Neutral,2.06,Low Risk,Mediate,65.7,52.6,C+,Watchlist,Double Check,1.9225083102575335,"WATCHLIST: Reference return 2.1%, Safety 65.7/100, Risk: Low Risk","Risk Reference Prices (Current: 7.41) | Lower Warning: 7.04, Lower Danger: 6.67, Upper Warning: 7.78, Upper Danger: 8.15",WATCHLIST
FRONT/USDT,MATURE,0.88,Downward,-1,4.27,85,46.85,Neutral,-1.93,High Risk,Caution,0.0,43.5,C,Caution,Risk Mitigation,1.2522996905799495,"WATCHLIST: Reference return -1.9%, Safety 0.0/100, Risk: High Risk","Risk Reference Prices (Current: 0.88) | Lower Warning: 0.84, Lower Danger: 0.79, Upper Warning: 0.92, Upper Danger: 0.97",WATCHLIST
BOME/USDT,MATURE,0.0,Downward,-1,-1.35,35,45.89,Neutral,-2.02,High Risk,Caution,0.0,2.1,D,Underweight,Conservative Allocation,-1.6643693770330898,"WATCHLIST: Reference return -2.0%, Safety 0.0/100, Risk: High Risk","Risk Reference Prices (Current: 0.00) | Lower Warning: 0.0, Lower Danger: 0.0, Upper Warning: 0.0, Upper Danger: 0.0",WATCHLIST
PHB/USDT,MATURE,0.1,Downward,-1,-0.54,45,35.4,Bearish,-6.5,High Risk,Caution,0.0,9.0,D,Underweight,Conservative Allocation,-2.0236161230287006,"WATCHLIST: Reference return -6.5%, Safety 0.0/100, Risk: High Risk","Risk Reference Prices (Current: 0.10) | Lower Warning: 0.09, Lower Danger: 0.09, Upper Warning: 0.1, Upper Danger: 0.11",WATCHLIST
GTO/USDT,MATURE,0.01,Downward,-1,1.23,60,38.53,Bearish,-0.23,High Risk,Caution,0.0,28.7,D,Underweight,Conservative Allocation,0.2888784796442191,"WATCHLIST: Reference return -0.2%, Safety 0.0/100, Risk: High Risk","Risk Reference Prices (Current: 0.01) | Lower Warning: 0.01, Lower Danger: 0.01, Upper Warning: 0.01, Upper Danger: 0.01",WATCHLIST
BEAMX/USDT,MATURE,0.0,Downward,-1,0.35,60,39.06,Bearish,-1.85,High Risk,Caution,0.0,21.3,D,Underweight,Conservative Allocation,-2.0443837228215513,"WATCHLIST: Reference return -1.8%, Safety 0.0/100, Risk: High Risk","Risk Reference Prices (Current: 0.00) | Lower Warning: 0.0, Lower Danger: 0.0, Upper Warning: 0.0, Upper Danger: 0.0",WATCHLIST
PDA/USDT,MATURE,0.01,Downward,-1,0.88,50,39.04,Bearish,-6.6,High Risk,Caution,0.0,24.1,D,Underweight,Conservative Allocation,-1.4678247345443067,"WATCHLIST: Reference return -6.6%, Safety 0.0/100, Risk: High Risk","Risk Reference Prices (Current: 0.01) | Lower Warning: 0.01, Lower Danger: 0.01, Upper Warning: 0.01, Upper Danger: 0.01",WATCHLIST
GFT/USDT,MATURE,0.0,Downward,-1,-1.34,30,44.55,Neutral,-0.41,High Risk,Caution,0.0,1.0,D,Underweight,Conservative Allocation,-1.0042547199828453,"WATCHLIST: Reference return -0.4%, Safety 0.0/100, Risk: High Risk","Risk Reference Prices (Current: 0.00) | Lower Warning: 0.0, Lower Danger: 0.0, Upper Warning: 0.0, Upper Danger: 0.0",WATCHLIST
MIR/USDT,MATURE,0.14,Downward,-1,3.37,85,37.81,Bearish,-2.5,High Risk,Caution,0.0,41.3,C,Caution,Risk Mitigation,0.42494224774228184,"WATCHLIST: Reference return -2.5%, Safety 0.0/100, Risk: High Risk","Risk Reference Prices (Current: 0.14) | Lower Warning: 0.13, Lower Danger: 0.13, Upper Warning: 0.15, Upper Danger: 0.16",WATCHLIST
WCT/USDT,MATURE,0.06,Downward,-1,-1.21,35,46.8,Neutral,-1.44,High Risk,Caution,0.0,3.2,D,Underweight,Conservative Allocation,-1.6158737994065828,"WATCHLIST: Reference return -1.4%, Safety 0.0/100, Risk: High Risk","Risk Reference Prices (Current: 0.06) | Lower Warning: 0.05, Lower Danger: 0.05, Upper Warning: 0.06, Upper Danger: 0.06",WATCHLIST
NEBL/USDT,MATURE,0.36,Downward,-1,-2.87,20,29.05,Bearish,-6.6,High Risk,Caution,0.0,-9.5,D,Underweight,Conservative Allocation,-1.0872822354289522,"WATCHLIST: Reference return -6.6%, Safety 0.0/100, Risk: High Risk","Risk Reference Prices (Current: 0.35) | Lower Warning: 0.34, Lower Danger: 0.32, Upper Warning: 0.37, Upper Danger: 0.39",WATCHLIST
SC/USDT,MATURE,0.0,Downward,-1,0.36,60,40.97,Neutral,-2.85,High Risk,Caution,7.7,23.2,D,Underweight,Conservative Allocation,-2.4309829942903134,"WATCHLIST: Reference return -2.9%, Safety 7.7/100, Risk: High Risk","Risk Reference Prices (Current: 0.00) | Lower Warning: 0.0, Lower Danger: 0.0, Upper Warning: 0.0, Upper Danger: 0.0",WATCHLIST
BREV/USDT,MATURE,0.11,Unknown,0,0.17,40,40.4,Neutral,-2.32,High Risk,Caution,0.0,15.8,D,Underweight,Conservative Allocation,-2.5485000788136527,"WATCHLIST: Reference return -2.3%, Safety 0.0/100, Risk: High Risk","Risk Reference Prices (Current: 0.11) | Lower Warning: 0.11, Lower Danger: 0.1, Upper Warning: 0.12, Upper Danger: 0.12",WATCHLIST
VGX/USDT,MATURE,0.02,Downward,-1,0.4,55,33.74,Bearish,-6.2,High Risk,Caution,0.0,20.0,D,Underweight,Conservative Allocation,-1.8045906825283489,"WATCHLIST: Reference return -6.2%, Safety 0.0/100, Risk: High Risk","Risk Reference Prices (Current: 0.02) | Lower Warning: 0.02, Lower Danger: 0.02, Upper Warning: 0.02, Upper Danger: 0.02",WATCHLIST
TRB/USDT,MATURE,14.9,Downward,-1,-1.03,35,52.22,Neutral,-1.01,High Risk,Caution,15.7,8.5,D,Underweight,Conservative Allocation,-1.0315773383980644,"WATCHLIST: Reference return -1.0%, Safety 15.7/100, Risk: High Risk","Risk Reference Prices (Current: 14.90) | Lower Warning: 14.16, Lower Danger: 13.41, Upper Warning: 15.65, Upper Danger: 16.39",WATCHLIST
MBL/USDT,MATURE,0.0,Downward,-1,0.44,60,47.1,Neutral,-0.95,High Risk,Caution,24.4,28.3,D,Underweight,Conservative Allocation,-1.3494687282198023,"WATCHLIST: Reference return -0.9%, Safety 24.4/100, Risk: High Risk","Risk Reference Prices (Current: 0.00) | Lower Warning: 0.0, Lower Danger: 0.0, Upper Warning: 0.0, Upper Danger: 0.0",WATCHLIST
BIFI/USDT,MATURE,101.5,Downward,-1,1.48,70,50.97,Neutral,-2.1,High Risk,Caution,4.0,35.0,C,Caution,Risk Mitigation,0.05583574143426679,"WATCHLIST: Reference return -2.1%, Safety 4.0/100, Risk: High Risk","Risk Reference Prices (Current: 101.50) | Lower Warning: 96.42, Lower Danger: 91.35, Upper Warning: 106.58, Upper Danger: 111.65",WATCHLIST
WBETH/USDT,MATURE,2336.88,Downward,-1,0.3,50,58.87,Neutral,-1.0,High Risk,Caution,11.3,24.1,D,Underweight,Conservative Allocation,-1.282848257215916,"WATCHLIST: Reference return -1.0%, Safety 11.3/100, Risk: High Risk","Risk Reference Prices (Current: 2336.88) | Lower Warning: 2220.04, Lower Danger: 2103.19, Upper Warning: 2453.72, Upper Danger: 2570.57",WATCHLIST
TCT/USDT,MATURE,0.0,Downward,-1,-1.51,30,31.82,Bearish,-5.33,High Risk,Caution,0.0,-2.0,D,Underweight,Conservative Allocation,-1.2416682984721057,"WATCHLIST: Reference return -5.3%, Safety 0.0/100, Risk: High Risk","Risk Reference Prices (Current: 0.00) | Lower Warning: 0.0, Lower Danger: 0.0, Upper Warning: 0.0, Upper Danger: 0.0",WATCHLIST
LAZIO/USDT,MATURE,0.7,Downward,-1,0.53,60,41.04,Neutral,-1.14,Low Risk,Caution,28.6,29.1,D,Underweight,Conservative Allocation,-0.39346988616272843,"WATCHLIST: Reference return -1.1%, Safety 28.6/100, Risk: Low Risk","Risk Reference Prices (Current: 0.70) | Lower Warning: 0.67, Lower Danger: 0.63, Upper Warning: 0.74, Upper Danger: 0.77",WATCHLIST
HOOK/USDT,MATURE,0.01,Downward,-1,-1.81,40,30.96,Bearish,-9.39,High Risk,Caution,0.0,-1.7,D,Underweight,Conservative Allocation,-2.747250471385494,"WATCHLIST: Reference return -9.4%, Safety 0.0/100, Risk: High Risk","Risk Reference Prices (Current: 0.01) | Lower Warning: 0.01, Lower Danger: 0.01, Upper Warning: 0.01, Upper Danger: 0.01",WATCHLIST
ZKC/USDT,MATURE,0.07,Downward,-1,0.19,50,39.73,Bearish,-2.74,High Risk,Caution,0.0,17.9,D,Underweight,Conservative Allocation,-1.9110659514234998,"WATCHLIST: Reference return -2.7%, Safety 0.0/100, Risk: High Risk","Risk Reference Prices (Current: 0.07) | Lower Warning: 0.07, Lower Danger: 0.06, Upper Warning: 0.07, Upper Danger: 0.08",WATCHLIST
ORN/USDT,MATURE,1.05,Downward,-1,-0.98,35,47.1,Neutral,0.34,High Risk,Caution,0.0,5.5,D,Underweight,Conservative Allocation,-0.6147394543378453,"WATCHLIST: Reference return 0.3%, Safety 0.0/100, Risk: High Risk","Risk Reference Prices (Current: 1.05) | Lower Warning: 1.0, Lower Danger: 0.95, Upper Warning: 1.11, Upper Danger: 1.16",WATCHLIST
MET/USDT,MATURE,0.13,Downward,-1,-0.54,25,35.11,Bearish,-5.66,High Risk,Caution,0.0,5.0,D,Underweight,Conservative Allocation,-2.0673632324556306,"WATCHLIST: Reference return -5.7%, Safety 0.0/100, Risk: High Risk","Risk Reference Prices (Current: 0.13) | Lower Warning: 0.12, Lower Danger: 0.12, Upper Warning: 0.14, Upper Danger: 0.14",WATCHLIST
TORN/USDT,MATURE,4.06,Downward,-1,-1.71,45,41.38,Neutral,-0.8,High Risk,Caution,0.0,1.3,D,Underweight,Conservative Allocation,-1.1047563780325174,"WATCHLIST: Reference return -0.8%, Safety 0.0/100, Risk: High Risk","Risk Reference Prices (Current: 4.06) | Lower Warning: 3.86, Lower Danger: 3.65, Upper Warning: 4.26, Upper Danger: 4.47",WATCHLIST
WTC/USDT,MATURE,0.01,Downward,-1,-1.6,40,46.35,Neutral,-0.79,High Risk,Caution,0.0,1.7,D,Underweight,Conservative Allocation,-1.4105588660319615,"WATCHLIST: Reference return -0.8%, Safety 0.0/100, Risk: High Risk","Risk Reference Prices (Current: 0.01) | Lower Warning: 0.01, Lower Danger: 0.01, Upper Warning: 0.01, Upper Danger: 0.01",WATCHLIST
TRIBE/USDT,MATURE,0.2,Downward,-1,-0.13,45,48.85,Neutral,0.0,Low Risk,Caution,26.8,20.4,D,Underweight,Conservative Allocation,-0.5631457420140776,"WATCHLIST: Reference return 0.0%, Safety 26.8/100, Risk: Low Risk","Risk Reference Prices (Current: 0.20) | Lower Warning: 0.19, Lower Danger: 0.18, Upper Warning: 0.21, Upper Danger: 0.22",WATCHLIST
RONIN/USDT,MATURE,0.08,Downward,-1,-2.04,10,43.99,Neutral,-1.46,High Risk,Caution,0.0,-6.8,D,Underweight,Conservative Allocation,-2.523200476423495,"WATCHLIST: Reference return -1.5%, Safety 0.0/100, Risk: High Risk","Risk Reference Prices (Current: 0.08) | Lower Warning: 0.08, Lower Danger: 0.08, Upper Warning: 0.09, Upper Danger: 0.09",WATCHLIST
HOME/USDT,MATURE,0.02,Downward,-1,0.51,70,39.69,Bearish,-2.21,High Risk,Caution,7.7,26.5,D,Underweight,Conservative Allocation,-0.8278055045453446,"WATCHLIST: Reference return -2.2%, Safety 7.7/100, Risk: High Risk","Risk Reference Prices (Current: 0.02) | Lower Warning: 0.02, Lower Danger: 0.02, Upper Warning: 0.02, Upper Danger: 0.02",WATCHLIST
REN/USDT,MATURE,0.04,Upward,1,0.5,85,56.78,Neutral,1.04,High Risk,Caution,0.0,32.1,D,Underweight,Conservative Allocation,-0.38276920847469886,"WATCHLIST: Reference return 1.0%, Safety 0.0/100, Risk: High Risk","Risk Reference Prices (Current: 0.04) | Lower Warning: 0.04, Lower Danger: 0.04, Upper Warning: 0.04, Upper Danger: 0.05",WATCHLIST
ACH/USDT,MATURE,0.01,Downward,-1,-2.62,20,42.42,Neutral,-2.63,High Risk,Caution,6.6,-5.6,D,Underweight,Conservative Allocation,-1.6660502556639263,"WATCHLIST: Reference return -2.6%, Safety 6.6/100, Risk: High Risk","Risk Reference Prices (Current: 0.01) | Lower Warning: 0.01, Lower Danger: 0.01, Upper Warning: 0.01, Upper Danger: 0.01",WATCHLIST
REP/USDT,MATURE,4.73,Downward,-1,-2.89,30,42.37,Neutral,-1.58,High Risk,Caution,6.5,-4.2,D,Underweight,Conservative Allocation,-1.1065051113179887,"WATCHLIST: Reference return -1.6%, Safety 6.5/100, Risk: High Risk","Risk Reference Prices (Current: 4.73) | Lower Warning: 4.49, Lower Danger: 4.26, Upper Warning: 4.97, Upper Danger: 5.2",WATCHLIST
SRM/USDT,MATURE,0.24,Downward,-1,-0.17,35,36.58,Bearish,-0.95,High Risk,Caution,0.0,10.8,D,Underweight,Conservative Allocation,-0.5126317911336893,"WATCHLIST: Reference return -0.9%, Safety 0.0/100, Risk: High Risk","Risk Reference Prices (Current: 0.24) | Lower Warning: 0.23, Lower Danger: 0.22, Upper Warning: 0.26, Upper Danger: 0.27",WATCHLIST
DOCK/USDT,MATURE,0.0,Downward,-1,0.44,55,28.03,Bearish,-5.82,High Risk,Caution,0.0,19.5,D,Underweight,Conservative Allocation,-1.3356225196041671,"WATCHLIST: Reference return -5.8%, Safety 0.0/100, Risk: High Risk","Risk Reference Prices (Current: 0.00) | Lower Warning: 0.0, Lower Danger: 0.0, Upper Warning: 0.0, Upper Danger: 0.0",WATCHLIST
STX/USDT,MATURE,0.22,Downward,-1,-1.51,45,44.13,Neutral,-1.86,High Risk,Caution,5.0,3.9,D,Underweight,Conservative Allocation,-1.4786058919943244,"WATCHLIST: Reference return -1.9%, Safety 5.0/100, Risk: High Risk","Risk Reference Prices (Current: 0.22) | Lower Warning: 0.21, Lower Danger: 0.2, Upper Warning: 0.23, Upper Danger: 0.24",WATCHLIST
ALICE/USDT,MATURE,0.11,Downward,-1,0.6,70,45.71,Neutral,-3.09,High Risk,Caution,0.0,26.7,D,Underweight,Conservative Allocation,-0.6607286263294079,"WATCHLIST: Reference return -3.1%, Safety 0.0/100, Risk: High Risk","Risk Reference Prices (Current: 0.11) | Lower Warning: 0.1, Lower Danger: 0.1, Upper Warning: 0.11, Upper Danger: 0.12",WATCHLIST
STPT/USDT,MATURE,0.07,Upward,1,1.49,85,58.18,Neutral,-0.09,High Risk,Caution,0.0,38.4,C,Caution,Risk Mitigation,1.1294337398059142,"WATCHLIST: Reference return -0.1%, Safety 0.0/100, Risk: High Risk","Risk Reference Prices (Current: 0.07) | Lower Warning: 0.07, Lower Danger: 0.06, Upper Warning: 0.07, Upper Danger: 0.08",WATCHLIST
FXS/USDT,MATURE,0.81,Downward,-1,1.84,85,40.08,Neutral,-4.69,High Risk,Caution,0.0,37.5,C,Caution,Risk Mitigation,-0.685107368591588,"WATCHLIST: Reference return -4.7%, Safety 0.0/100, Risk: High Risk","Risk Reference Prices (Current: 0.81) | Lower Warning: 0.77, Lower Danger: 0.73, Upper Warning: 0.85, Upper Danger: 0.89",WATCHLIST
ETHUP/USDT,MATURE,11.65,Upward,1,1.75,85,58.34,Neutral,4.71,Low Risk,Caution,7.1,48.9,C+,Watchlist,Double Check,1.5734980476610978,"WATCHLIST: Reference return 4.7%, Safety 7.1/100, Risk: Low Risk","Risk Reference Prices (Current: 11.65) | Lower Warning: 11.07, Lower Danger: 10.49, Upper Warning: 12.23, Upper Danger: 12.82",WATCHLIST
MOVE/USDT,MATURE,0.02,Downward,-1,-0.5,35,40.35,Neutral,-2.48,High Risk,Caution,0.0,8.2,D,Underweight,Conservative Allocation,-2.521128603728651,"WATCHLIST: Reference return -2.5%, Safety 0.0/100, Risk: High Risk","Risk Reference Prices (Current: 0.02) | Lower Warning: 0.02, Lower Danger: 0.02, Upper Warning: 0.02, Upper Danger: 0.02",WATCHLIST
AUD/USDT,MATURE,0.73,Upward,1,4.03,100,53.1,Neutral,0.37,Mediate Risk,Caution,25.1,52.9,C+,Watchlist,Double Check,0.3414613583230159,"ATTENTION: Reference return 0.4%, Safety 25.1/100, Risk: Mediate Risk","Risk Reference Prices (Current: 0.73) | Lower Warning: 0.69, Lower Danger: 0.65, Upper Warning: 0.76, Upper Danger: 0.8",ATTENTION
YGG/USDT,MATURE,0.04,Downward,-1,0.18,50,43.46,Neutral,-1.08,High Risk,Caution,0.0,18.3,D,Underweight,Conservative Allocation,-1.8234408268051643,"WATCHLIST: Reference return -1.1%, Safety 0.0/100, Risk: High Risk","Risk Reference Prices (Current: 0.04) | Lower Warning: 0.03, Lower Danger: 0.03, Upper Warning: 0.04, Upper Danger: 0.04",WATCHLIST
CELR/USDT,MATURE,0.0,Downward,-1,-1.3,35,47.29,Neutral,-0.16,High Risk,Caution,0.0,2.7,D,Underweight,Conservative Allocation,-1.6497787453790083,"WATCHLIST: Reference return -0.2%, Safety 0.0/100, Risk: High Risk","Risk Reference Prices (Current: 0.00) | Lower Warning: 0.0, Lower Danger: 0.0, Upper Warning: 0.0, Upper Danger: 0.0",WATCHLIST
MKR/USDT,MATURE,1813.7,Downward,-1,2.53,65,42.36,Neutral,0.64,Low Risk,Caution,29.7,43.4,C,Caution,Risk Mitigation,0.5375565922671763,"WATCHLIST: Reference return 0.6%, Safety 29.7/100, Risk: Low Risk","Risk Reference Prices (Current: 1813.70) | Lower Warning: 1723.02, Lower Danger: 1632.33, Upper Warning: 1904.39, Upper Danger: 1995.07",WATCHLIST
WAVES/USDT,MATURE,1.08,Downward,-1,-1.49,40,39.48,Bearish,-3.72,High Risk,Caution,0.0,1.3,D,Underweight,Conservative Allocation,-0.613782028127036,"WATCHLIST: Reference return -3.7%, Safety 0.0/100, Risk: High Risk","Risk Reference Prices (Current: 1.08) | Lower Warning: 1.02, Lower Danger: 0.97, Upper Warning: 1.13, Upper Danger: 1.18",WATCHLIST
FORTH/USDT,MATURE,0.24,Downward,-1,-1.82,40,29.27,Bearish,-8.82,High Risk,Caution,0.0,-2.0,D,Underweight,Conservative Allocation,-3.141364396908781,"WATCHLIST: Reference return -8.8%, Safety 0.0/100, Risk: High Risk","Risk Reference Prices (Current: 0.24) | Lower Warning: 0.23, Lower Danger: 0.21, Upper Warning: 0.25, Upper Danger: 0.26",WATCHLIST
TOWNS/USDT,MATURE,0.0,Downward,-1,-1.74,55,42.68,Neutral,-4.32,High Risk,Caution,0.0,3.4,D,Underweight,Conservative Allocation,-2.253994260052304,"WATCHLIST: Reference return -4.3%, Safety 0.0/100, Risk: High Risk","Risk Reference Prices (Current: 0.00) | Lower Warning: 0.0, Lower Danger: 0.0, Upper Warning: 0.0, Upper Danger: 0.0",WATCHLIST
BAR/USDT,MATURE,0.56,Upward,1,0.39,60,53.15,Neutral,1.21,High Risk,Caution,13.3,28.5,D,Underweight,Conservative Allocation,-1.6066445921731565,"WATCHLIST: Reference return 1.2%, Safety 13.3/100, Risk: High Risk","Risk Reference Prices (Current: 0.56) | Lower Warning: 0.53, Lower Danger: 0.5, Upper Warning: 0.59, Upper Danger: 0.61",WATCHLIST
FTT/USDT,MATURE,0.3,Downward,-1,1.47,75,45.32,Neutral,-2.07,High Risk,Caution,0.0,34.3,D,Underweight,Conservative Allocation,-1.2677889579754282,"WATCHLIST: Reference return -2.1%, Safety 0.0/100, Risk: High Risk","Risk Reference Prices (Current: 0.30) | Lower Warning: 0.28, Lower Danger: 0.27, Upper Warning: 0.31, Upper Danger: 0.33",WATCHLIST
QTUM/USDT,MATURE,0.96,Downward,-1,1.62,75,46.1,Neutral,-0.51,High Risk,Caution,0.0,35.3,C,Caution,Risk Mitigation,-1.341679517247452,"WATCHLIST: Reference return -0.5%, Safety 0.0/100, Risk: High Risk","Risk Reference Prices (Current: 0.96) | Lower Warning: 0.91, Lower Danger: 0.86, Upper Warning: 1.01, Upper Danger: 1.05",WATCHLIST
CVP/USDT,MATURE,0.03,Downward,-1,-1.45,30,42.4,Neutral,-12.17,High Risk,Caution,0.0,-0.0,D,Underweight,Conservative Allocation,-1.1326482885722915,"WATCHLIST: Reference return -12.2%, Safety 0.0/100, Risk: High Risk","Risk Reference Prices (Current: 0.03) | Lower Warning: 0.03, Lower Danger: 0.03, Upper Warning: 0.04, Upper Danger: 0.04",WATCHLIST
ACM/USDT,MATURE,0.41,Downward,-1,0.22,50,47.02,Neutral,-0.71,High Risk,Caution,24.2,24.1,D,Underweight,Conservative Allocation,-1.8288258184050874,"WATCHLIST: Reference return -0.7%, Safety 24.2/100, Risk: High Risk","Risk Reference Prices (Current: 0.41) | Lower Warning: 0.39, Lower Danger: 0.37, Upper Warning: 0.43, Upper Danger: 0.45",WATCHLIST
MEME/USDT,MATURE,0.0,Downward,-1,-0.52,25,38.24,Bearish,-3.89,High Risk,Caution,0.0,5.7,D,Underweight,Conservative Allocation,-2.0261874029241835,"WATCHLIST: Reference return -3.9%, Safety 0.0/100, Risk: High Risk","Risk Reference Prices (Current: 0.00) | Lower Warning: 0.0, Lower Danger: 0.0, Upper Warning: 0.0, Upper Danger: 0.0",WATCHLIST
IMX/USDT,MATURE,0.14,Downward,-1,-2.03,10,44.45,Neutral,-3.47,High Risk,Caution,0.0,-6.7,D,Underweight,Conservative Allocation,-2.274191947353317,"WATCHLIST: Reference return -3.5%, Safety 0.0/100, Risk: High Risk","Risk Reference Prices (Current: 0.14) | Lower Warning: 0.13, Lower Danger: 0.12, Upper Warning: 0.14, Upper Danger: 0.15",WATCHLIST
1MBABYDOGE/USDT,MATURE,0.0,Downward,-1,-1.34,35,46.98,Neutral,-1.4,High Risk,Caution,0.0,2.3,D,Underweight,Conservative Allocation,-1.834611585790721,"WATCHLIST: Reference return -1.4%, Safety 0.0/100, Risk: High Risk","Risk Reference Prices (Current: 0.00) | Lower Warning: 0.0, Lower Danger: 0.0, Upper Warning: 0.0, Upper Danger: 0.0",WATCHLIST
ALPHA/USDT,MATURE,0.01,Downward,-1,-1.6,30,33.77,Bearish,-8.04,High Risk,Caution,0.0,-2.2,D,Underweight,Conservative Allocation,-2.830497697855952,"WATCHLIST: Reference return -8.0%, Safety 0.0/100, Risk: High Risk","Risk Reference Prices (Current: 0.01) | Lower Warning: 0.01, Lower Danger: 0.01, Upper Warning: 0.01, Upper Danger: 0.01",WATCHLIST
MANTA/USDT,MATURE,0.06,Downward,-1,0.25,50,44.78,Neutral,-0.76,High Risk,Caution,4.3,20.1,D,Underweight,Conservative Allocation,-1.1026721907217474,"WATCHLIST: Reference return -0.8%, Safety 4.3/100, Risk: High Risk","Risk Reference Prices (Current: 0.06) | Lower Warning: 0.06, Lower Danger: 0.06, Upper Warning: 0.07, Upper Danger: 0.07",WATCHLIST
ADAUP/USDT,MATURE,0.1,Downward,-1,-2.44,20,51.49,Neutral,-3.17,High Risk,Caution,0.0,-5.1,D,Underweight,Conservative Allocation,-0.8859326507697672,"WATCHLIST: Reference return -3.2%, Safety 0.0/100, Risk: High Risk","Risk Reference Prices (Current: 0.10) | Lower Warning: 0.1, Lower Danger: 0.09, Upper Warning: 0.11, Upper Danger: 0.11",WATCHLIST
FIRO/USDT,MATURE,0.3,Downward,-1,-1.3,30,35.17,Bearish,-6.35,High Risk,Caution,0.0,-0.2,D,Underweight,Conservative Allocation,-0.44263006688473167,"WATCHLIST: Reference return -6.3%, Safety 0.0/100, Risk: High Risk","Risk Reference Prices (Current: 0.30) | Lower Warning: 0.28, Lower Danger: 0.27, Upper Warning: 0.32, Upper Danger: 0.33",WATCHLIST
MITH/USDT,MATURE,0.0,Downward,-1,-1.64,40,33.03,Bearish,-3.0,High Risk,Caution,0.0,-0.5,D,Underweight,Conservative Allocation,-0.7766581001465813,"WATCHLIST: Reference return -3.0%, Safety 0.0/100, Risk: High Risk","Risk Reference Prices (Current: 0.00) | Lower Warning: 0.0, Lower Danger: 0.0, Upper Warning: 0.0, Upper Danger: 0.0",WATCHLIST
LTO/USDT,MATURE,0.0,Downward,-1,-1.09,40,31.33,Bearish,-8.29,High Risk,Caution,0.0,2.8,D,Underweight,Conservative Allocation,-2.5926518850435554,"WATCHLIST: Reference return -8.3%, Safety 0.0/100, Risk: High Risk","Risk Reference Prices (Current: 0.00) | Lower Warning: 0.0, Lower Danger: 0.0, Upper Warning: 0.0, Upper Danger: 0.0",WATCHLIST
FRAX/USDT,MATURE,0.39,Unknown,0,0.34,35,35.62,Bearish,-3.81,High Risk,Caution,0.0,15.7,D,Underweight,Conservative Allocation,-1.5357631697042562,"WATCHLIST: Reference return -3.8%, Safety 0.0/100, Risk: High Risk","Risk Reference Prices (Current: 0.39) | Lower Warning: 0.37, Lower Danger: 0.35, Upper Warning: 0.41, Upper Danger: 0.43",WATCHLIST
DREP/USDT,MATURE,0.03,Downward,-1,-1.34,30,51.49,Neutral,-0.42,High Risk,Caution,0.0,2.0,D,Underweight,Conservative Allocation,-1.229872657759,"WATCHLIST: Reference return -0.4%, Safety 0.0/100, Risk: High Risk","Risk Reference Prices (Current: 0.03) | Lower Warning: 0.02, Lower Danger: 0.02, Upper Warning: 0.03, Upper Danger: 0.03",WATCHLIST
IDEX/USDT,MATURE,0.0,Downward,-1,-1.77,40,38.4,Bearish,-2.76,High Risk,Caution,0.0,-0.4,D,Underweight,Conservative Allocation,-3.5519901612665747,"WATCHLIST: Reference return -2.8%, Safety 0.0/100, Risk: High Risk","Risk Reference Prices (Current: 0.00) | Lower Warning: 0.0, Lower Danger: 0.0, Upper Warning: 0.0, Upper Danger: 0.0",WATCHLIST
NTRN/USDT,MATURE,0.0,Downward,-1,-1.83,40,27.52,Bearish,-11.03,High Risk,Caution,0.0,-2.3,D,Underweight,Conservative Allocation,-4.190096788276249,"WATCHLIST: Reference return -11.0%, Safety 0.0/100, Risk: High Risk","Risk Reference Prices (Current: 0.00) | Lower Warning: 0.0, Lower Danger: 0.0, Upper Warning: 0.0, Upper Danger: 0.0",WATCHLIST
WRX/USDT,MATURE,0.02,Upward,1,-0.78,30,62.54,Bullish,5.76,High Risk,Caution,0.0,17.1,D,Underweight,Conservative Allocation,-1.5137773782616204,"WATCHLIST: Reference return 5.8%, Safety 0.0/100, Risk: High Risk","Risk Reference Prices (Current: 0.02) | Lower Warning: 0.02, Lower Danger: 0.02, Upper Warning: 0.02, Upper Danger: 0.02",WATCHLIST
OCEAN/USDT,MATURE,0.61,Downward,-1,1.27,60,40.21,Neutral,-2.09,High Risk,Caution,0.0,29.3,D,Underweight,Conservative Allocation,0.6335923918441804,"WATCHLIST: Reference return -2.1%, Safety 0.0/100, Risk: High Risk","Risk Reference Prices (Current: 0.61) | Lower Warning: 0.58, Lower Danger: 0.55, Upper Warning: 0.64, Upper Danger: 0.67",WATCHLIST
LAYER/USDT,MATURE,0.08,Downward,-1,0.18,50,44.52,Neutral,-0.53,High Risk,Caution,0.0,18.5,D,Underweight,Conservative Allocation,-2.3051896748034246,"WATCHLIST: Reference return -0.5%, Safety 0.0/100, Risk: High Risk","Risk Reference Prices (Current: 0.08) | Lower Warning: 0.07, Lower Danger: 0.07, Upper Warning: 0.08, Upper Danger: 0.09",WATCHLIST
CYBER/USDT,MATURE,0.5,Downward,-1,0.25,50,45.43,Neutral,-1.43,High Risk,Caution,0.9,19.5,D,Underweight,Conservative Allocation,-1.382909557286954,"WATCHLIST: Reference return -1.4%, Safety 0.9/100, Risk: High Risk","Risk Reference Prices (Current: 0.50) | Lower Warning: 0.47, Lower Danger: 0.45, Upper Warning: 0.52, Upper Danger: 0.55",WATCHLIST
CETUS/USDT,MATURE,0.02,Upward,1,-1.34,55,54.92,Neutral,1.14,High Risk,Caution,0.0,9.4,D,Underweight,Conservative Allocation,-1.8237005287524337,"WATCHLIST: Reference return 1.1%, Safety 0.0/100, Risk: High Risk","Risk Reference Prices (Current: 0.02) | Lower Warning: 0.02, Lower Danger: 0.02, Upper Warning: 0.02, Upper Danger: 0.02",WATCHLIST
REEF/USDT,MATURE,0.0,Downward,-1,0.54,55,38.82,Bearish,-3.49,High Risk,Caution,0.0,22.1,D,Underweight,Conservative Allocation,-0.6354688327199444,"WATCHLIST: Reference return -3.5%, Safety 0.0/100, Risk: High Risk","Risk Reference Prices (Current: 0.00) | Lower Warning: 0.0, Lower Danger: 0.0, Upper Warning: 0.0, Upper Danger: 0.0",WATCHLIST
UNFI/USDT,MATURE,1.34,Downward,-1,-1.78,40,45.63,Neutral,-0.39,High Risk,Caution,0.0,0.6,D,Underweight,Conservative Allocation,-1.0515644724168989,"WATCHLIST: Reference return -0.4%, Safety 0.0/100, Risk: High Risk","Risk Reference Prices (Current: 1.34) | Lower Warning: 1.27, Lower Danger: 1.21, Upper Warning: 1.41, Upper Danger: 1.48",WATCHLIST
LEVER/USDT,MATURE,0.0,Downward,-1,-1.3,20,33.62,Bearish,-5.69,High Risk,Caution,0.0,-2.4,D,Underweight,Conservative Allocation,-2.0220748857160933,"WATCHLIST: Reference return -5.7%, Safety 0.0/100, Risk: High Risk","Risk Reference Prices (Current: 0.00) | Lower Warning: 0.0, Lower Danger: 0.0, Upper Warning: 0.0, Upper Danger: 0.0",WATCHLIST
JASMY/USDT,MATURE,0.01,Downward,-1,-1.24,35,47.11,Neutral,-0.81,High Risk,Caution,8.5,4.7,D,Underweight,Conservative Allocation,-1.1626920796094626,"WATCHLIST: Reference return -0.8%, Safety 8.5/100, Risk: High Risk","Risk Reference Prices (Current: 0.01) | Lower Warning: 0.01, Lower Danger: 0.0, Upper Warning: 0.01, Upper Danger: 0.01",WATCHLIST
TNSR/USDT,MATURE,0.04,Downward,-1,-2.23,20,42.14,Neutral,-3.3,High Risk,Caution,0.0,-5.8,D,Underweight,Conservative Allocation,0.4169956921518624,"WATCHLIST: Reference return -3.3%, Safety 0.0/100, Risk: High Risk","Risk Reference Prices (Current: 0.04) | Lower Warning: 0.03, Lower Danger: 0.03, Upper Warning: 0.04, Upper Danger: 0.04",WATCHLIST
NOT/USDT,MATURE,0.0,Downward,-1,-1.23,35,44.97,Neutral,-1.78,High Risk,Caution,0.0,2.8,D,Underweight,Conservative Allocation,-1.758013510582112,"WATCHLIST: Reference return -1.8%, Safety 0.0/100, Risk: High Risk","Risk Reference Prices (Current: 0.00) | Lower Warning: 0.0, Lower Danger: 0.0, Upper Warning: 0.0, Upper Danger: 0.0",WATCHLIST
VIB/USDT,MATURE,0.0,Downward,-1,-1.55,20,30.84,Bearish,-8.1,High Risk,Caution,0.0,-4.4,D,Underweight,Conservative Allocation,-1.2508425385240438,"WATCHLIST: Reference return -8.1%, Safety 0.0/100, Risk: High Risk","Risk Reference Prices (Current: 0.00) | Lower Warning: 0.0, Lower Danger: 0.0, Upper Warning: 0.0, Upper Danger: 0.0",WATCHLIST
IRIS/USDT,MATURE,0.01,Downward,-1,-2.79,30,43.85,Neutral,-0.61,High Risk,Caution,0.0,-5.1,D,Underweight,Conservative Allocation,-0.5075086392555398,"WATCHLIST: Reference return -0.6%, Safety 0.0/100, Risk: High Risk","Risk Reference Prices (Current: 0.01) | Lower Warning: 0.0, Lower Danger: 0.0, Upper Warning: 0.01, Upper Danger: 0.01",WATCHLIST
METIS/USDT,MATURE,2.85,Downward,-1,0.18,50,41.67,Neutral,-1.61,High Risk,Caution,0.0,18.0,D,Underweight,Conservative Allocation,-1.8431985660109733,"WATCHLIST: Reference return -1.6%, Safety 0.0/100, Risk: High Risk","Risk Reference Prices (Current: 2.85) | Lower Warning: 2.71, Lower Danger: 2.56, Upper Warning: 2.99, Upper Danger: 3.14",WATCHLIST
PHA/USDT,MATURE,0.04,Upward,1,0.49,85,53.66,Neutral,-2.24,High Risk,Caution,0.0,29.9,D,Underweight,Conservative Allocation,-0.7143465666561174,"WATCHLIST: Reference return -2.2%, Safety 0.0/100, Risk: High Risk","Risk Reference Prices (Current: 0.04) | Lower Warning: 0.03, Lower Danger: 0.03, Upper Warning: 0.04, Upper Danger: 0.04",WATCHLIST
EGLD/USDT,MATURE,3.74,Downward,-1,-0.49,25,42.99,Neutral,-2.03,High Risk,Caution,1.2,6.9,D,Underweight,Conservative Allocation,-1.7215335277957553,"WATCHLIST: Reference return -2.0%, Safety 1.2/100, Risk: High Risk","Risk Reference Prices (Current: 3.74) | Lower Warning: 3.55, Lower Danger: 3.37, Upper Warning: 3.93, Upper Danger: 4.11",WATCHLIST
SYN/USDT,MATURE,0.05,Downward,-1,1.57,75,43.76,Neutral,-0.82,High Risk,Caution,0.0,34.7,D,Underweight,Conservative Allocation,-0.4714821901218975,"WATCHLIST: Reference return -0.8%, Safety 0.0/100, Risk: High Risk","Risk Reference Prices (Current: 0.05) | Lower Warning: 0.05, Lower Danger: 0.05, Upper Warning: 0.05, Upper Danger: 0.06",WATCHLIST
CTK/USDT,MATURE,0.16,Downward,-1,0.22,50,41.35,Neutral,-2.03,High Risk,Caution,12.6,20.9,D,Underweight,Conservative Allocation,-1.32593381487256,"WATCHLIST: Reference return -2.0%, Safety 12.6/100, Risk: High Risk","Risk Reference Prices (Current: 0.16) | Lower Warning: 0.15, Lower Danger: 0.15, Upper Warning: 0.17, Upper Danger: 0.18",WATCHLIST
MORPHO/USDT,MATURE,1.53,Upward,1,-0.59,35,56.97,Neutral,0.44,High Risk,Caution,18.7,14.3,D,Underweight,Conservative Allocation,0.048641834656864245,"WATCHLIST: Reference return 0.4%, Safety 18.7/100, Risk: High Risk","Risk Reference Prices (Current: 1.53) | Lower Warning: 1.45, Lower Danger: 1.37, Upper Warning: 1.6, Upper Danger: 1.68",WATCHLIST
ACA/USDT,MATURE,0.0,Downward,-1,-1.45,20,30.33,Bearish,-6.81,High Risk,Caution,0.0,-3.9,D,Underweight,Conservative Allocation,-2.8376424636887325,"WATCHLIST: Reference return -6.8%, Safety 0.0/100, Risk: High Risk","Risk Reference Prices (Current: 0.00) | Lower Warning: 0.0, Lower Danger: 0.0, Upper Warning: 0.0, Upper Danger: 0.0",WATCHLIST
PIVX/USDT,MATURE,0.09,Downward,-1,0.87,50,43.3,Neutral,-2.59,High Risk,Caution,0.0,24.7,D,Underweight,Conservative Allocation,0.07123096434847336,"WATCHLIST: Reference return -2.6%, Safety 0.0/100, Risk: High Risk","Risk Reference Prices (Current: 0.09) | Lower Warning: 0.08, Lower Danger: 0.08, Upper Warning: 0.09, Upper Danger: 0.1",WATCHLIST
FOR/USDT,MATURE,0.0,Downward,-1,-1.75,40,40.99,Neutral,-4.42,High Risk,Caution,0.0,0.1,D,Underweight,Conservative Allocation,-1.9911539227512964,"WATCHLIST: Reference return -4.4%, Safety 0.0/100, Risk: High Risk","Risk Reference Prices (Current: 0.00) | Lower Warning: 0.0, Lower Danger: 0.0, Upper Warning: 0.0, Upper Danger: 0.0",WATCHLIST
COMP/USDT,MATURE,16.73,Downward,-1,-2.77,20,52.13,Neutral,-1.72,High Risk,Caution,13.8,-3.1,D,Underweight,Conservative Allocation,-1.388964904579932,"WATCHLIST: Reference return -1.7%, Safety 13.8/100, Risk: High Risk","Risk Reference Prices (Current: 16.73) | Lower Warning: 15.89, Lower Danger: 15.06, Upper Warning: 17.57, Upper Danger: 18.4",WATCHLIST
AMB/USDT,MATURE,0.0,Downward,-1,-1.82,40,30.51,Bearish,-6.61,High Risk,Caution,0.0,-1.8,D,Underweight,Conservative Allocation,-2.2065789853152418,"WATCHLIST: Reference return -6.6%, Safety 0.0/100, Risk: High Risk","Risk Reference Prices (Current: 0.00) | Lower Warning: 0.0, Lower Danger: 0.0, Upper Warning: 0.0, Upper Danger: 0.0",WATCHLIST
KP3R/USDT,MATURE,16.48,Downward,-1,-1.53,30,45.17,Neutral,-0.79,High Risk,Caution,0.0,-0.1,D,Underweight,Conservative Allocation,-2.2176664687437957,"WATCHLIST: Reference return -0.8%, Safety 0.0/100, Risk: High Risk","Risk Reference Prices (Current: 16.48) | Lower Warning: 15.66, Lower Danger: 14.83, Upper Warning: 17.3, Upper Danger: 18.13",WATCHLIST
SYRUP/USDT,MATURE,0.21,Downward,-1,0.24,50,41.64,Neutral,-4.03,High Risk,Caution,12.7,21.2,D,Underweight,Conservative Allocation,-0.784181995821569,"WATCHLIST: Reference return -4.0%, Safety 12.7/100, Risk: High Risk","Risk Reference Prices (Current: 0.21) | Lower Warning: 0.2, Lower Danger: 0.19, Upper Warning: 0.22, Upper Danger: 0.24",WATCHLIST
PERL/USDT,MATURE,0.0,Downward,-1,-1.36,30,45.72,Neutral,-0.57,High Risk,Caution,0.0,1.0,D,Underweight,Conservative Allocation,-0.42848597505387176,"WATCHLIST: Reference return -0.6%, Safety 0.0/100, Risk: High Risk","Risk Reference Prices (Current: 0.00) | Lower Warning: 0.0, Lower Danger: 0.0, Upper Warning: 0.0, Upper Danger: 0.01",WATCHLIST
SSV/USDT,MATURE,2.28,Downward,-1,-0.41,45,37.27,Bearish,-4.07,High Risk,Caution,0.0,10.5,D,Underweight,Conservative Allocation,-1.3872786943051882,"WATCHLIST: Reference return -4.1%, Safety 0.0/100, Risk: High Risk","Risk Reference Prices (Current: 2.28) | Lower Warning: 2.16, Lower Danger: 2.05, Upper Warning: 2.39, Upper Danger: 2.5",WATCHLIST
KSM/USDT,MATURE,4.19,Downward,-1,0.21,50,46.84,Neutral,-0.94,High Risk,Caution,8.5,20.8,D,Underweight,Conservative Allocation,-1.7031811001531187,"WATCHLIST: Reference return -0.9%, Safety 8.5/100, Risk: High Risk","Risk Reference Prices (Current: 4.19) | Lower Warning: 3.98, Lower Danger: 3.77, Upper Warning: 4.4, Upper Danger: 4.61",WATCHLIST
CATI/USDT,MATURE,0.05,Downward,-1,2.05,85,53.11,Neutral,1.45,High Risk,Caution,0.0,42.8,C,Caution,Risk Mitigation,-0.8045374308859192,"WATCHLIST: Reference return 1.5%, Safety 0.0/100, Risk: High Risk","Risk Reference Prices (Current: 0.05) | Lower Warning: 0.05, Lower Danger: 0.05, Upper Warning: 0.06, Upper Danger: 0.06",WATCHLIST
HEI/USDT,MATURE,0.09,Downward,-1,1.78,85,43.96,Neutral,-1.35,High Risk,Caution,0.0,37.8,C,Caution,Risk Mitigation,-1.6112977352207554,"WATCHLIST: Reference return -1.4%, Safety 0.0/100, Risk: High Risk","Risk Reference Prices (Current: 0.09) | Lower Warning: 0.08, Lower Danger: 0.08, Upper Warning: 0.09, Upper Danger: 0.09",WATCHLIST
VTHO/USDT,MATURE,0.0,Downward,-1,-0.47,35,46.07,Neutral,-0.5,High Risk,Caution,7.2,10.7,D,Underweight,Conservative Allocation,-2.139000188706306,"WATCHLIST: Reference return -0.5%, Safety 7.2/100, Risk: High Risk","Risk Reference Prices (Current: 0.00) | Lower Warning: 0.0, Lower Danger: 0.0, Upper Warning: 0.0, Upper Danger: 0.0",WATCHLIST
ACT/USDT,MATURE,0.01,Downward,-1,-2.71,20,42.69,Neutral,-1.79,High Risk,Caution,0.0,-7.1,D,Underweight,Conservative Allocation,-0.9035523378352974,"WATCHLIST: Reference return -1.8%, Safety 0.0/100, Risk: High Risk","Risk Reference Prices (Current: 0.01) | Lower Warning: 0.01, Lower Danger: 0.01, Upper Warning: 0.01, Upper Danger: 0.01",WATCHLIST
MOB/USDT,MATURE,0.06,Downward,-1,-2.89,30,47.33,Neutral,2.14,High Risk,Caution,0.0,-1.3,D,Underweight,Conservative Allocation,-0.05558587710614913,"WATCHLIST: Reference return 2.1%, Safety 0.0/100, Risk: High Risk","Risk Reference Prices (Current: 0.06) | Lower Warning: 0.06, Lower Danger: 0.06, Upper Warning: 0.07, Upper Danger: 0.07",WATCHLIST
CLV/USDT,MATURE,0.03,Downward,-1,-0.7,20,36.38,Bearish,-5.74,High Risk,Caution,0.0,2.7,D,Underweight,Conservative Allocation,0.3530676398327192,"WATCHLIST: Reference return -5.7%, Safety 0.0/100, Risk: High Risk","Risk Reference Prices (Current: 0.03) | Lower Warning: 0.03, Lower Danger: 0.03, Upper Warning: 0.03, Upper Danger: 0.03",WATCHLIST
A/USDT,MATURE,0.08,Downward,-1,0.21,50,45.53,Neutral,-1.23,High Risk,Caution,0.0,18.9,D,Underweight,Conservative Allocation,-2.7062846381597674,"WATCHLIST: Reference return -1.2%, Safety 0.0/100, Risk: High Risk","Risk Reference Prices (Current: 0.08) | Lower Warning: 0.08, Lower Danger: 0.07, Upper Warning: 0.08, Upper Danger: 0.09",WATCHLIST
KDA/USDT,MATURE,0.01,Downward,-1,0.38,55,26.98,Bearish,-12.68,High Risk,Caution,0.0,18.8,D,Underweight,Conservative Allocation,-2.9030741584760773,"WATCHLIST: Reference return -12.7%, Safety 0.0/100, Risk: High Risk","Risk Reference Prices (Current: 0.01) | Lower Warning: 0.01, Lower Danger: 0.01, Upper Warning: 0.01, Upper Danger: 0.01",WATCHLIST
SUSHI/USDT,MATURE,0.19,Downward,-1,0.21,50,45.69,Neutral,-1.16,High Risk,Caution,0.0,18.9,D,Underweight,Conservative Allocation,-1.6916988497819576,"WATCHLIST: Reference return -1.2%, Safety 0.0/100, Risk: High Risk","Risk Reference Prices (Current: 0.19) | Lower Warning: 0.19, Lower Danger: 0.18, Upper Warning: 0.2, Upper Danger: 0.21",WATCHLIST
VANA/USDT,MATURE,1.23,Downward,-1,-0.44,25,41.16,Neutral,-2.37,High Risk,Caution,0.0,6.8,D,Underweight,Conservative Allocation,-1.5628168876218709,"WATCHLIST: Reference return -2.4%, Safety 0.0/100, Risk: High Risk","Risk Reference Prices (Current: 1.23) | Lower Warning: 1.17, Lower Danger: 1.11, Upper Warning: 1.3, Upper Danger: 1.36",WATCHLIST
MULTI/USDT,MATURE,0.83,Downward,-1,-1.0,30,43.03,Neutral,-3.05,High Risk,Caution,0.0,3.2,D,Underweight,Conservative Allocation,0.36858241866428565,"WATCHLIST: Reference return -3.0%, Safety 0.0/100, Risk: High Risk","Risk Reference Prices (Current: 0.83) | Lower Warning: 0.79, Lower Danger: 0.75, Upper Warning: 0.88, Upper Danger: 0.92",WATCHLIST
SNT/USDT,MATURE,0.03,Downward,-1,1.44,70,39.12,Bearish,-3.8,High Risk,Caution,0.0,32.2,D,Underweight,Conservative Allocation,0.5509071599419169,"WATCHLIST: Reference return -3.8%, Safety 0.0/100, Risk: High Risk","Risk Reference Prices (Current: 0.03) | Lower Warning: 0.03, Lower Danger: 0.02, Upper Warning: 0.03, Upper Danger: 0.03",WATCHLIST
WING/USDT,MATURE,0.33,Downward,-1,-1.99,10,34.34,Bearish,-3.5,High Risk,Caution,0.0,-8.0,D,Underweight,Conservative Allocation,-1.3073087876535987,"WATCHLIST: Reference return -3.5%, Safety 0.0/100, Risk: High Risk","Risk Reference Prices (Current: 0.33) | Lower Warning: 0.31, Lower Danger: 0.29, Upper Warning: 0.34, Upper Danger: 0.36",WATCHLIST
DIA/USDT,MATURE,0.18,Downward,-1,0.19,50,44.02,Neutral,-1.04,High Risk,Caution,0.0,18.5,D,Underweight,Conservative Allocation,-1.391226640004266,"WATCHLIST: Reference return -1.0%, Safety 0.0/100, Risk: High Risk","Risk Reference Prices (Current: 0.18) | Lower Warning: 0.17, Lower Danger: 0.16, Upper Warning: 0.19, Upper Danger: 0.2",WATCHLIST
NIL/USDT,MATURE,0.03,Downward,-1,-0.5,35,40.88,Neutral,-1.56,High Risk,Caution,0.0,8.2,D,Underweight,Conservative Allocation,-1.8092705324551872,"WATCHLIST: Reference return -1.6%, Safety 0.0/100, Risk: High Risk","Risk Reference Prices (Current: 0.03) | Lower Warning: 0.03, Lower Danger: 0.03, Upper Warning: 0.04, Upper Danger: 0.04",WATCHLIST
SANTOS/USDT,MATURE,1.03,Downward,-1,-0.2,45,33.11,Bearish,-3.74,High Risk,Caution,0.0,12.0,D,Underweight,Conservative Allocation,-0.5879321197686889,"WATCHLIST: Reference return -3.7%, Safety 0.0/100, Risk: High Risk","Risk Reference Prices (Current: 1.03) | Lower Warning: 0.98, Lower Danger: 0.93, Upper Warning: 1.09, Upper Danger: 1.14",WATCHLIST
MDT/USDT,MATURE,0.01,Downward,-1,-2.65,20,41.8,Neutral,-2.25,High Risk,Caution,1.3,-6.8,D,Underweight,Conservative Allocation,-1.3790326734239013,"WATCHLIST: Reference return -2.2%, Safety 1.3/100, Risk: High Risk","Risk Reference Prices (Current: 0.01) | Lower Warning: 0.01, Lower Danger: 0.01, Upper Warning: 0.01, Upper Danger: 0.01",WATCHLIST
CVX/USDT,MATURE,1.74,Downward,-1,0.35,50,47.31,Neutral,-0.77,High Risk,Caution,2.6,21.1,D,Underweight,Conservative Allocation,-0.5835273740739185,"WATCHLIST: Reference return -0.8%, Safety 2.6/100, Risk: High Risk","Risk Reference Prices (Current: 1.74) | Lower Warning: 1.65, Lower Danger: 1.57, Upper Warning: 1.83, Upper Danger: 1.91",WATCHLIST
COW/USDT,MATURE,0.21,Upward,1,0.38,50,54.84,Neutral,1.8,High Risk,Caution,14.3,27.8,D,Underweight,Conservative Allocation,-0.3396621419911387,"WATCHLIST: Reference return 1.8%, Safety 14.3/100, Risk: High Risk","Risk Reference Prices (Current: 0.21) | Lower Warning: 0.2, Lower Danger: 0.19, Upper Warning: 0.22, Upper Danger: 0.23",WATCHLIST
COMBO/USDT,MATURE,0.03,Downward,-1,-1.08,40,33.44,Bearish,-9.31,High Risk,Caution,0.0,3.2,D,Underweight,Conservative Allocation,-2.2450027856652643,"WATCHLIST: Reference return -9.3%, Safety 0.0/100, Risk: High Risk","Risk Reference Prices (Current: 0.03) | Lower Warning: 0.03, Lower Danger: 0.02, Upper Warning: 0.03, Upper Danger: 0.03",WATCHLIST
EPX/USDT,MATURE,0.0,Downward,-1,-1.78,40,37.36,Bearish,-6.04,High Risk,Caution,0.0,-0.6,D,Underweight,Conservative Allocation,-1.6834087003301494,"WATCHLIST: Reference return -6.0%, Safety 0.0/100, Risk: High Risk","Risk Reference Prices (Current: 0.00) | Lower Warning: 0.0, Lower Danger: 0.0, Upper Warning: 0.0, Upper Danger: 0.0",WATCHLIST
API3/USDT,MATURE,0.27,Downward,-1,0.2,50,43.64,Neutral,-0.92,High Risk,Caution,2.6,19.1,D,Underweight,Conservative Allocation,-1.7040840452836095,"WATCHLIST: Reference return -0.9%, Safety 2.6/100, Risk: High Risk","Risk Reference Prices (Current: 0.27) | Lower Warning: 0.26, Lower Danger: 0.24, Upper Warning: 0.29, Upper Danger: 0.3",WATCHLIST
C98/USDT,MATURE,0.02,Upward,1,-2.26,20,49.09,Neutral,-2.09,High Risk,Caution,3.5,-4.2,D,Underweight,Conservative Allocation,-0.23154898718462585,"WATCHLIST: Reference return -2.1%, Safety 3.5/100, Risk: High Risk","Risk Reference Prices (Current: 0.02) | Lower Warning: 0.02, Lower Danger: 0.02, Upper Warning: 0.02, Upper Danger: 0.03",WATCHLIST
MDX/USDT,MATURE,0.03,Downward,-1,-0.84,35,39.1,Bearish,-5.31,High Risk,Caution,0.0,4.9,D,Underweight,Conservative Allocation,0.2541612863651814,"WATCHLIST: Reference return -5.3%, Safety 0.0/100, Risk: High Risk","Risk Reference Prices (Current: 0.03) | Lower Warning: 0.03, Lower Danger: 0.03, Upper Warning: 0.04, Upper Danger: 0.04",WATCHLIST
ACX/USDT,MATURE,0.04,Downward,-1,-1.69,55,51.32,Neutral,-0.91,High Risk,Caution,7.7,6.5,D,Underweight,Conservative Allocation,-0.7930836077313149,"WATCHLIST: Reference return -0.9%, Safety 7.7/100, Risk: High Risk","Risk Reference Prices (Current: 0.04) | Lower Warning: 0.04, Lower Danger: 0.04, Upper Warning: 0.04, Upper Danger: 0.05",WATCHLIST
AGLD/USDT,MATURE,0.24,Downward,-1,0.28,50,49.32,Neutral,-0.43,High Risk,Caution,1.0,20.4,D,Underweight,Conservative Allocation,-0.8415828711734188,"WATCHLIST: Reference return -0.4%, Safety 1.0/100, Risk: High Risk","Risk Reference Prices (Current: 0.24) | Lower Warning: 0.23, Lower Danger: 0.22, Upper Warning: 0.25, Upper Danger: 0.26",WATCHLIST
PORTAL/USDT,MATURE,0.01,Downward,-1,-0.48,35,35.75,Bearish,-5.93,High Risk,Caution,0.0,7.7,D,Underweight,Conservative Allocation,-1.6455404221919523,"WATCHLIST: Reference return -5.9%, Safety 0.0/100, Risk: High Risk","Risk Reference Prices (Current: 0.01) | Lower Warning: 0.01, Lower Danger: 0.01, Upper Warning: 0.01, Upper Danger: 0.01",WATCHLIST
SLF/USDT,MATURE,0.02,Downward,-1,-0.43,45,36.52,Bearish,-4.35,High Risk,Caution,0.0,10.2,D,Underweight,Conservative Allocation,-0.9789233914182385,"WATCHLIST: Reference return -4.3%, Safety 0.0/100, Risk: High Risk","Risk Reference Prices (Current: 0.02) | Lower Warning: 0.02, Lower Danger: 0.02, Upper Warning: 0.02, Upper Danger: 0.02",WATCHLIST
BLUR/USDT,MATURE,0.02,Downward,-1,1.58,75,44.71,Neutral,-2.02,High Risk,Caution,0.0,34.9,D,Underweight,Conservative Allocation,-1.7804188361692501,"WATCHLIST: Reference return -2.0%, Safety 0.0/100, Risk: High Risk","Risk Reference Prices (Current: 0.02) | Lower Warning: 0.02, Lower Danger: 0.02, Upper Warning: 0.02, Upper Danger: 0.02",WATCHLIST
YFI/USDT,MATURE,2494.0,Downward,-1,0.34,60,46.26,Neutral,-1.92,High Risk,Caution,18.8,26.1,D,Underweight,Conservative Allocation,-1.6037175799117052,"WATCHLIST: Reference return -1.9%, Safety 18.8/100, Risk: High Risk","Risk Reference Prices (Current: 2494.00) | Lower Warning: 2369.3, Lower Danger: 2244.6, Upper Warning: 2618.7, Upper Danger: 2743.4",WATCHLIST
OXT/USDT,MATURE,0.02,Downward,-1,0.2,50,43.34,Neutral,-3.1,High Risk,Caution,0.0,18.5,D,Underweight,Conservative Allocation,-2.1098471623860147,"WATCHLIST: Reference return -3.1%, Safety 0.0/100, Risk: High Risk","Risk Reference Prices (Current: 0.01) | Lower Warning: 0.01, Lower Danger: 0.01, Upper Warning: 0.02, Upper Danger: 0.02",WATCHLIST
XEM/USDT,MATURE,0.02,Downward,-1,-1.71,40,39.5,Bearish,-3.83,High Risk,Caution,0.0,0.1,D,Underweight,Conservative Allocation,-0.8792667762431536,"WATCHLIST: Reference return -3.8%, Safety 0.0/100, Risk: High Risk","Risk Reference Prices (Current: 0.02) | Lower Warning: 0.02, Lower Danger: 0.01, Upper Warning: 0.02, Upper Danger: 0.02",WATCHLIST
SKL/USDT,MATURE,0.01,Downward,-1,0.87,65,45.93,Neutral,-1.29,High Risk,Caution,0.0,28.1,D,Underweight,Conservative Allocation,-1.869612561875003,"WATCHLIST: Reference return -1.3%, Safety 0.0/100, Risk: High Risk","Risk Reference Prices (Current: 0.01) | Lower Warning: 0.01, Lower Danger: 0.01, Upper Warning: 0.01, Upper Danger: 0.01",WATCHLIST
LISTA/USDT,MATURE,0.09,Downward,-1,1.99,85,44.54,Neutral,-2.04,High Risk,Caution,0.0,38.9,C,Caution,Risk Mitigation,-0.8672771814214136,"WATCHLIST: Reference return -2.0%, Safety 0.0/100, Risk: High Risk","Risk Reference Prices (Current: 0.09) | Lower Warning: 0.08, Lower Danger: 0.08, Upper Warning: 0.09, Upper Danger: 0.1",WATCHLIST
ZKP/USDT,MATURE,0.07,Unknown,0,-0.5,15,41.16,Neutral,-2.98,High Risk,Caution,3.5,5.0,D,Underweight,Conservative Allocation,-1.6411943022134117,"WATCHLIST: Reference return -3.0%, Safety 3.5/100, Risk: High Risk","Risk Reference Prices (Current: 0.07) | Lower Warning: 0.07, Lower Danger: 0.06, Upper Warning: 0.07, Upper Danger: 0.08",WATCHLIST
BETA/USDT,MATURE,0.0,Downward,-1,-1.08,40,34.67,Bearish,-7.11,High Risk,Caution,0.0,3.3,D,Underweight,Conservative Allocation,-3.3617618765511574,"WATCHLIST: Reference return -7.1%, Safety 0.0/100, Risk: High Risk","Risk Reference Prices (Current: 0.00) | Lower Warning: 0.0, Lower Danger: 0.0, Upper Warning: 0.0, Upper Danger: 0.0",WATCHLIST
ANIME/USDT,MATURE,0.0,Downward,-1,-1.44,55,43.55,Neutral,-1.83,High Risk,Caution,0.0,5.2,D,Underweight,Conservative Allocation,-1.144273647393576,"WATCHLIST: Reference return -1.8%, Safety 0.0/100, Risk: High Risk","Risk Reference Prices (Current: 0.00) | Lower Warning: 0.0, Lower Danger: 0.0, Upper Warning: 0.0, Upper Danger: 0.01",WATCHLIST
COTI/USDT,MATURE,0.01,Downward,-1,1.49,75,49.38,Neutral,1.26,High Risk,Caution,0.0,37.1,C,Caution,Risk Mitigation,-1.072347570735318,"WATCHLIST: Reference return 1.3%, Safety 0.0/100, Risk: High Risk","Risk Reference Prices (Current: 0.01) | Lower Warning: 0.01, Lower Danger: 0.01, Upper Warning: 0.01, Upper Danger: 0.01",WATCHLIST
ATM/USDT,MATURE,0.99,Downward,-1,-0.07,25,47.96,Neutral,-2.69,Low Risk,Caution,31.7,17.8,D,Underweight,Conservative Allocation,-0.23730785163952636,"WATCHLIST: Reference return -2.7%, Safety 31.7/100, Risk: Low Risk","Risk Reference Prices (Current: 0.99) | Lower Warning: 0.94, Lower Danger: 0.89, Upper Warning: 1.04, Upper Danger: 1.09",WATCHLIST
KMNO/USDT,MATURE,0.02,Downward,-1,-0.49,25,34.76,Bearish,-6.5,High Risk,Caution,0.0,5.4,D,Underweight,Conservative Allocation,-2.132570086310297,"WATCHLIST: Reference return -6.5%, Safety 0.0/100, Risk: High Risk","Risk Reference Prices (Current: 0.02) | Lower Warning: 0.02, Lower Danger: 0.02, Upper Warning: 0.02, Upper Danger: 0.02",WATCHLIST
MANA/USDT,MATURE,0.09,Downward,-1,0.2,50,42.47,Neutral,-1.18,High Risk,Caution,0.0,18.4,D,Underweight,Conservative Allocation,-1.9569627623127839,"WATCHLIST: Reference return -1.2%, Safety 0.0/100, Risk: High Risk","Risk Reference Prices (Current: 0.09) | Lower Warning: 0.08, Lower Danger: 0.08, Upper Warning: 0.09, Upper Danger: 0.1",WATCHLIST
HIGH/USDT,MATURE,0.14,Downward,-1,0.18,50,43.32,Neutral,-1.37,High Risk,Caution,0.0,18.3,D,Underweight,Conservative Allocation,-1.8209343312727158,"WATCHLIST: Reference return -1.4%, Safety 0.0/100, Risk: High Risk","Risk Reference Prices (Current: 0.14) | Lower Warning: 0.13, Lower Danger: 0.12, Upper Warning: 0.14, Upper Danger: 0.15",WATCHLIST
STMX/USDT,MATURE,0.0,Downward,-1,0.52,70,40.14,Neutral,-2.16,High Risk,Caution,0.0,25.1,D,Underweight,Conservative Allocation,-0.08805818862195632,"WATCHLIST: Reference return -2.2%, Safety 0.0/100, Risk: High Risk","Risk Reference Prices (Current: 0.00) | Lower Warning: 0.0, Lower Danger: 0.0, Upper Warning: 0.0, Upper Danger: 0.01",WATCHLIST
SCR/USDT,MATURE,0.04,Downward,-1,0.18,50,42.47,Neutral,-0.64,High Risk,Caution,0.0,18.2,D,Underweight,Conservative Allocation,-2.548855575481214,"WATCHLIST: Reference return -0.6%, Safety 0.0/100, Risk: High Risk","Risk Reference Prices (Current: 0.04) | Lower Warning: 0.04, Lower Danger: 0.04, Upper Warning: 0.05, Upper Danger: 0.05",WATCHLIST
BMT/USDT,MATURE,0.02,Downward,-1,0.48,70,44.2,Neutral,-2.25,High Risk,Caution,0.0,25.3,D,Underweight,Conservative Allocation,-2.0378412780176807,"WATCHLIST: Reference return -2.2%, Safety 0.0/100, Risk: High Risk","Risk Reference Prices (Current: 0.02) | Lower Warning: 0.01, Lower Danger: 0.01, Upper Warning: 0.02, Upper Danger: 0.02",WATCHLIST
SUPER/USDT,MATURE,0.1,Downward,-1,-2.25,10,42.22,Neutral,-2.58,High Risk,Caution,0.0,-7.9,D,Underweight,Conservative Allocation,-2.2435691490902974,"WATCHLIST: Reference return -2.6%, Safety 0.0/100, Risk: High Risk","Risk Reference Prices (Current: 0.10) | Lower Warning: 0.09, Lower Danger: 0.09, Upper Warning: 0.1, Upper Danger: 0.11",WATCHLIST
STEEM/USDT,MATURE,0.06,Downward,-1,-1.14,45,52.52,Neutral,-0.31,High Risk,Caution,2.5,7.1,D,Underweight,Conservative Allocation,-0.8680212503502427,"WATCHLIST: Reference return -0.3%, Safety 2.5/100, Risk: High Risk","Risk Reference Prices (Current: 0.06) | Lower Warning: 0.06, Lower Danger: 0.05, Upper Warning: 0.06, Upper Danger: 0.06",WATCHLIST
POLS/USDT,MATURE,0.31,Downward,-1,-0.4,45,32.17,Bearish,-5.42,High Risk,Caution,0.0,9.9,D,Underweight,Conservative Allocation,-1.371616789696838,"WATCHLIST: Reference return -5.4%, Safety 0.0/100, Risk: High Risk","Risk Reference Prices (Current: 0.31) | Lower Warning: 0.29, Lower Danger: 0.28, Upper Warning: 0.32, Upper Danger: 0.34",WATCHLIST
MOVR/USDT,MATURE,1.16,Downward,-1,1.56,75,39.5,Bearish,-5.11,High Risk,Caution,0.0,34.0,D,Underweight,Conservative Allocation,-2.3451447077404195,"WATCHLIST: Reference return -5.1%, Safety 0.0/100, Risk: High Risk","Risk Reference Prices (Current: 1.17) | Lower Warning: 1.11, Lower Danger: 1.05, Upper Warning: 1.22, Upper Danger: 1.28",WATCHLIST
UTK/USDT,MATURE,0.01,Downward,-1,-3.35,30,43.16,Neutral,-1.22,High Risk,Caution,0.0,-6.2,D,Underweight,Conservative Allocation,-1.821006202191158,"WATCHLIST: Reference return -1.2%, Safety 0.0/100, Risk: High Risk","Risk Reference Prices (Current: 0.01) | Lower Warning: 0.01, Lower Danger: 0.01, Upper Warning: 0.01, Upper Danger: 0.01",WATCHLIST
PSG/USDT,MATURE,0.83,Upward,1,1.82,100,54.27,Neutral,0.65,High Risk,Caution,19.6,47.6,C+,Watchlist,Double Check,-1.4286153794052738,"WATCHLIST: Reference return 0.7%, Safety 19.6/100, Risk: High Risk","Risk Reference Prices (Current: 0.83) | Lower Warning: 0.79, Lower Danger: 0.75, Upper Warning: 0.87, Upper Danger: 0.92",WATCHLIST
CREAM/USDT,MATURE,2.1,Downward,-1,-2.58,20,34.54,Bearish,-6.59,High Risk,Caution,0.0,-8.0,D,Underweight,Conservative Allocation,-1.1748162417206562,"WATCHLIST: Reference return -6.6%, Safety 0.0/100, Risk: High Risk","Risk Reference Prices (Current: 2.10) | Lower Warning: 2.0, Lower Danger: 1.89, Upper Warning: 2.2, Upper Danger: 2.31",WATCHLIST
ALPACA/USDT,MATURE,0.22,Upward,1,4.22,100,36.93,Bearish,-7.46,High Risk,Caution,0.0,45.0,C+,Watchlist,Double Check,1.1915484910672294,"ATTENTION: Reference return -7.5%, Safety 0.0/100, Risk: High Risk","Risk Reference Prices (Current: 0.22) | Lower Warning: 0.21, Lower Danger: 0.2, Upper Warning: 0.24, Upper Danger: 0.25",ATTENTION
HYPER/USDT,MATURE,0.09,Downward,-1,0.42,60,43.77,Neutral,-2.46,High Risk,Caution,0.0,22.7,D,Underweight,Conservative Allocation,-1.2880935039926145,"WATCHLIST: Reference return -2.5%, Safety 0.0/100, Risk: High Risk","Risk Reference Prices (Current: 0.09) | Lower Warning: 0.08, Lower Danger: 0.08, Upper Warning: 0.09, Upper Danger: 0.09",WATCHLIST
SAPIEN/USDT,MATURE,0.07,Downward,-1,0.19,50,41.02,Neutral,-2.62,High Risk,Caution,0.0,18.0,D,Underweight,Conservative Allocation,-1.4227533456385786,"WATCHLIST: Reference return -2.6%, Safety 0.0/100, Risk: High Risk","Risk Reference Prices (Current: 0.07) | Lower Warning: 0.06, Lower Danger: 0.06, Upper Warning: 0.07, Upper Danger: 0.07",WATCHLIST
CVC/USDT,MATURE,0.03,Downward,-1,0.44,70,45.33,Neutral,-1.92,High Risk,Caution,7.8,26.7,D,Underweight,Conservative Allocation,-1.76247727400099,"WATCHLIST: Reference return -1.9%, Safety 7.8/100, Risk: High Risk","Risk Reference Prices (Current: 0.03) | Lower Warning: 0.03, Lower Danger: 0.03, Upper Warning: 0.03, Upper Danger: 0.03",WATCHLIST
CTXC/USDT,MATURE,0.06,Downward,-1,-1.41,40,37.13,Bearish,-5.24,High Risk,Caution,0.0,1.4,D,Underweight,Conservative Allocation,-0.14130614319040094,"WATCHLIST: Reference return -5.2%, Safety 0.0/100, Risk: High Risk","Risk Reference Prices (Current: 0.06) | Lower Warning: 0.06, Lower Danger: 0.06, Upper Warning: 0.07, Upper Danger: 0.07",WATCHLIST
DOGS/USDT,MATURE,0.0,Downward,-1,0.21,50,46.58,Neutral,-2.21,High Risk,Caution,0.0,19.1,D,Underweight,Conservative Allocation,-1.5874409327182235,"WATCHLIST: Reference return -2.2%, Safety 0.0/100, Risk: High Risk","Risk Reference Prices (Current: 0.00) | Lower Warning: 0.0, Lower Danger: 0.0, Upper Warning: 0.0, Upper Danger: 0.0",WATCHLIST
SOPH/USDT,MATURE,0.01,Downward,-1,-1.88,55,43.77,Neutral,-0.86,High Risk,Caution,0.0,2.9,D,Underweight,Conservative Allocation,-1.3262977929126238,"WATCHLIST: Reference return -0.9%, Safety 0.0/100, Risk: High Risk","Risk Reference Prices (Current: 0.01) | Lower Warning: 0.01, Lower Danger: 0.01, Upper Warning: 0.01, Upper Danger: 0.01",WATCHLIST
UMA/USDT,MATURE,0.41,Downward,-1,0.2,50,41.29,Neutral,-2.75,High Risk,Caution,1.7,18.5,D,Underweight,Conservative Allocation,-1.4711469437059204,"WATCHLIST: Reference return -2.8%, Safety 1.7/100, Risk: High Risk","Risk Reference Prices (Current: 0.41) | Lower Warning: 0.39, Lower Danger: 0.37, Upper Warning: 0.43, Upper Danger: 0.45",WATCHLIST
RARE/USDT,MATURE,0.01,Downward,-1,0.18,50,38.99,Bearish,-1.87,High Risk,Caution,0.0,17.6,D,Underweight,Conservative Allocation,-1.7555172598641362,"WATCHLIST: Reference return -1.9%, Safety 0.0/100, Risk: High Risk","Risk Reference Prices (Current: 0.01) | Lower Warning: 0.01, Lower Danger: 0.01, Upper Warning: 0.02, Upper Danger: 0.02",WATCHLIST
BTS/USDT,MATURE,0.01,Downward,-1,-1.11,30,48.91,Neutral,0.82,High Risk,Caution,0.0,4.6,D,Underweight,Conservative Allocation,-0.04690615706148833,"WATCHLIST: Reference return 0.8%, Safety 0.0/100, Risk: High Risk","Risk Reference Prices (Current: 0.01) | Lower Warning: 0.01, Lower Danger: 0.0, Upper Warning: 0.01, Upper Danger: 0.01",WATCHLIST
ONE/USDT,MATURE,0.0,Downward,-1,0.18,50,43.1,Neutral,-1.06,High Risk,Caution,0.0,18.3,D,Underweight,Conservative Allocation,-1.8150183561277828,"WATCHLIST: Reference return -1.1%, Safety 0.0/100, Risk: High Risk","Risk Reference Prices (Current: 0.00) | Lower Warning: 0.0, Lower Danger: 0.0, Upper Warning: 0.0, Upper Danger: 0.0",WATCHLIST
PNT/USDT,MATURE,0.04,Downward,-1,-1.34,40,49.87,Neutral,1.85,High Risk,Caution,0.0,6.8,D,Underweight,Conservative Allocation,-0.22017056367117302,"WATCHLIST: Reference return 1.8%, Safety 0.0/100, Risk: High Risk","Risk Reference Prices (Current: 0.04) | Lower Warning: 0.03, Lower Danger: 0.03, Upper Warning: 0.04, Upper Danger: 0.04",WATCHLIST
HOT/USDT,MATURE,0.0,Downward,-1,-1.35,45,51.04,Neutral,0.0,High Risk,Caution,14.8,7.9,D,Underweight,Conservative Allocation,-1.0807849401495158,"WATCHLIST: Reference return 0.0%, Safety 14.8/100, Risk: High Risk","Risk Reference Prices (Current: 0.00) | Lower Warning: 0.0, Lower Danger: 0.0, Upper Warning: 0.0, Upper Danger: 0.0",WATCHLIST
FLM/USDT,MATURE,0.02,Downward,-1,-2.3,20,38.39,Bearish,-2.53,High Risk,Caution,0.0,-6.6,D,Underweight,Conservative Allocation,-0.12560092661296895,"WATCHLIST: Reference return -2.5%, Safety 0.0/100, Risk: High Risk","Risk Reference Prices (Current: 0.02) | Lower Warning: 0.02, Lower Danger: 0.02, Upper Warning: 0.02, Upper Danger: 0.02",WATCHLIST
ASR/USDT,MATURE,1.24,Downward,-1,0.32,50,45.86,Neutral,-1.88,High Risk,Caution,18.0,23.6,D,Underweight,Conservative Allocation,-0.7415763968958811,"WATCHLIST: Reference return -1.9%, Safety 18.0/100, Risk: High Risk","Risk Reference Prices (Current: 1.24) | Lower Warning: 1.18, Lower Danger: 1.12, Upper Warning: 1.3, Upper Danger: 1.36",WATCHLIST
ERA/USDT,MATURE,0.13,Downward,-1,0.42,70,41.39,Neutral,-2.17,High Risk,Caution,0.0,24.3,D,Underweight,Conservative Allocation,-2.405591126629056,"WATCHLIST: Reference return -2.2%, Safety 0.0/100, Risk: High Risk","Risk Reference Prices (Current: 0.13) | Lower Warning: 0.12, Lower Danger: 0.11, Upper Warning: 0.13, Upper Danger: 0.14",WATCHLIST
ALPINE/USDT,MATURE,0.41,Downward,-1,0.4,50,46.98,Neutral,0.34,High Risk,Caution,0.0,21.6,D,Underweight,Conservative Allocation,-0.22866650341830363,"WATCHLIST: Reference return 0.3%, Safety 0.0/100, Risk: High Risk","Risk Reference Prices (Current: 0.41) | Lower Warning: 0.39, Lower Danger: 0.37, Upper Warning: 0.43, Upper Danger: 0.45",WATCHLIST
NXPC/USDT,MATURE,0.28,Downward,-1,-1.36,55,47.37,Neutral,0.41,High Risk,Caution,15.6,10.1,D,Underweight,Conservative Allocation,-1.0529292547669469,"WATCHLIST: Reference return 0.4%, Safety 15.6/100, Risk: High Risk","Risk Reference Prices (Current: 0.28) | Lower Warning: 0.27, Lower Danger: 0.25, Upper Warning: 0.3, Upper Danger: 0.31",WATCHLIST
SFP/USDT,MATURE,0.3,Downward,-1,1.14,65,51.07,Neutral,1.35,High Risk,Caution,18.1,36.8,C,Caution,Risk Mitigation,-0.5499935829693882,"WATCHLIST: Reference return 1.4%, Safety 18.1/100, Risk: High Risk","Risk Reference Prices (Current: 0.30) | Lower Warning: 0.28, Lower Danger: 0.27, Upper Warning: 0.31, Upper Danger: 0.33",WATCHLIST
GMX/USDT,MATURE,5.98,Downward,-1,-1.11,35,50.44,Neutral,0.0,High Risk,Caution,3.9,5.3,D,Underweight,Conservative Allocation,-1.37005053124846,"WATCHLIST: Reference return 0.0%, Safety 3.9/100, Risk: High Risk","Risk Reference Prices (Current: 5.98) | Lower Warning: 5.68, Lower Danger: 5.38, Upper Warning: 6.28, Upper Danger: 6.58",WATCHLIST
SHELL/USDT,MATURE,0.03,Downward,-1,0.34,60,44.63,Neutral,-1.81,High Risk,Caution,0.0,22.1,D,Underweight,Conservative Allocation,-1.5624605718851645,"WATCHLIST: Reference return -1.8%, Safety 0.0/100, Risk: High Risk","Risk Reference Prices (Current: 0.03) | Lower Warning: 0.03, Lower Danger: 0.03, Upper Warning: 0.03, Upper Danger: 0.03",WATCHLIST
CGPT/USDT,MATURE,0.02,Downward,-1,-1.23,35,45.08,Neutral,-2.72,High Risk,Caution,0.0,2.8,D,Underweight,Conservative Allocation,-2.033302449218966,"WATCHLIST: Reference return -2.7%, Safety 0.0/100, Risk: High Risk","Risk Reference Prices (Current: 0.02) | Lower Warning: 0.02, Lower Danger: 0.02, Upper Warning: 0.02, Upper Danger: 0.02",WATCHLIST
ORCA/USDT,MATURE,0.84,Downward,-1,-1.19,45,50.13,Neutral,-0.4,High Risk,Caution,0.0,5.8,D,Underweight,Conservative Allocation,-0.8095148528432589,"WATCHLIST: Reference return -0.4%, Safety 0.0/100, Risk: High Risk","Risk Reference Prices (Current: 0.84) | Lower Warning: 0.8, Lower Danger: 0.75, Upper Warning: 0.88, Upper Danger: 0.92",WATCHLIST
COOKIE/USDT,MATURE,0.02,Downward,-1,0.18,50,42.28,Neutral,-1.54,High Risk,Caution,0.0,18.1,D,Underweight,Conservative Allocation,-2.282751062023779,"WATCHLIST: Reference return -1.5%, Safety 0.0/100, Risk: High Risk","Risk Reference Prices (Current: 0.02) | Lower Warning: 0.02, Lower Danger: 0.01, Upper Warning: 0.02, Upper Danger: 0.02",WATCHLIST
PROM/USDT,MATURE,1.03,Downward,-1,0.18,50,43.81,Neutral,-2.86,High Risk,Caution,0.0,18.4,D,Underweight,Conservative Allocation,-2.9431714361634014,"WATCHLIST: Reference return -2.9%, Safety 0.0/100, Risk: High Risk","Risk Reference Prices (Current: 1.03) | Lower Warning: 0.98, Lower Danger: 0.93, Upper Warning: 1.08, Upper Danger: 1.13",WATCHLIST
STORJ/USDT,MATURE,0.09,Downward,-1,0.29,50,46.32,Neutral,-0.48,High Risk,Caution,0.0,19.8,D,Underweight,Conservative Allocation,-0.9842685750084835,"WATCHLIST: Reference return -0.5%, Safety 0.0/100, Risk: High Risk","Risk Reference Prices (Current: 0.09) | Lower Warning: 0.09, Lower Danger: 0.09, Upper Warning: 0.1, Upper Danger: 0.1",WATCHLIST
VITE/USDT,MATURE,0.0,Downward,-1,-1.78,40,30.34,Bearish,-5.61,High Risk,Caution,0.0,-1.7,D,Underweight,Conservative Allocation,-1.5799834009652074,"WATCHLIST: Reference return -5.6%, Safety 0.0/100, Risk: High Risk","Risk Reference Prices (Current: 0.00) | Lower Warning: 0.0, Lower Danger: 0.0, Upper Warning: 0.0, Upper Danger: 0.0",WATCHLIST
BAL/USDT,MATURE,0.97,Downward,-1,-0.3,45,33.49,Bearish,-4.38,High Risk,Caution,0.0,11.0,D,Underweight,Conservative Allocation,-0.7369440423053247,"WATCHLIST: Reference return -4.4%, Safety 0.0/100, Risk: High Risk","Risk Reference Prices (Current: 0.97) | Lower Warning: 0.92, Lower Danger: 0.87, Upper Warning: 1.02, Upper Danger: 1.06",WATCHLIST
SXT/USDT,MATURE,0.02,Downward,-1,0.18,50,37.29,Bearish,-4.23,High Risk,Caution,0.0,17.4,D,Underweight,Conservative Allocation,-2.1363637769386568,"WATCHLIST: Reference return -4.2%, Safety 0.0/100, Risk: High Risk","Risk Reference Prices (Current: 0.02) | Lower Warning: 0.02, Lower Danger: 0.01, Upper Warning: 0.02, Upper Danger: 0.02",WATCHLIST
BAT/USDT,MATURE,0.1,Downward,-1,0.3,50,40.75,Neutral,-1.98,High Risk,Caution,0.0,19.1,D,Underweight,Conservative Allocation,-0.21681186592199225,"WATCHLIST: Reference return -2.0%, Safety 0.0/100, Risk: High Risk","Risk Reference Prices (Current: 0.10) | Lower Warning: 0.09, Lower Danger: 0.09, Upper Warning: 0.1, Upper Danger: 0.11",WATCHLIST
GMT/USDT,MATURE,0.01,Downward,-1,0.36,60,41.78,Neutral,-3.33,High Risk,Caution,0.0,21.8,D,Underweight,Conservative Allocation,-1.8909593608788127,"WATCHLIST: Reference return -3.3%, Safety 0.0/100, Risk: High Risk","Risk Reference Prices (Current: 0.01) | Lower Warning: 0.01, Lower Danger: 0.01, Upper Warning: 0.01, Upper Danger: 0.01",WATCHLIST
BANANA/USDT,MATURE,3.34,Downward,-1,-0.37,35,39.84,Bearish,-3.6,High Risk,Caution,0.0,9.3,D,Underweight,Conservative Allocation,-1.9951309365730625,"WATCHLIST: Reference return -3.6%, Safety 0.0/100, Risk: High Risk","Risk Reference Prices (Current: 3.34) | Lower Warning: 3.17, Lower Danger: 3.01, Upper Warning: 3.51, Upper Danger: 3.67",WATCHLIST
AI/USDT,MATURE,0.02,Downward,-1,0.17,50,41.57,Neutral,-4.17,High Risk,Caution,0.0,17.9,D,Underweight,Conservative Allocation,-2.5346826992119045,"WATCHLIST: Reference return -4.2%, Safety 0.0/100, Risk: High Risk","Risk Reference Prices (Current: 0.02) | Lower Warning: 0.02, Lower Danger: 0.02, Upper Warning: 0.02, Upper Danger: 0.02",WATCHLIST
TLM/USDT,MATURE,0.0,Downward,-1,-1.63,55,47.1,Neutral,-1.78,High Risk,Caution,8.8,6.4,D,Underweight,Conservative Allocation,-1.3188213333088117,"WATCHLIST: Reference return -1.8%, Safety 8.8/100, Risk: High Risk","Risk Reference Prices (Current: 0.00) | Lower Warning: 0.0, Lower Danger: 0.0, Upper Warning: 0.0, Upper Danger: 0.0",WATCHLIST
ILV/USDT,MATURE,3.75,Downward,-1,1.09,65,47.03,Neutral,-2.8,High Risk,Caution,0.0,30.0,D,Underweight,Conservative Allocation,-1.6506892260579276,"WATCHLIST: Reference return -2.8%, Safety 0.0/100, Risk: High Risk","Risk Reference Prices (Current: 3.75) | Lower Warning: 3.56, Lower Danger: 3.38, Upper Warning: 3.94, Upper Danger: 4.12",WATCHLIST
CKB/USDT,MATURE,0.0,Downward,-1,0.18,50,42.18,Neutral,-2.47,High Risk,Caution,0.0,18.1,D,Underweight,Conservative Allocation,-1.7892313668090465,"WATCHLIST: Reference return -2.5%, Safety 0.0/100, Risk: High Risk","Risk Reference Prices (Current: 0.00) | Lower Warning: 0.0, Lower Danger: 0.0, Upper Warning: 0.0, Upper Danger: 0.0",WATCHLIST
XRPUP/USDT,MATURE,0.09,Downward,-1,-1.12,30,50.53,Neutral,-0.06,High Risk,Caution,0.0,3.4,D,Underweight,Conservative Allocation,-0.11051308502927226,"WATCHLIST: Reference return -0.1%, Safety 0.0/100, Risk: High Risk","Risk Reference Prices (Current: 0.09) | Lower Warning: 0.08, Lower Danger: 0.08, Upper Warning: 0.09, Upper Danger: 0.09",WATCHLIST
WOO/USDT,MATURE,0.02,Downward,-1,0.24,50,47.46,Neutral,-0.85,High Risk,Caution,0.0,19.5,D,Underweight,Conservative Allocation,-1.3556984857808028,"WATCHLIST: Reference return -0.9%, Safety 0.0/100, Risk: High Risk","Risk Reference Prices (Current: 0.02) | Lower Warning: 0.02, Lower Danger: 0.02, Upper Warning: 0.02, Upper Danger: 0.02",WATCHLIST
HOLO/USDT,MATURE,0.05,Downward,-1,0.19,50,45.41,Neutral,-1.45,High Risk,Caution,0.0,18.7,D,Underweight,Conservative Allocation,-1.926422045373109,"WATCHLIST: Reference return -1.5%, Safety 0.0/100, Risk: High Risk","Risk Reference Prices (Current: 0.05) | Lower Warning: 0.05, Lower Danger: 0.05, Upper Warning: 0.06, Upper Danger: 0.06",WATCHLIST
BURGER/USDT,MATURE,0.02,Downward,-1,-1.55,30,37.06,Bearish,-10.51,High Risk,Caution,0.0,-1.4,D,Underweight,Conservative Allocation,-1.7874976713977535,"WATCHLIST: Reference return -10.5%, Safety 0.0/100, Risk: High Risk","Risk Reference Prices (Current: 0.02) | Lower Warning: 0.02, Lower Danger: 0.02, Upper Warning: 0.02, Upper Danger: 0.02",WATCHLIST
KMD/USDT,MATURE,0.02,Downward,-1,-1.82,40,30.15,Bearish,-10.05,High Risk,Caution,0.0,-1.9,D,Underweight,Conservative Allocation,-2.9522895862138334,"WATCHLIST: Reference return -10.1%, Safety 0.0/100, Risk: High Risk","Risk Reference Prices (Current: 0.02) | Lower Warning: 0.02, Lower Danger: 0.01, Upper Warning: 0.02, Upper Danger: 0.02",WATCHLIST
GBP/USDT,MATURE,1.18,Downward,-1,-1.25,30,49.33,Neutral,-0.04,Low Risk,Safe,79.4,18.2,D,Underweight,Conservative Allocation,-0.9887168942104819,"WATCHLIST: Reference return -0.0%, Safety 79.4/100, Risk: Low Risk","Risk Reference Prices (Current: 1.18) | Lower Warning: 1.12, Lower Danger: 1.06, Upper Warning: 1.24, Upper Danger: 1.3",WATCHLIST
BNSOL/USDT,MATURE,90.5,Downward,-1,-1.28,35,56.25,Neutral,-1.5,High Risk,Caution,6.6,5.5,D,Underweight,Conservative Allocation,-1.7914467925691246,"WATCHLIST: Reference return -1.5%, Safety 6.6/100, Risk: High Risk","Risk Reference Prices (Current: 90.50) | Lower Warning: 85.98, Lower Danger: 81.45, Upper Warning: 95.02, Upper Danger: 99.55",WATCHLIST
DOTUP/USDT,MATURE,0.1,Downward,-1,-2.52,20,39.27,Bearish,-4.18,High Risk,Caution,0.0,-7.1,D,Underweight,Conservative Allocation,-1.0066658917952929,"WATCHLIST: Reference return -4.2%, Safety 0.0/100, Risk: High Risk","Risk Reference Prices (Current: 0.10) | Lower Warning: 0.09, Lower Danger: 0.09, Upper Warning: 0.1, Upper Danger: 0.11",WATCHLIST
LA/USDT,MATURE,0.18,Downward,-1,-2.07,20,43.99,Neutral,-1.0,High Risk,Caution,0.0,-4.9,D,Underweight,Conservative Allocation,-0.4179894540837729,"WATCHLIST: Reference return -1.0%, Safety 0.0/100, Risk: High Risk","Risk Reference Prices (Current: 0.18) | Lower Warning: 0.17, Lower Danger: 0.16, Upper Warning: 0.18, Upper Danger: 0.19",WATCHLIST
AKRO/USDT,MATURE,0.0,Downward,-1,-1.84,40,50.23,Neutral,-1.01,High Risk,Caution,0.0,1.0,D,Underweight,Conservative Allocation,-1.6079715543888875,"WATCHLIST: Reference return -1.0%, Safety 0.0/100, Risk: High Risk","Risk Reference Prices (Current: 0.00) | Lower Warning: 0.0, Lower Danger: 0.0, Upper Warning: 0.0, Upper Danger: 0.0",WATCHLIST
FIS/USDT,MATURE,0.02,Downward,-1,-2.12,10,30.46,Bearish,-7.9,High Risk,Caution,0.0,-9.1,D,Underweight,Conservative Allocation,-1.4023242040075732,"WATCHLIST: Reference return -7.9%, Safety 0.0/100, Risk: High Risk","Risk Reference Prices (Current: 0.02) | Lower Warning: 0.02, Lower Danger: 0.02, Upper Warning: 0.02, Upper Danger: 0.02",WATCHLIST
OAX/USDT,MATURE,0.04,Downward,-1,-1.66,40,45.53,Neutral,-0.81,High Risk,Caution,0.0,1.2,D,Underweight,Conservative Allocation,-1.5667345939812696,"WATCHLIST: Reference return -0.8%, Safety 0.0/100, Risk: High Risk","Risk Reference Prices (Current: 0.04) | Lower Warning: 0.03, Lower Danger: 0.03, Upper Warning: 0.04, Upper Danger: 0.04",WATCHLIST
DODO/USDT,MATURE,0.02,Downward,-1,1.98,85,47.65,Neutral,-0.69,High Risk,Caution,0.0,39.3,C,Caution,Risk Mitigation,-1.2960104163900101,"WATCHLIST: Reference return -0.7%, Safety 0.0/100, Risk: High Risk","Risk Reference Prices (Current: 0.02) | Lower Warning: 0.01, Lower Danger: 0.01, Upper Warning: 0.02, Upper Danger: 0.02",WATCHLIST
ZIL/USDT,MATURE,0.0,Downward,-1,0.17,50,44.62,Neutral,-0.74,High Risk,Caution,7.6,19.9,D,Underweight,Conservative Allocation,-1.3881696973251856,"WATCHLIST: Reference return -0.7%, Safety 7.6/100, Risk: High Risk","Risk Reference Prices (Current: 0.00) | Lower Warning: 0.0, Lower Danger: 0.0, Upper Warning: 0.0, Upper Danger: 0.0",WATCHLIST
HMSTR/USDT,MATURE,0.0,Downward,-1,0.17,50,41.02,Neutral,-2.81,High Risk,Caution,0.0,17.8,D,Underweight,Conservative Allocation,-1.7621849899343964,"WATCHLIST: Reference return -2.8%, Safety 0.0/100, Risk: High Risk","Risk Reference Prices (Current: 0.00) | Lower Warning: 0.0, Lower Danger: 0.0, Upper Warning: 0.0, Upper Danger: 0.0",WATCHLIST
BNBDOWN/USDT,MATURE,0.0,Downward,-1,-1.79,40,35.66,Bearish,-3.97,High Risk,Caution,0.0,-0.9,D,Underweight,Conservative Allocation,-2.6759267012019414,"WATCHLIST: Reference return -4.0%, Safety 0.0/100, Risk: High Risk","Risk Reference Prices (Current: 0.00) | Lower Warning: 0.0, Lower Danger: 0.0, Upper Warning: 0.0, Upper Danger: 0.0",WATCHLIST
ASTR/USDT,MATURE,0.01,Downward,-1,-1.28,35,47.2,Neutral,-0.4,High Risk,Caution,0.0,2.8,D,Underweight,Conservative Allocation,-1.5499060489829526,"WATCHLIST: Reference return -0.4%, Safety 0.0/100, Risk: High Risk","Risk Reference Prices (Current: 0.01) | Lower Warning: 0.01, Lower Danger: 0.01, Upper Warning: 0.01, Upper Danger: 0.01",WATCHLIST
HAEDAL/USDT,MATURE,0.03,Downward,-1,-1.5,45,49.78,Neutral,-1.18,High Risk,Caution,0.0,3.8,D,Underweight,Conservative Allocation,-2.5601622925294825,"WATCHLIST: Reference return -1.2%, Safety 0.0/100, Risk: High Risk","Risk Reference Prices (Current: 0.03) | Lower Warning: 0.03, Lower Danger: 0.03, Upper Warning: 0.03, Upper Danger: 0.03",WATCHLIST
TUSD/USDT,MATURE,1.0,Downward,-1,1.61,70,49.99,Neutral,-0.02,Low Risk,Safe,99.3,54.7,C+,Watchlist,Double Check,-4.8805320377031,"WATCHLIST: Reference return -0.0%, Safety 99.3/100, Risk: Low Risk","Risk Reference Prices (Current: 1.00) | Lower Warning: 0.95, Lower Danger: 0.9, Upper Warning: 1.05, Upper Danger: 1.1",WATCHLIST
DCR/USDT,MATURE,20.44,Upward,1,-2.6,30,44.41,Neutral,-2.31,High Risk,Caution,0.0,-4.6,D,Underweight,Conservative Allocation,0.7602294043426141,"WATCHLIST: Reference return -2.3%, Safety 0.0/100, Risk: High Risk","Risk Reference Prices (Current: 20.44) | Lower Warning: 19.42, Lower Danger: 18.4, Upper Warning: 21.46, Upper Danger: 22.48",WATCHLIST
ARPA/USDT,MATURE,0.01,Downward,-1,0.49,60,45.45,Neutral,-0.36,High Risk,Caution,15.7,26.8,D,Underweight,Conservative Allocation,-0.7052169804228184,"WATCHLIST: Reference return -0.4%, Safety 15.7/100, Risk: High Risk","Risk Reference Prices (Current: 0.01) | Lower Warning: 0.01, Lower Danger: 0.01, Upper Warning: 0.01, Upper Danger: 0.01",WATCHLIST
ETHDOWN/USDT,MATURE,0.05,Downward,-1,-1.98,40,33.87,Bearish,-4.68,High Risk,Caution,0.0,-2.1,D,Underweight,Conservative Allocation,-1.8408540840199572,"WATCHLIST: Reference return -4.7%, Safety 0.0/100, Risk: High Risk","Risk Reference Prices (Current: 0.05) | Lower Warning: 0.04, Lower Danger: 0.04, Upper Warning: 0.05, Upper Danger: 0.05",WATCHLIST
SYS/USDT,MATURE,0.01,Downward,-1,-1.26,35,40.58,Neutral,-2.6,High Risk,Caution,0.0,1.9,D,Underweight,Conservative Allocation,-1.8601104602834382,"WATCHLIST: Reference return -2.6%, Safety 0.0/100, Risk: High Risk","Risk Reference Prices (Current: 0.01) | Lower Warning: 0.01, Lower Danger: 0.01, Upper Warning: 0.01, Upper Danger: 0.01",WATCHLIST
TRXDOWN/USDT,MATURE,1.14,Upward,1,-1.02,45,51.56,Neutral,-1.61,High Risk,Caution,0.0,7.3,D,Underweight,Conservative Allocation,-0.31477434303834867,"WATCHLIST: Reference return -1.6%, Safety 0.0/100, Risk: High Risk","Risk Reference Prices (Current: 1.14) | Lower Warning: 1.08, Lower Danger: 1.03, Upper Warning: 1.2, Upper Danger: 1.25",WATCHLIST
WAL/USDT,MATURE,0.07,Downward,-1,-1.36,35,43.89,Neutral,-1.06,High Risk,Caution,0.0,1.8,D,Underweight,Conservative Allocation,-1.688733268775452,"WATCHLIST: Reference return -1.1%, Safety 0.0/100, Risk: High Risk","Risk Reference Prices (Current: 0.07) | Lower Warning: 0.07, Lower Danger: 0.06, Upper Warning: 0.07, Upper Danger: 0.08",WATCHLIST
GNO/USDT,MATURE,122.32,Downward,-1,-0.9,35,51.1,Neutral,1.82,Low Risk,Caution,37.2,16.7,D,Underweight,Conservative Allocation,-0.16686092888816761,"WATCHLIST: Reference return 1.8%, Safety 37.2/100, Risk: Low Risk","Risk Reference Prices (Current: 122.32) | Lower Warning: 116.2, Lower Danger: 110.09, Upper Warning: 128.44, Upper Danger: 134.55",WATCHLIST
VIDT/USDT,MATURE,0.0,Downward,-1,-3.16,30,49.27,Neutral,-1.06,High Risk,Caution,0.0,-5.0,D,Underweight,Conservative Allocation,-1.2685750209169822,"WATCHLIST: Reference return -1.1%, Safety 0.0/100, Risk: High Risk","Risk Reference Prices (Current: 0.00) | Lower Warning: 0.0, Lower Danger: 0.0, Upper Warning: 0.0, Upper Danger: 0.0",WATCHLIST
BADGER/USDT,MATURE,0.76,Downward,-1,0.39,55,24.66,Bearish,-9.85,High Risk,Caution,0.0,18.6,D,Underweight,Conservative Allocation,-1.6861356201289537,"WATCHLIST: Reference return -9.8%, Safety 0.0/100, Risk: High Risk","Risk Reference Prices (Current: 0.76) | Lower Warning: 0.72, Lower Danger: 0.69, Upper Warning: 0.8, Upper Danger: 0.84",WATCHLIST
F/USDT,MATURE,0.01,Downward,-1,-1.69,45,44.42,Neutral,-2.21,High Risk,Caution,0.0,1.9,D,Underweight,Conservative Allocation,-2.11899344061,"WATCHLIST: Reference return -2.2%, Safety 0.0/100, Risk: High Risk","Risk Reference Prices (Current: 0.01) | Lower Warning: 0.0, Lower Danger: 0.0, Upper Warning: 0.01, Upper Danger: 0.01",WATCHLIST
FIO/USDT,MATURE,0.01,Downward,-1,0.39,50,37.84,Bearish,-4.95,High Risk,Caution,0.0,19.5,D,Underweight,Conservative Allocation,-0.08767926991542112,"WATCHLIST: Reference return -5.0%, Safety 0.0/100, Risk: High Risk","Risk Reference Prices (Current: 0.01) | Lower Warning: 0.01, Lower Danger: 0.01, Upper Warning: 0.01, Upper Danger: 0.01",WATCHLIST
NKN/USDT,MATURE,0.01,Downward,-1,-0.32,45,43.48,Neutral,-0.85,High Risk,Caution,0.0,12.3,D,Underweight,Conservative Allocation,-0.7273857781129162,"WATCHLIST: Reference return -0.9%, Safety 0.0/100, Risk: High Risk","Risk Reference Prices (Current: 0.01) | Lower Warning: 0.01, Lower Danger: 0.01, Upper Warning: 0.01, Upper Danger: 0.01",WATCHLIST
DOTDOWN/USDT,MATURE,16.74,Upward,1,3.61,90,52.96,Neutral,1.15,High Risk,Caution,0.0,46.8,C+,Watchlist,Double Check,0.9760881684031847,"ATTENTION: Reference return 1.1%, Safety 0.0/100, Risk: High Risk","Risk Reference Prices (Current: 16.74) | Lower Warning: 15.9, Lower Danger: 15.06, Upper Warning: 17.57, Upper Danger: 18.41",ATTENTION
WNXM/USDT,MATURE,73.26,Upward,1,-0.86,55,56.78,Neutral,-0.08,Low Risk,Mediate,46.8,20.8,D,Underweight,Conservative Allocation,1.482825700730208,"WATCHLIST: Reference return -0.1%, Safety 46.8/100, Risk: Low Risk","Risk Reference Prices (Current: 73.26) | Lower Warning: 69.6, Lower Danger: 65.93, Upper Warning: 76.92, Upper Danger: 80.59",WATCHLIST
LINA/USDT,MATURE,0.0,Downward,-1,-1.75,40,30.21,Bearish,-10.17,High Risk,Caution,0.0,-1.5,D,Underweight,Conservative Allocation,-1.597502944687741,"WATCHLIST: Reference return -10.2%, Safety 0.0/100, Risk: High Risk","Risk Reference Prices (Current: 0.00) | Lower Warning: 0.0, Lower Danger: 0.0, Upper Warning: 0.0, Upper Danger: 0.0",WATCHLIST
IOTX/USDT,MATURE,0.0,Downward,-1,-2.25,10,42.95,Neutral,-2.45,High Risk,Caution,0.0,-7.7,D,Underweight,Conservative Allocation,-2.172015488842903,"WATCHLIST: Reference return -2.5%, Safety 0.0/100, Risk: High Risk","Risk Reference Prices (Current: 0.00) | Lower Warning: 0.0, Lower Danger: 0.0, Upper Warning: 0.0, Upper Danger: 0.01",WATCHLIST
SLP/USDT,MATURE,0.0,Downward,-1,-1.47,45,45.81,Neutral,-1.74,High Risk,Caution,0.0,3.3,D,Underweight,Conservative Allocation,-1.4158142397908728,"WATCHLIST: Reference return -1.7%, Safety 0.0/100, Risk: High Risk","Risk Reference Prices (Current: 0.00) | Lower Warning: 0.0, Lower Danger: 0.0, Upper Warning: 0.0, Upper Danger: 0.0",WATCHLIST
TFUEL/USDT,MATURE,0.01,Downward,-1,0.32,60,40.76,Neutral,-3.26,High Risk,Caution,7.3,22.7,D,Underweight,Conservative Allocation,-2.0912188690954383,"WATCHLIST: Reference return -3.3%, Safety 7.3/100, Risk: High Risk","Risk Reference Prices (Current: 0.01) | Lower Warning: 0.01, Lower Danger: 0.01, Upper Warning: 0.01, Upper Danger: 0.01",WATCHLIST
AVA/USDT,MATURE,0.2,Downward,-1,0.25,50,43.96,Neutral,-1.89,High Risk,Caution,0.0,19.1,D,Underweight,Conservative Allocation,-1.2566822049672937,"WATCHLIST: Reference return -1.9%, Safety 0.0/100, Risk: High Risk","Risk Reference Prices (Current: 0.20) | Lower Warning: 0.19, Lower Danger: 0.18, Upper Warning: 0.21, Upper Danger: 0.22",WATCHLIST
VELODROME/USDT,MATURE,0.01,Downward,-1,-2.14,10,47.84,Neutral,-0.49,High Risk,Caution,0.0,-6.6,D,Underweight,Conservative Allocation,-1.379000717777084,"WATCHLIST: Reference return -0.5%, Safety 0.0/100, Risk: High Risk","Risk Reference Prices (Current: 0.01) | Lower Warning: 0.01, Lower Danger: 0.01, Upper Warning: 0.01, Upper Danger: 0.01",WATCHLIST
CHESS/USDT,MATURE,0.0,Downward,-1,-1.56,30,40.14,Neutral,-3.15,High Risk,Caution,0.0,-1.0,D,Underweight,Conservative Allocation,-2.165394417903421,"WATCHLIST: Reference return -3.1%, Safety 0.0/100, Risk: High Risk","Risk Reference Prices (Current: 0.00) | Lower Warning: 0.0, Lower Danger: 0.0, Upper Warning: 0.0, Upper Danger: 0.0",WATCHLIST
LINKUP/USDT,MATURE,0.01,Downward,-1,-0.9,35,48.07,Neutral,-3.42,High Risk,Caution,0.0,5.8,D,Underweight,Conservative Allocation,-0.0687178956458017,"WATCHLIST: Reference return -3.4%, Safety 0.0/100, Risk: High Risk","Risk Reference Prices (Current: 0.01) | Lower Warning: 0.01, Lower Danger: 0.01, Upper Warning: 0.01, Upper Danger: 0.01",WATCHLIST
VOXEL/USDT,MATURE,0.01,Downward,-1,-1.25,20,35.45,Bearish,-5.47,High Risk,Caution,0.0,-1.8,D,Underweight,Conservative Allocation,-1.5051822440092286,"WATCHLIST: Reference return -5.5%, Safety 0.0/100, Risk: High Risk","Risk Reference Prices (Current: 0.01) | Lower Warning: 0.01, Lower Danger: 0.01, Upper Warning: 0.01, Upper Danger: 0.02",WATCHLIST
ICX/USDT,MATURE,0.04,Downward,-1,0.47,70,43.86,Neutral,-1.13,High Risk,Caution,0.0,25.2,D,Underweight,Conservative Allocation,-2.038783388326985,"WATCHLIST: Reference return -1.1%, Safety 0.0/100, Risk: High Risk","Risk Reference Prices (Current: 0.04) | Lower Warning: 0.03, Lower Danger: 0.03, Upper Warning: 0.04, Upper Danger: 0.04",WATCHLIST
FARM/USDT,MATURE,11.73,Downward,-1,0.21,50,48.09,Neutral,-0.81,High Risk,Caution,19.2,23.1,D,Underweight,Conservative Allocation,-1.7228467906579872,"WATCHLIST: Reference return -0.8%, Safety 19.2/100, Risk: High Risk","Risk Reference Prices (Current: 11.73) | Lower Warning: 11.14, Lower Danger: 10.56, Upper Warning: 12.32, Upper Danger: 12.9",WATCHLIST
AUCTION/USDT,MATURE,4.68,Downward,-1,0.4,60,46.61,Neutral,-1.22,High Risk,Caution,23.3,27.6,D,Underweight,Conservative Allocation,-0.30353821787534774,"WATCHLIST: Reference return -1.2%, Safety 23.3/100, Risk: High Risk","Risk Reference Prices (Current: 4.68) | Lower Warning: 4.45, Lower Danger: 4.21, Upper Warning: 4.91, Upper Danger: 5.15",WATCHLIST
XVS/USDT,MATURE,2.71,Downward,-1,0.26,50,44.8,Neutral,-2.12,High Risk,Caution,2.4,19.8,D,Underweight,Conservative Allocation,-1.058622041971293,"WATCHLIST: Reference return -2.1%, Safety 2.4/100, Risk: High Risk","Risk Reference Prices (Current: 2.71) | Lower Warning: 2.57, Lower Danger: 2.44, Upper Warning: 2.85, Upper Danger: 2.98",WATCHLIST
WAN/USDT,MATURE,0.07,Downward,-1,-1.1,35,50.53,Neutral,0.49,Low Risk,Mediate,41.0,13.6,D,Underweight,Conservative Allocation,-0.9825552405827488,"WATCHLIST: Reference return 0.5%, Safety 41.0/100, Risk: Low Risk","Risk Reference Prices (Current: 0.07) | Lower Warning: 0.06, Lower Danger: 0.06, Upper Warning: 0.07, Upper Danger: 0.07",WATCHLIST
NEWT/USDT,MATURE,0.07,Downward,-1,-1.34,45,46.53,Neutral,-0.71,High Risk,Caution,0.0,4.3,D,Underweight,Conservative Allocation,-1.8611733578466818,"WATCHLIST: Reference return -0.7%, Safety 0.0/100, Risk: High Risk","Risk Reference Prices (Current: 0.07) | Lower Warning: 0.06, Lower Danger: 0.06, Upper Warning: 0.07, Upper Danger: 0.07",WATCHLIST
BNBUP/USDT,MATURE,61.8,Upward,1,1.75,85,58.93,Neutral,5.26,Low Risk,Caution,23.3,53.0,C+,Watchlist,Double Check,1.6947002248030663,"WATCHLIST: Reference return 5.3%, Safety 23.3/100, Risk: Low Risk","Risk Reference Prices (Current: 61.80) | Lower Warning: 58.71, Lower Danger: 55.62, Upper Warning: 64.89, Upper Danger: 67.98",WATCHLIST
NULS/USDT,MATURE,0.03,Downward,-1,-1.84,40,25.97,Bearish,-9.25,High Risk,Caution,0.0,-2.6,D,Underweight,Conservative Allocation,-2.51881998226333,"WATCHLIST: Reference return -9.2%, Safety 0.0/100, Risk: High Risk","Risk Reference Prices (Current: 0.03) | Lower Warning: 0.02, Lower Danger: 0.02, Upper Warning: 0.03, Upper Danger: 0.03",WATCHLIST
BTCDOWN/USDT,MATURE,0.0,Downward,-1,-1.77,40,38.13,Bearish,-3.61,High Risk,Caution,0.0,-0.5,D,Underweight,Conservative Allocation,-2.489991788196656,"WATCHLIST: Reference return -3.6%, Safety 0.0/100, Risk: High Risk","Risk Reference Prices (Current: 0.00) | Lower Warning: 0.0, Lower Danger: 0.0, Upper Warning: 0.0, Upper Danger: 0.0",WATCHLIST
XRPDOWN/USDT,MATURE,0.0,Downward,-1,1.59,75,40.99,Neutral,-1.26,High Risk,Caution,0.0,34.4,D,Underweight,Conservative Allocation,-0.33501112151429624,"WATCHLIST: Reference return -1.3%, Safety 0.0/100, Risk: High Risk","Risk Reference Prices (Current: 0.00) | Lower Warning: 0.0, Lower Danger: 0.0, Upper Warning: 0.0, Upper Danger: 0.0",WATCHLIST
MLN/USDT,MATURE,3.23,Downward,-1,0.39,50,45.81,Neutral,-1.67,High Risk,Caution,0.0,20.7,D,Underweight,Conservative Allocation,-0.2161683775360177,"WATCHLIST: Reference return -1.7%, Safety 0.0/100, Risk: High Risk","Risk Reference Prices (Current: 3.23) | Lower Warning: 3.07, Lower Danger: 2.91, Upper Warning: 3.39, Upper Danger: 3.55",WATCHLIST
LUMIA/USDT,MATURE,0.07,Downward,-1,1.29,75,49.75,Neutral,1.2,High Risk,Caution,0.0,35.8,C,Caution,Risk Mitigation,-1.4248113170236365,"WATCHLIST: Reference return 1.2%, Safety 0.0/100, Risk: High Risk","Risk Reference Prices (Current: 0.07) | Lower Warning: 0.07, Lower Danger: 0.07, Upper Warning: 0.08, Upper Danger: 0.08",WATCHLIST
MTL/USDT,MATURE,0.29,Downward,-1,1.03,65,47.69,Neutral,-0.36,High Risk,Caution,13.6,32.3,D,Underweight,Conservative Allocation,-1.5796066184922781,"WATCHLIST: Reference return -0.4%, Safety 13.6/100, Risk: High Risk","Risk Reference Prices (Current: 0.29) | Lower Warning: 0.27, Lower Danger: 0.26, Upper Warning: 0.3, Upper Danger: 0.32",WATCHLIST
RVN/USDT,MATURE,0.01,Downward,-1,1.78,85,47.52,Neutral,-0.66,High Risk,Caution,16.6,41.7,C,Caution,Risk Mitigation,-1.364733544725944,"WATCHLIST: Reference return -0.7%, Safety 16.6/100, Risk: High Risk","Risk Reference Prices (Current: 0.01) | Lower Warning: 0.01, Lower Danger: 0.01, Upper Warning: 0.01, Upper Danger: 0.01",WATCHLIST
BTCUP/USDT,MATURE,16.6,Upward,1,1.73,85,55.61,Neutral,1.38,Low Risk,Caution,23.7,46.4,C+,Watchlist,Double Check,2.0590885929221856,"WATCHLIST: Reference return 1.4%, Safety 23.7/100, Risk: Low Risk","Risk Reference Prices (Current: 16.60) | Lower Warning: 15.77, Lower Danger: 14.94, Upper Warning: 17.43, Upper Danger: 18.26",WATCHLIST
OSMO/USDT,MATURE,0.03,Downward,-1,0.32,60,41.52,Neutral,-2.37,High Risk,Caution,0.0,21.4,D,Underweight,Conservative Allocation,-2.674831746333314,"WATCHLIST: Reference return -2.4%, Safety 0.0/100, Risk: High Risk","Risk Reference Prices (Current: 0.03) | Lower Warning: 0.03, Lower Danger: 0.03, Upper Warning: 0.03, Upper Danger: 0.03",WATCHLIST
TROY/USDT,MATURE,0.0,Downward,-1,-1.64,40,34.15,Bearish,-10.07,High Risk,Caution,0.0,-0.4,D,Underweight,Conservative Allocation,-0.9189509399964881,"WATCHLIST: Reference return -10.1%, Safety 0.0/100, Risk: High Risk","Risk Reference Prices (Current: 0.00) | Lower Warning: 0.0, Lower Danger: 0.0, Upper Warning: 0.0, Upper Danger: 0.0",WATCHLIST
BAND/USDT,MATURE,0.21,Downward,-1,0.18,50,44.5,Neutral,-1.15,High Risk,Caution,3.0,19.1,D,Underweight,Conservative Allocation,-1.7549880666165736,"WATCHLIST: Reference return -1.1%, Safety 3.0/100, Risk: High Risk","Risk Reference Prices (Current: 0.21) | Lower Warning: 0.2, Lower Danger: 0.19, Upper Warning: 0.22, Upper Danger: 0.23",WATCHLIST
TRXUP/USDT,MATURE,0.04,Downward,-1,0.52,70,41.77,Neutral,1.12,High Risk,Caution,0.0,27.2,D,Underweight,Conservative Allocation,-0.32475338436925355,"WATCHLIST: Reference return 1.1%, Safety 0.0/100, Risk: High Risk","Risk Reference Prices (Current: 0.04) | Lower Warning: 0.04, Lower Danger: 0.03, Upper Warning: 0.04, Upper Danger: 0.04",WATCHLIST
RIF/USDT,MATURE,0.03,Upward,1,-1.11,35,48.06,Neutral,-0.13,High Risk,Caution,11.4,6.4,D,Underweight,Conservative Allocation,-0.7901210735906739,"WATCHLIST: Reference return -0.1%, Safety 11.4/100, Risk: High Risk","Risk Reference Prices (Current: 0.03) | Lower Warning: 0.03, Lower Danger: 0.03, Upper Warning: 0.04, Upper Danger: 0.04",WATCHLIST
XEC/USDT,MATURE,0.0,Downward,-1,0.18,50,42.81,Neutral,-2.32,High Risk,Caution,9.0,20.0,D,Underweight,Conservative Allocation,-2.019446619062562,"WATCHLIST: Reference return -2.3%, Safety 9.0/100, Risk: High Risk","Risk Reference Prices (Current: 0.00) | Lower Warning: 0.0, Lower Danger: 0.0, Upper Warning: 0.0, Upper Danger: 0.0",WATCHLIST
HARD/USDT,MATURE,0.01,Downward,-1,-1.73,40,52.65,Neutral,2.14,High Risk,Caution,0.0,5.5,D,Underweight,Conservative Allocation,-1.5102640995972325,"WATCHLIST: Reference return 2.1%, Safety 0.0/100, Risk: High Risk","Risk Reference Prices (Current: 0.01) | Lower Warning: 0.01, Lower Danger: 0.01, Upper Warning: 0.01, Upper Danger: 0.01",WATCHLIST
RLC/USDT,MATURE,0.42,Downward,-1,1.09,65,45.76,Neutral,-0.71,High Risk,Caution,0.0,29.8,D,Underweight,Conservative Allocation,-1.6530210175227145,"WATCHLIST: Reference return -0.7%, Safety 0.0/100, Risk: High Risk","Risk Reference Prices (Current: 0.42) | Lower Warning: 0.4, Lower Danger: 0.38, Upper Warning: 0.44, Upper Danger: 0.46",WATCHLIST
JOE/USDT,MATURE,0.04,Downward,-1,-1.33,35,47.8,Neutral,-0.55,High Risk,Caution,0.0,2.5,D,Underweight,Conservative Allocation,-2.322714202729388,"WATCHLIST: Reference return -0.5%, Safety 0.0/100, Risk: High Risk","Risk Reference Prices (Current: 0.04) | Lower Warning: 0.04, Lower Danger: 0.03, Upper Warning: 0.04, Upper Danger: 0.04",WATCHLIST
FLUX/USDT,MATURE,0.05,Downward,-1,0.92,65,38.1,Bearish,-4.06,High Risk,Caution,0.0,27.3,D,Underweight,Conservative Allocation,-0.6393601613507063,"WATCHLIST: Reference return -4.1%, Safety 0.0/100, Risk: High Risk","Risk Reference Prices (Current: 0.05) | Lower Warning: 0.05, Lower Danger: 0.05, Upper Warning: 0.06, Upper Danger: 0.06",WATCHLIST
WAXP/USDT,MATURE,0.01,Downward,-1,-1.51,55,46.84,Neutral,0.16,High Risk,Caution,0.0,5.5,D,Underweight,Conservative Allocation,-1.6151251496125922,"WATCHLIST: Reference return 0.2%, Safety 0.0/100, Risk: High Risk","Risk Reference Prices (Current: 0.01) | Lower Warning: 0.01, Lower Danger: 0.01, Upper Warning: 0.01, Upper Danger: 0.01",WATCHLIST
GLMR/USDT,MATURE,0.01,Downward,-1,-0.51,25,38.77,Bearish,-2.61,High Risk,Caution,0.0,5.8,D,Underweight,Conservative Allocation,-2.4694028114240347,"WATCHLIST: Reference return -2.6%, Safety 0.0/100, Risk: High Risk","Risk Reference Prices (Current: 0.01) | Lower Warning: 0.01, Lower Danger: 0.01, Upper Warning: 0.01, Upper Danger: 0.01",WATCHLIST
TKO/USDT,MATURE,0.05,Downward,-1,0.47,70,42.22,Neutral,-2.09,High Risk,Caution,5.4,26.0,D,Underweight,Conservative Allocation,-2.5211941614120525,"WATCHLIST: Reference return -2.1%, Safety 5.4/100, Risk: High Risk","Risk Reference Prices (Current: 0.05) | Lower Warning: 0.05, Lower Danger: 0.05, Upper Warning: 0.05, Upper Danger: 0.06",WATCHLIST
IQ/USDT,MATURE,0.0,Downward,-1,0.2,50,44.0,Neutral,-2.2,High Risk,Caution,2.1,19.0,D,Underweight,Conservative Allocation,-2.869739694386982,"WATCHLIST: Reference return -2.2%, Safety 2.1/100, Risk: High Risk","Risk Reference Prices (Current: 0.00) | Lower Warning: 0.0, Lower Danger: 0.0, Upper Warning: 0.0, Upper Danger: 0.0",WATCHLIST
KEY/USDT,MATURE,0.0,Downward,-1,-1.26,20,39.13,Bearish,-3.5,High Risk,Caution,0.0,-1.3,D,Underweight,Conservative Allocation,-1.8052183955305343,"WATCHLIST: Reference return -3.5%, Safety 0.0/100, Risk: High Risk","Risk Reference Prices (Current: 0.00) | Lower Warning: 0.0, Lower Danger: 0.0, Upper Warning: 0.0, Upper Danger: 0.0",WATCHLIST
BNT/USDT,MATURE,0.29,Downward,-1,0.38,60,47.53,Neutral,-0.84,High Risk,Caution,12.4,25.4,D,Underweight,Conservative Allocation,-1.843652380725989,"WATCHLIST: Reference return -0.8%, Safety 12.4/100, Risk: High Risk","Risk Reference Prices (Current: 0.29) | Lower Warning: 0.28, Lower Danger: 0.26, Upper Warning: 0.31, Upper Danger: 0.32",WATCHLIST
XNO/USDT,MATURE,0.45,Downward,-1,0.62,70,41.02,Neutral,-3.03,High Risk,Caution,0.0,26.2,D,Underweight,Conservative Allocation,-0.4135543240140402,"WATCHLIST: Reference return -3.0%, Safety 0.0/100, Risk: High Risk","Risk Reference Prices (Current: 0.45) | Lower Warning: 0.43, Lower Danger: 0.41, Upper Warning: 0.48, Upper Danger: 0.5",WATCHLIST
GTC/USDT,MATURE,0.08,Downward,-1,-3.05,30,41.28,Neutral,-3.64,High Risk,Caution,0.0,-6.0,D,Underweight,Conservative Allocation,-2.1990788708726265,"WATCHLIST: Reference return -3.6%, Safety 0.0/100, Risk: High Risk","Risk Reference Prices (Current: 0.07) | Lower Warning: 0.07, Lower Danger: 0.07, Upper Warning: 0.08, Upper Danger: 0.08",WATCHLIST
HIVE/USDT,MATURE,0.06,Downward,-1,0.19,50,41.7,Neutral,-1.93,High Risk,Caution,2.5,18.7,D,Underweight,Conservative Allocation,-2.293341842756324,"WATCHLIST: Reference return -1.9%, Safety 2.5/100, Risk: High Risk","Risk Reference Prices (Current: 0.06) | Lower Warning: 0.06, Lower Danger: 0.05, Upper Warning: 0.06, Upper Danger: 0.06",WATCHLIST
POND/USDT,MATURE,0.0,Downward,-1,0.18,50,42.72,Neutral,-1.64,High Risk,Caution,4.0,19.0,D,Underweight,Conservative Allocation,-2.7239138274260473,"WATCHLIST: Reference return -1.6%, Safety 4.0/100, Risk: High Risk","Risk Reference Prices (Current: 0.00) | Lower Warning: 0.0, Lower Danger: 0.0, Upper Warning: 0.0, Upper Danger: 0.0",WATCHLIST
PROS/USDT,MATURE,0.04,Downward,-1,-0.71,30,42.23,Neutral,-8.35,High Risk,Caution,0.0,5.5,D,Underweight,Conservative Allocation,-0.16136961282026263,"WATCHLIST: Reference return -8.3%, Safety 0.0/100, Risk: High Risk","Risk Reference Prices (Current: 0.04) | Lower Warning: 0.04, Lower Danger: 0.03, Upper Warning: 0.04, Upper Danger: 0.04",WATCHLIST
DATA/USDT,MATURE,0.0,Downward,-1,-1.61,30,31.82,Bearish,-7.4,High Risk,Caution,0.0,-2.6,D,Underweight,Conservative Allocation,-2.851065529071484,"WATCHLIST: Reference return -7.4%, Safety 0.0/100, Risk: High Risk","Risk Reference Prices (Current: 0.00) | Lower Warning: 0.0, Lower Danger: 0.0, Upper Warning: 0.0, Upper Danger: 0.0",WATCHLIST
BICO/USDT,MATURE,0.02,Downward,-1,0.36,60,43.75,Neutral,-3.26,High Risk,Caution,0.0,22.1,D,Underweight,Conservative Allocation,-2.1764980572120107,"WATCHLIST: Reference return -3.3%, Safety 0.0/100, Risk: High Risk","Risk Reference Prices (Current: 0.02) | Lower Warning: 0.02, Lower Danger: 0.02, Upper Warning: 0.02, Upper Danger: 0.03",WATCHLIST
QI/USDT,MATURE,0.0,Downward,-1,-0.49,45,35.66,Bearish,-4.54,High Risk,Caution,0.0,9.5,D,Underweight,Conservative Allocation,-2.354494290598728,"WATCHLIST: Reference return -4.5%, Safety 0.0/100, Risk: High Risk","Risk Reference Prices (Current: 0.00) | Lower Warning: 0.0, Lower Danger: 0.0, Upper Warning: 0.0, Upper Danger: 0.0",WATCHLIST
LINKDOWN/USDT,MATURE,0.0,Downward,-1,-2.85,20,38.85,Bearish,-4.62,High Risk,Caution,0.0,-8.0,D,Underweight,Conservative Allocation,-1.205593257613923,"WATCHLIST: Reference return -4.6%, Safety 0.0/100, Risk: High Risk","Risk Reference Prices (Current: 0.00) | Lower Warning: 0.0, Lower Danger: 0.0, Upper Warning: 0.0, Upper Danger: 0.0",WATCHLIST
GHST/USDT,MATURE,0.11,Downward,-1,0.53,70,43.35,Neutral,-1.37,High Risk,Caution,0.0,25.7,D,Underweight,Conservative Allocation,-0.6384721116420642,"WATCHLIST: Reference return -1.4%, Safety 0.0/100, Risk: High Risk","Risk Reference Prices (Current: 0.11) | Lower Warning: 0.1, Lower Danger: 0.1, Upper Warning: 0.11, Upper Danger: 0.12",WATCHLIST
PUNDIX/USDT,MATURE,0.14,Downward,-1,0.24,50,43.54,Neutral,-1.17,High Risk,Caution,15.9,22.1,D,Underweight,Conservative Allocation,-1.3637677983634657,"WATCHLIST: Reference return -1.2%, Safety 15.9/100, Risk: High Risk","Risk Reference Prices (Current: 0.14) | Lower Warning: 0.14, Lower Danger: 0.13, Upper Warning: 0.15, Upper Danger: 0.16",WATCHLIST
UFT/USDT,MATURE,0.01,Downward,-1,-1.66,30,23.04,Bearish,-13.8,High Risk,Caution,0.0,-4.2,D,Underweight,Conservative Allocation,-3.100572781369489,"WATCHLIST: Reference return -13.8%, Safety 0.0/100, Risk: High Risk","Risk Reference Prices (Current: 0.01) | Lower Warning: 0.01, Lower Danger: 0.01, Upper Warning: 0.01, Upper Danger: 0.01",WATCHLIST
DF/USDT,MATURE,0.0,Downward,-1,-1.76,40,39.62,Bearish,-4.04,High Risk,Caution,0.0,-0.2,D,Underweight,Conservative Allocation,-2.025897642935993,"WATCHLIST: Reference return -4.0%, Safety 0.0/100, Risk: High Risk","Risk Reference Prices (Current: 0.00) | Lower Warning: 0.0, Lower Danger: 0.0, Upper Warning: 0.0, Upper Danger: 0.0",WATCHLIST
AST/USDT,MATURE,0.03,Downward,-1,-1.88,40,32.77,Bearish,-6.57,High Risk,Caution,0.0,-1.8,D,Underweight,Conservative Allocation,-1.237408784978967,"WATCHLIST: Reference return -6.6%, Safety 0.0/100, Risk: High Risk","Risk Reference Prices (Current: 0.03) | Lower Warning: 0.02, Lower Danger: 0.02, Upper Warning: 0.03, Upper Danger: 0.03",WATCHLIST
IOST/USDT,MATURE,0.0,Downward,-1,0.22,50,43.56,Neutral,-0.93,High Risk,Caution,3.8,19.5,D,Underweight,Conservative Allocation,-1.6804512347694238,"WATCHLIST: Reference return -0.9%, Safety 3.8/100, Risk: High Risk","Risk Reference Prices (Current: 0.00) | Lower Warning: 0.0, Lower Danger: 0.0, Upper Warning: 0.0, Upper Danger: 0.0",WATCHLIST
RPL/USDT,MATURE,1.76,Downward,-1,0.44,60,49.78,Neutral,-2.41,High Risk,Caution,0.0,23.8,D,Underweight,Conservative Allocation,-1.078068539239175,"WATCHLIST: Reference return -2.4%, Safety 0.0/100, Risk: High Risk","Risk Reference Prices (Current: 1.76) | Lower Warning: 1.67, Lower Danger: 1.58, Upper Warning: 1.85, Upper Danger: 1.94",WATCHLIST
ATA/USDT,MATURE,0.01,Downward,-1,-0.47,45,38.7,Bearish,-5.28,High Risk,Caution,0.0,10.2,D,Underweight,Conservative Allocation,-2.3714276819556113,"WATCHLIST: Reference return -5.3%, Safety 0.0/100, Risk: High Risk","Risk Reference Prices (Current: 0.01) | Lower Warning: 0.01, Lower Danger: 0.01, Upper Warning: 0.01, Upper Danger: 0.01",WATCHLIST
